age,height_cm,weight_kg,body fat_%,diastolic,systolic,gripForce,sit and bend forward_cm,sit-ups counts,broad jump_cm,class
27,172.3,75.24,21.3,80,130,54.9,18.4,60,217,C
25,165,55.8,15.7,77,126,36.4,16.3,53,229,A
31,179.6,78,20.1,92,152,44.8,12,49,181,C
32,174.5,71.1,18.4,76,147,41.4,15.2,53,219,B
28,173.8,67.7,17.1,70,127,43.5,27.1,45,217,B
36,165.4,55.4,22,64,119,23.8,21,27,153,B
42,164.5,63.7,32.2,72,135,22.7,0.8,18,146,D
33,174.9,77.2,36.9,84,137,45.9,12.3,42,234,B
54,166.8,67.5,27.6,85,165,40.4,18.6,34,148,C
28,185,84.6,14.4,81,156,57.9,12.1,55,213,B
42,169.2,65.4,19.3,63,110,43.5,16,68,211,A
57,153,49,20.9,69,106,21.5,30,0,90,D
27,156,53.9,35.5,69,116,23.1,13.1,28,144,C
22,175.7,67.9,11.3,71,103,52.5,19.2,55,232,C
24,181,84.4,20.4,80,120,48.9,7.2,54,213,C
45,159,63.1,30.9,93,144,34.1,19,30,155,A
25,164.2,66.6,30.2,82,120,25.7,22.9,39,178,C
26,179.9,71.5,9.7,64,135,59.6,17.8,61,239,A
26,169.2,70.6,21,63,129,41.3,15.1,53,225,B
21,162.7,47.2,18.9,78,133,25.4,20.5,36,137,B
25,161.7,63.36,31.3,89,128,25,10.7,39,160,C
59,155.9,62.7,30.2,76,143,36.8,29.1,25,122,A
38,166.7,67.3,23.2,70,111,26.1,19.7,62,215,D
44,170,63.3,12.9,65,115,44.5,11.6,49,196,B
23,164.1,59.4,29.6,91,126,24.6,27.5,32,169,C
62,169,70.7,30.5,96,146,39.3,4,43,131,C
47,158.3,53.5,29.2,70,117,25.9,8.1,32,151,D
48,175.8,84.5,31.4,83,125,33.8,3.7,24,211,D
36,176,81.3,24.5,81,139,46.2,8.1,54,232,C
50,159.8,57.1,24.4,63,103,30.8,24.4,30,143,A
25,170.9,70.7,15.7,80,127,36.4,26.4,38,246,C
26,176.7,77.2,16.3,66,129,50,9.1,51,223,C
28,159.5,51.54,24.5,82,123,37.2,23,37,145,A
30,172.1,79.5,26.7,91,148,34.7,-2,40,192,D
49,151.5,52,27.6,77,144,23.8,21.3,39,154,B
40,177.6,88.6,20.3,93,138,51.5,12.1,54,224,C
21,172.5,66.4,12.5,82,130,51.2,6.3,46,178,D
31,177.5,79.5,23,90,148,51.2,18.4,62,208,A
32,178,84.5,21.2,68,130,52.3,16.2,62,232,A
27,177.6,79.7,22.8,59,108,48,1.8,59,219,D
42,168,61,14.9,94,151,28.9,1,32,230,D
52,173.6,84.9,30.3,93,144,42,9,43,185,D
39,173.3,69.8,23.8,76,137,40,18.2,38,227,C
33,159.6,60.5,32.1,62,106,21.9,22.2,24,129,C
25,161.8,57.7,21.7,74,115,29.3,26.6,50,190,A
31,169.9,73.1,19.2,97,145,45,14.5,37,249,D
34,183.6,76.82,16.3,80,120,46.3,14.2,55,220,B
26,172.1,66.1,24.9,62,102,19.9,-9.9,44,159,D
28,180.1,82.1,15,83,147,52.6,18.8,55,247,A
58,164.2,64,19.8,93,150,36.8,18.3,38,205,B
48,169.8,75.4,14.7,94,149,51.4,24.7,55,246,A
23,180.1,65.9,14.4,72,130,45.4,18.1,56,234,A
38,157.2,51.7,27.3,64,106,25.1,14.7,19,139,C
43,168.3,69.3,31.9,88,139,32.1,20.2,33,164,B
21,159.5,51.3,35.8,80,122,16.6,2.1,5,105,D
56,166.7,56.9,16.5,90,147,41.6,17.8,30,198,B
24,164.4,66.2,17.1,63,110,40.2,16.2,43,232,C
58,146.5,46.4,32.9,71,127,18.7,17.4,20,111,C
42,174.1,103.1,30.5,78,123,50.7,3.6,25,153,D
45,185.4,80,21.9,93,144,46.2,7.1,22,205,D
37,168.9,78.8,23.4,88,144,42.1,20.9,47,241,C
31,175.3,83.6,30.1,93,152,45.9,7.2,55,193,D
43,164,50.8,22.4,88,124,24,13.5,28,160,C
23,162.4,58.9,29.6,71,119,28.1,25.5,48,178,A
59,165,63.7,31.4,77,120,20.8,25.5,30,120,B
63,166.6,75.5,31.6,62,122,34.1,6.7,17,140,D
40,174.2,77.6,17.8,85,133,49.5,12.1,48,213,B
27,150.5,55.7,39.6,66,114,29.7,13.4,23,159,D
56,160.2,62.4,33.3,67,103,28.8,20.7,15,133,B
35,179,75,10.7,74,129,47.7,16.6,54,233,A
30,172.7,78,26.6,79,140,36.9,3.4,25,218,D
56,160.2,62.7,30.2,85,140,35.4,9.5,27,184,C
36,171.5,80.5,21.5,86,153,46.7,16.8,53,220,A
60,175.1,66.5,17.3,85,125,40.4,13.9,31,211,C
22,172.2,70.6,24.3,70,118,36.7,9.8,50,213,D
22,171.9,78.46,22.9,64,116,43.6,-9.3,46,219,D
37,174,75.2,18.5,82,142,39.7,20.5,50,224,B
21,158.1,53.6,27.63524,70,115,18.9,12.4,17,116,D
21,170.4,74.3,19.5,82,157,45.6,12.7,54,194,B
60,158.6,62.7,34.6,80,137,29.3,18.4,12,132,B
27,168.5,64.2,26.2,76,108,25.2,23.1,18,164,D
59,156.3,60.5,33.6,79,130,29.6,22.4,23,135,A
47,157,54.1,26.8,72,117,25.1,18.2,25,157,B
21,161.3,50.6,23.5,69,127,27.5,29.4,39,175,A
51,177,68.7,18.3,84,140,39.3,11.3,35,220,B
48,171,66.2,17.3,99,144,48.8,16,49,225,B
49,170,66.2,18,82,130,39.5,20,39,156,C
41,158.1,51,21.7,86,127,23.1,28.6,46,165,A
24,159,45.5,24.5,85,135,28.5,22.9,57,197,A
35,178.4,79,15.4,73,127,52.7,14.7,68,260,A
26,156.7,56.3,32.8,78,123,19.7,22.9,28,130,C
35,178.5,78.4,13.8,81,136,51.5,17.1,64,237,A
25,171.2,65.1,11.8,67,127,45.1,22.2,54,239,A
30,176.4,71.7,17.9,68,130,53.4,24.3,56,210,B
27,175.4,86.4,19.8,76,135,47.6,20.6,48,213,B
41,166.7,65.7,21.5,90,151,49.6,18.7,54,242,A
50,158.4,57.2,32,69,134,21.1,18.6,17,136,C
22,175.8,72,30.4,75,115,34.6,19,54,188,C
56,173,70.9,19.5,83,135,47.9,11.1,44,162,B
46,159.1,52.2,27.2,84,127,22.9,17.9,30,136,D
44,180.5,79.5,21.7,87,127,42.3,10.8,33,196,C
25,162.2,71.5,41.3,75,124,24.9,7,5,120,D
25,156.3,48.6,26.5,73,138,22.8,29.8,41,155,A
59,170,59.1,15,71,115,28.3,8.6,15,162,D
30,178.4,82.5,30,97,139,39.3,1.9,42,200,D
24,176,67.2,10.8,81,120,47.7,17.2,55,242,A
39,168.8,70.9,25.5,83,128,33.7,5.4,33,201,D
27,170.3,74.6,22,98,151,47.9,14.5,53,170,B
33,172.8,78.8,19.3,87,146,59.8,19.7,59,228,A
28,163.6,52.4,20.3,72,118,31,23.5,23,130,C
28,166.2,59.7,21.9,72,118,32.1,15.6,38,165,B
35,179.2,64.7,12.9,88,128,49.7,22.5,46,239,A
34,177.8,76.4,28.9,82,130,41.1,5.3,38,194,C
35,184.7,84.18,16.3,70,120,48.8,15.3,56,229,A
34,173.2,73.77,19.5,80,120,50,18.1,59,218,B
25,164.3,61.18,22,78,145,43.3,18.6,47,209,C
32,169.2,68.7,15.2,80,120,48.3,21.1,64,254,B
21,169.1,56.1,22.6,77,120,26.3,31.3,24,162,C
22,183.5,76.9,15.7,86,143,40.9,22.8,56,253,A
22,156.9,46.9,23,98,155,20.5,16.5,38,155,B
24,172.1,64.5,16.8,88,154,40.2,21.7,63,201,B
27,178.2,75.1,15.9,59,129,49.2,16.7,55,229,A
21,164.4,48.1,16.9,63,112,26.5,29.4,41,215,A
46,164.1,49.1,30.5,59,117,21.2,4.3,16,150,D
29,162.2,51.7,29.2,83,118,29.7,23.7,44,183,A
23,162.7,51.7,19,76,110,32.6,21.4,59,200,D
51,177.9,67.2,15.8,63,112,36.6,13.7,25,183,D
28,184.8,84.6,17.2,83,123,52.5,11.7,56,257,B
23,164.7,44.3,26.7,80,130,22.3,12.5,25,130,C
30,178.3,93.5,27.3,81,129,57,16.1,47,222,A
25,160.1,51.7,30.7,71,126,25.7,21.1,47,159,A
28,172.7,69.8,27.6,81,149,46.5,10,48,185,C
22,178.3,73.2,23.4,93,132,42.7,11.7,46,208,C
51,167.7,72.7,29,90,148,36.3,6.1,37,180,D
24,165.1,49.9,19.3,70,108,31.8,21.6,50,204,A
27,160.3,47.8,19.5,60,111,27.3,28,37,173,A
61,153.2,62.2,37,71,111,25.7,3,0,58,D
30,169.5,71.9,20.6,72,125,45.9,13,66,235,B
42,180.2,73.3,20.4,95,140,53.7,26,41,211,C
22,180.3,91.7,32.1,75,134,28.6,-6.9,36,210,D
23,164.7,62.5,31.4,77,121,23.2,14.7,41,165,C
27,160.2,54.5,20.7,77,130,22.2,22.5,35,171,C
29,167.9,70.7,25.3,75,135,47.3,16.2,53,181,B
62,165.6,67.6,25.7,84,152,40.5,9.8,41,188,B
21,169.2,92.9,33.3,93,157,44.6,10.9,52,226,D
25,184.1,74.7,12.6,94,141,49.5,13,49,243,C
31,166.9,64.1,30.5,77,133,27.5,21.5,37,150,B
21,175,66.4,16.5,77,124,39.4,13,54,248,C
38,171.6,66.3,20.5,92,153,46,26.2,46,204,B
23,178.1,64.2,29.2,55,102,29.9,14.6,27,126,C
56,170.1,61.5,22,89,148,37.7,20.5,40,195,A
59,170.3,71,24.5,75,140,30.1,22,33,182,D
23,164.4,54.3,21.7,61,109,27,31.7,44,186,A
52,170,75.5,30.4,77,127,39.6,10.2,29,186,D
33,178,74.66,19,96,135,43.1,18.6,37,198,C
58,154.9,51.6,24.1,85,132,25.3,19.4,31,165,B
21,160.9,61.4,36.5,71,103,27.3,20.8,47,169,C
27,176,72.86,18.6,78,155,39.7,10.1,53,231,B
27,173.5,65.3,14.3,76,137,39.1,12.1,46,229,C
21,163,62.3,32.9,75,131,33.3,12.2,44,167,C
57,168.5,66,24.1,88,156,42.1,9.5,30,212,B
29,166.7,52.84,15.2,74,125,30.7,29.7,48,186,A
45,170,70,20,73,137,34.2,8.5,36,219,D
24,155.5,64.4,34.8,60,109,24.7,16.7,43,174,B
50,163.9,52.5,19.6,89,151,25.4,18,26,171,B
60,173,68.4,11.4,70,124,47.1,12.3,52,195,A
62,163.7,63.9,23.3,93,144,42.7,25,29,211,B
39,159.2,45.3,19.6,64,105,20.8,18.7,36,161,B
22,162.2,60.4,27.1,74,115,34.9,22.6,37,148,A
54,156.5,52.2,30.1,72,117,20.5,13.5,16,110,C
48,167.2,68.5,28.2,75,112,39.2,7,31,195,C
61,160.9,63.1,30.9,83,130,27.5,21.1,27,140,A
60,172.5,76,23.1,86,154,47.3,16,41,206,A
27,168.6,67.2,23.7,77,123,45,11.6,41,223,C
40,162.5,51.4,22.5,91,143,26.9,26.3,36,174,A
36,172.1,65.64,19.9,86,142,47.3,15.4,39,215,B
58,168.5,74.9,30.1,89,139,40.6,15.8,29,188,B
55,152.8,55.6,31.3,78,129,23.9,15.7,23,130,C
25,158.1,57.9,31.5,61,117,24.5,13.7,59,157,C
21,169.6,64.5,10.9,77,134,46.2,21.5,65,248,A
23,163.8,57.5,31.7,84,127,32.9,28.8,43,164,A
64,165.8,61.3,8.5,66,114,34.9,7.6,33,166,B
21,187.4,84.4,18.8,82,151,50.8,16.8,49,257,B
56,149.4,51.6,35.1,83,132,25.5,18.8,11,117,C
22,167.3,61.4,16.4,68,114,38.8,19.9,67,240,A
28,165.4,62,31.1,58,102,25,21.7,31,170,C
53,152.7,46.9,27.5,68,126,23.5,18.5,20,152,B
23,165.7,62.7,23.2,70,123,37.7,25.5,35,237,D
46,176.8,80.9,22.7,82,141,50.1,22.1,45,206,A
56,148.2,54.7,37.7,85,125,22.7,10.7,0,134,D
44,172,71,18.1,69,113,48.3,28.7,52,203,A
27,173.8,68.4,13.9,69,110,47.8,14.1,49,244,B
45,166.5,71.5,26.6,99,160,47.8,24.2,47,201,A
63,164.7,73.8,36.7,81,141,35.6,9,22,135,D
26,183.4,83.6,14.1,79,145,50.6,16,51,231,A
32,170.8,72.2,24.1,80,127,47.4,16.6,60,205,B
22,167,50.3,18.9,77,120,27.9,23.3,39,168,A
21,175,84.7,28,61,133,50.9,11.6,42,156,D
21,178.9,75.5,17.2,81,138,40.8,15.4,55,213,B
54,148,53.4,27.9,97,159,27.9,23,35,145,A
21,179,82.8,15.4,67,122,58.9,19.9,56,278,B
24,163.9,64.8,23.6,94,141,39.7,13.2,47,224,C
31,178,84.66,18.9,75,129,59.2,15.1,47,196,A
27,180.9,77.1,19.9,76,156,40.9,22,52,209,B
22,163.8,54.2,28.4,96,151,23.6,19.4,41,155,B
61,152.6,56.4,37.6,93,136,28.9,20.2,4,125,D
60,171.9,60.9,16.7,78,128,33.6,10.9,28,190,B
41,160,50,20.6,62,106,27.4,22.6,38,178,A
59,166.1,67.8,25.9,98,151,40.6,22.4,34,188,B
51,174.5,71.2,21.2,92,136,40.7,13,41,203,C
34,181.1,70.5,19.4,70,131,34.1,12.7,40,217,C
22,169.2,53.2,16,66,103,30,27.1,54,202,A
22,162.1,55.1,23.2,61,99,28.5,23.1,43,198,A
23,161.8,47.8,17.2,66,103,25.2,21.5,47,178,A
27,152.3,55.5,37.5,81,126,16.6,16.1,37,113,D
25,160.9,63.7,36.1,99,144,26.4,23.6,37,179,B
37,149.5,38.1,17.3,66,110,16.2,23,35,167,A
21,170,50.1,16.3,67,124,28.5,6.4,44,210,C
31,174,67.6,15.6,82,140,39.3,5.1,38,225,C
49,176.2,73.3,22.2,88,147,45,9.9,33,223,C
27,182.5,81,17.8,66,115,42,9.1,44,233,C
49,155.9,57,23.3,67,104,25.1,17.5,25,110,C
36,156.6,55,26.6,80,124,30.1,12.5,24,149,C
33,179.2,76.3,23.8,85,126,32,8.7,36,188,D
61,146.5,56.16,37.3,89,152,26.9,23.5,12,118,B
24,166.9,70,23.7,55,102,39.1,23.8,47,186,A
25,168.8,63.9,26,81,131,38.2,20.1,49,215,B
28,161.4,55.9,35.2,77,128,22.4,18.1,30,152,B
26,162.6,57.2,32.6,69,116,26.9,20.6,43,128,A
62,175,68,22.6,75,123,46,2.8,33,194,C
51,172.4,75.6,23.3,83,120,47.4,22.4,55,211,A
26,180.2,103.4,24.7,70,128,67.6,16.2,46,219,B
21,160.7,56.6,29.2,71,110,25.6,30.1,32,157,B
56,149,46.7,23.2,95,157,25,28,41,186,A
52,165.4,74.8,27.5,86,143,38.9,18.2,56,217,B
21,169.2,64.9,35.3,68,125,29.9,22.3,39,174,B
56,157.2,60.4,36.2,70,118,24.2,14.3,16,132,C
36,169.9,67.1,17.9,98,149,48.8,16.3,59,228,B
32,163.5,55.6,25.5,68,108,28.2,24.5,36,183,A
21,159.9,49.7,25.4,76,116,23.4,24.3,11,145,D
63,165.8,63.9,20.7,82,123,26.9,14.2,28,160,B
32,168,69.8,21.9,88,127,50.9,26.3,68,248,A
28,175.1,75.5,13.8,71,126,44.5,11.4,66,247,B
40,169.8,84.1,25,93,132,57.9,19.8,40,220,B
26,158.8,56.9,27.6,60,93,21.8,20.8,37,172,B
56,156.9,49.9,35.9,67,128,12.1,1.2,20,118,D
22,168.4,69.9,15,51,118,44,16.3,61,234,A
29,172.7,72.6,27.5,82,121,35,3.3,40,213,D
61,171.6,86.4,28.7,70,142,35.1,-2.4,12,162,D
54,162.9,51.4,29.4,82,122,19.5,20.5,24,134,C
56,168.8,66.4,23.8,91,143,34.3,20.2,35,186,C
36,173,72.7,19.2,91,149,45.9,7.8,46,204,C
24,167.5,65.66,19.1,98,154,45.3,18.3,44,241,C
59,145.7,51.6,41.4,99,154,24.8,20.1,12,122,C
23,158.2,47.9,30.4,75,116,21.6,10.9,26,131,C
41,179.3,73.4,18,99,150,43.3,17.3,47,246,B
35,169.9,61.7,22.2,85,136,38.1,14.3,37,216,C
30,163.7,65.5,23.6,84,116,43.5,14.5,42,230,B
44,167.8,63.8,24.3,63,117,29.1,14.8,43,170,C
28,170,74,28,83,130,37.7,6,50,193,D
22,169.5,65,20.1,60,110,38.1,16.2,40,151,D
21,187.9,74.7,21.06,73,123,44.7,7.7,45,221,C
53,170,75.1,22.4,99,142,42.8,7.4,29,181,D
21,158.4,48.9,22.7,81,128,25,21.4,41,163,A
63,157.6,58.2,29.2,76,121,22.9,17.9,27,126,B
23,161.1,53,28.4,72,116,28.9,-4.4,22,143,D
62,174.7,71.9,23.6,74,130,41.2,16.6,40,205,A
32,179.7,90,29.3,96,151,49.7,1.5,50,216,D
38,172.3,71.6,15.5,65,111,47.4,6.2,47,230,C
24,180.3,80.2,24.7,77,127,64.3,19,57,235,A
23,183.3,79.4,19.8,79,136,48.9,23,48,199,C
63,172.4,71.66,18.9,79,152,43.1,15.8,38,173,A
27,178.8,73.38,7.8,75,126,49.6,21.5,54,223,A
59,158.2,54.34,29.6,74,133,25.1,28.6,42,148,A
36,166.5,53.7,25.9,84,130,27.4,18.9,40,186,A
34,167.5,65.8,26,61,115,31,20.5,50,174,B
23,180.4,90.5,26.8,70,120,46.1,4.5,42,185,D
21,158.8,49.7,28.4,84,139,15.2,24.2,28,174,D
24,177,89.9,18.9,80,117,56.8,12.7,54,232,C
55,170,75.5,20.6,67,114,45.4,12.5,40,216,B
43,169,68.6,12.4,80,120,45.7,20.2,55,239,A
22,159.3,54,21.3,66,108,23,27.2,33,189,B
46,173.9,69.4,17.8,88,138,43.9,14.5,46,237,A
24,176,77.5,24.7,75,114,35.6,9.3,38,200,D
56,164,57.6,23.2,95,127,24.4,23.6,27,149,A
28,171.4,76.8,25.1,84,130,47.8,23,41,217,D
53,160.4,59.3,20.3,57,102,22.5,-5,13,150,D
30,179.2,76.5,12.6,69,132,55.4,16.7,50,215,A
21,153,56.9,40.2,70,120,18.6,19.4,22,160,D
59,162,65.3,37.6,74,133,24.7,16.5,11,125,C
27,164.6,56.9,29.4,68,148,26.8,19.9,51,183,A
38,179.9,82.2,18,97,145,54.3,20,61,241,B
41,167.9,72.4,20.7,87,132,44.6,23.3,60,212,B
21,168.4,60.2,34.2,82,138,25.8,16.8,32,162,B
23,163.7,53.4,29.6,73,116,26.6,28,43,204,C
21,166.3,47.6,25.3,73,112,23.8,10.1,42,172,C
63,160.5,68.2,28.7,84,193,37.1,14.3,31,174,A
22,182.9,72.4,12.3,80,133,52.6,11.2,45,225,C
28,170.3,52.5,16.8,95,134,30.1,16.5,25,185,D
25,154,57.9,33.1,62,112,30.2,18.7,36,158,C
39,176.9,90.1,21.5,79,134,46.4,9.3,45,225,C
22,180.6,80,25.2,70,142,35.6,20.4,49,221,C
30,170.2,62.9,14.7,78,134,42.8,27.8,65,240,A
30,185.2,108.9,23.1,98,143,54,27.7,52,231,D
24,162.8,59.7,32.6,81,134,27.7,21.1,47,158,B
64,163.8,68.5,30.9,87,145,35.5,18.8,26,182,B
22,166,68.8,31.3,84,146,33.5,27.8,38,181,A
64,155.5,60,34.9,85,130,17,12.8,20,100,D
26,170.1,67.1,16.4,68,113,35.2,15.4,51,225,B
39,159.3,50.6,30.8,78,128,25.2,19.6,32,167,A
50,165.2,67,28.4,96,143,39,13.3,38,205,B
45,159.2,59.1,30.7,75,106,25,21.7,35,137,A
52,150.3,49.1,33.6,70,103,20.8,19.5,16,130,D
25,184,75.7,9.2,87,130,51.5,21.8,58,230,A
25,175.3,63.7,9.9,75,119,44.6,11.5,55,221,B
35,177.3,82.7,23.8,83,125,49,12.1,51,197,B
63,169.4,76.1,24.3,79,135,40.4,17.3,28,168,B
31,167,71.1,20,81,140,46.9,14.6,53,228,A
42,158.1,51,14,68,112,23.9,20.3,30,121,B
25,158.6,46.2,17.8,62,115,22.1,19.6,21,135,C
24,156.1,49.4,25.1,70,110,21.7,23.8,38,137,C
22,175.1,67.5,18.3,78,118,39.4,24.9,60,163,C
26,172.9,83.3,31.5,64,133,45.2,9.2,44,174,D
22,166,54.9,23.5,82,155,28.1,21.5,46,167,C
46,168,58.7,23.2,86,155,32.9,17.4,38,182,C
37,181.2,86,23,83,137,52.8,21.3,44,222,B
28,170,84.2,13.5,93,139,42.6,23.5,51,241,C
24,176.1,74.8,24.3,96,125,35.7,-12,1,200,D
27,170,75.9,34.4,82,132,35.2,-6.6,49,202,D
28,171,74.6,25.2,83,143,42.4,8,52,213,D
23,163.5,58.5,27.9,85,133,35.7,26.8,39,168,C
39,170.8,68.9,19.9,78,117,43.3,7.4,52,215,C
55,154.6,58.9,41.3,80,130,23.1,18.5,27,115,B
41,176.2,93.1,35.8,85,135,36.3,7.1,1,182,D
36,165.8,55.78,26.7,73,124,25.4,23.9,30,152,B
29,172.7,71.8,15.7,86,148,52.2,19.7,57,254,A
35,173.1,77.6,22.8,8,122,46.4,16.7,47,216,B
41,177,81.7,24.2,95,126,46.3,7.8,39,213,C
23,161.8,58.7,29.6,76,124,29,10.3,44,126,C
22,175.8,73.3,17.5,83,120,50.5,7.2,43,232,C
52,159.5,55.2,31.5,68,103,24.4,15,16,119,C
63,175.1,81.2,26.3,87,143,40.2,24.4,36,167,D
64,159.3,56.5,19.8,82,154,34.2,-1.4,16,144,D
41,175.7,81.2,22,80,117,43.7,14.3,42,199,B
22,158.5,49.3,27,37,77,27.1,21,59,178,B
21,170.5,67.8,30.7,54,102,29.7,9.8,39,166,D
44,177.4,87.9,25.9,95,155,48.7,5.2,28,214,D
50,157.3,51.1,29.1,70,118,21.6,20.5,33,164,A
26,180.8,69.26,13.6,80,120,44,1.5,53,249,D
53,167,65.7,23.7,99,153,33.7,14.2,32,185,C
29,185,85.8,23.6,92,129,51,17.2,55,231,B
47,177.7,87.7,28.5,82,129,40.4,12.2,44,204,D
25,179.4,74.3,12.4,92,139,49.1,20.9,58,270,A
40,159.1,50.4,16.6,67,115,28.7,25.7,32,162,A
51,161.2,47.8,17.1,75,123,23.9,14.1,29,154,C
40,163.3,47.7,16.1,70,122,27.9,27.6,32,185,A
27,169.8,64.9,26.9,83,132,31.3,12.3,49,159,C
24,179.4,78.1,23.9,76,121,37.9,-13.1,37,217,D
28,171.4,68.3,12.6,62,130,35.9,12.3,52,228,C
43,174.6,104.9,36.2,97,150,32.7,-1.3,22,173,D
54,176,68.9,18.9,82,149,40.2,10.5,44,182,B
23,167.2,54.8,24.5,80,110,29,19.5,39,175,C
28,175.4,69.9,14.9,82,143,45.9,23.8,58,230,B
29,170,66,20.6,95,145,39.6,6,38,185,C
54,163,75.5,23.1,77,138,46.7,3.3,42,207,D
23,178.6,83.9,17.9,76,123,48.5,16.6,43,243,C
35,158.3,70.1,32.8,72,124,29.1,21.4,41,149,D
29,161.4,61.8,29.8,57,118,24.6,18.7,41,168,B
37,174.1,80.2,28.2,66,122,35.6,-7.7,40,193,D
29,178.8,72.9,13.7,62,128,51.1,8.1,51,243,C
45,160,59.3,20.2,78,118,31,11.5,40,220,B
22,159.1,51.3,29.1,73,111,21.3,7.9,24,154,D
47,174.3,78.1,22.8,83,142,46.7,16.8,52,231,C
44,176.9,85.2,24.7,86,143,50.4,2.9,44,192,D
26,161.9,53.9,20.7,68,110,30.3,26,40,173,A
32,165.9,74.8,24.3,91,150,42.2,17.1,54,229,A
48,161.5,49.4,22.4,59,112,19.9,11,37,157,C
56,162.3,56.68,15.9,91,141,34.5,9,23,138,D
26,180.6,73.4,17.5,99,152,41,11.2,44,236,D
22,177.1,71.4,18.1,79,138,51,11.6,57,158,B
43,166.2,51.8,16.5,91,141,35.9,15.8,40,165,B
37,170,63,25.9,58,112,33.4,20.4,35,190,A
33,162.7,53.9,33.4,73,133,27.6,30.4,42,175,A
48,168.6,71,22,98,147,49.7,7,39,225,C
22,175.8,66.6,14.7,71,128,34.2,2.9,52,240,D
27,173.9,79,27,80,139,31.6,0.2,39,206,D
38,171.4,71.7,17.2,90,150,42.5,21.3,54,216,A
62,164.5,64.02,17.8,65,152,41,13,26,205,B
31,176.5,69.3,12.7,64,106,46.6,10.6,58,253,B
22,175,69.8,15,63,128,50.3,26.8,60,276,A
29,179,79.1,5,62,118,53.9,10.3,46,209,B
22,170,73.6,23.9,65,102,36.5,7,57,217,C
50,153.9,43.8,23.2,65,121,22,18.5,19,138,B
32,176.3,71.8,21.2,72,126,45.3,15.4,45,209,B
46,163.5,71.1,28.6,85,144,37.9,14.9,35,204,D
31,178,78.2,19.4,79,134,45.7,11.9,48,218,B
22,179.6,70,13.1,74,127,49.7,16.7,51,248,B
28,176.2,83.7,20.5,76,109,46.2,7.8,46,211,C
31,173.7,83.8,29.6,99,128,39.3,27.5,60,204,D
59,165.7,57.6,13.6,60,124,33,13.5,41,186,A
34,162.1,79.3,43.5,96,155,24.6,20.1,13,135,D
37,170.8,60.5,11.5,79,117,42.8,14.1,35,233,C
64,153.2,50.1,28.2,98,159,23.3,26,21,115,B
63,147.4,52.1,31.1,77,142,20,20.2,23,87,C
25,160,53.1,26.1,79,115,18.1,34.8,33,108,C
57,159.2,68.6,32.1,91,154,30.2,20.6,0,133,D
41,177.1,74.9,17,73,118,47.8,17.8,50,240,A
27,179.5,87,19.5,85,139,46.3,7.1,57,212,C
48,166.9,69.5,26.8,95,148,40,11.9,43,189,B
26,157.6,50.1,23.9,63,111,24.2,22,52,160,A
30,179.5,90.8,18.3,79,130,56.9,21.3,51,230,A
34,175,71,19.7,87,157,45.9,20.5,57,233,B
23,182.7,67.6,11.6,91,150,45.4,-11,39,234,D
30,185,77.9,21,89,141,42.8,15.6,44,195,C
25,175,72.6,22,88,120,49.8,21.2,58,226,B
25,174.3,79.68,20.5,84,142,54.7,28.5,38,217,C
35,184.6,79,22.6,85,131,45.5,6.7,45,194,C
54,162.4,56.2,23.7,96,145,28,16.6,19,143,B
50,154.6,53.2,25.1,69,114,27.9,20.2,23,158,B
21,175.1,103.6,39.1,89,147,28.8,-14.3,20,119,D
64,163.6,55.2,27.1,67,112,22.7,20.9,29,126,A
24,173.6,71.2,17.1,85,152,53.4,9.4,53,209,C
39,167.8,65.7,30.1,85,127,35.9,23.8,43,174,B
21,183,80.1,17.6,72,138,44.7,21,52,238,C
27,165.8,73.8,29.1,84,143,35.3,6,39,197,D
36,166.7,74.1,20.3,85,152,46.3,22.9,59,243,A
23,162.7,63.9,36.7,77,134,30.5,27.3,30,169,C
24,164.8,52,22.1,63,101,26.2,24.7,42,153,B
62,162.4,68.1,25.3,80,120,29.4,12.5,18,140,C
39,161.5,52,26.4,67,118,23.6,22.5,20,188,C
62,155,50.7,31.1,90,141,23,28.3,11,150,C
22,154.8,59.3,34.2,79,112,30.6,10.1,48,167,C
64,158,62.3,32.8,94,148,22.4,21.2,7,121,D
22,172.1,80.2,23,80,131,49.6,5.9,61,168,D
22,172.9,76.3,20.7,89,139,56.4,13.9,49,212,C
24,165.2,53.7,28.9,68,105,21.8,23.3,45,163,C
43,171.3,65.76,22.9,73,115,31.7,13.4,50,198,C
25,176.4,70.4,19.3,94,136,42.1,7.5,31,234,D
36,156.1,48.9,21.8,89,133,28.3,24.5,30,166,C
49,181.9,73.4,16.4,74,133,40.7,-7,36,200,D
54,150.9,54.4,32.6,65,108,22.1,24.7,21,148,B
56,173.7,76.3,20.3,77,140,45.5,16.5,38,215,A
24,179.3,86.4,22.57,71,155,44.9,16.1,49,232,D
46,176.1,69.2,11.3,81,151,48.1,16.3,42,238,A
24,160,51.8,32.8,80,130,23,10.2,24,120,C
21,174.8,78.7,20.1,65,141,45.9,12.5,58,199,C
21,160.8,48.9,27.3,68,113,26.5,17,47,193,B
25,168.1,57.5,30.2,60,96,26.9,19.8,30,174,B
21,169.5,61.6,12.4,78,136,27.2,19.3,64,200,C
51,169,69,23,56,112,33.7,12.8,27,224,C
21,175.8,66.26,9.9,85,133,42.2,14.6,42,182,C
21,171.6,72.5,24.5,74,136,33.3,-3,33,203,D
44,157.6,46.8,22.9,77,141,28.4,15.6,15,149,D
62,153.3,54.9,30.4,83,157,21.3,25,19,121,B
63,174.4,71.8,22.1,92,142,33.3,6.7,30,173,C
38,163.1,61,26.5,77,123,32.4,21.8,37,170,A
38,166.2,60.4,23.2,63,125,22.7,26.6,28,151,B
52,163.4,61.3,16.9,82,139,39.3,19.5,51,203,A
31,177.8,89.3,24.9,78,145,55.5,9.5,35,185,C
54,157.1,66.2,39.9,79,136,27.2,17.4,27,126,B
24,170.6,69.9,3,75,123,52.4,23.9,60,280,A
28,174.5,69.4,16.1,63,109,35.8,19.5,53,195,D
35,171.5,76.2,18.9,79,127,42.3,18.4,55,214,C
25,171.4,69.4,15.7,87,141,41.2,19,45,232,B
32,164,65.8,20.6,93,143,36.3,4.8,37,191,C
27,160.4,55.68,24.3,60,124,29,24.5,64,173,A
63,166.8,58.4,20.7,77,122,33,10.4,30,181,C
26,167.3,63.3,12.4,69,140,40.7,18.1,56,277,B
28,167.8,65.5,17.5,88,149,53.6,16.2,40,220,C
35,159.4,55.7,30.1,77,117,21.2,21.8,30,156,C
56,171.4,75,23.5,80,154,44.9,18.7,36,180,A
24,166.6,66,30.2,53,128,31.3,22,40,165,B
42,181.6,79.6,25.6,77,144,45.5,7.6,43,229,C
27,180,92.6,29.2,91,151,38.5,3.2,40,207,D
46,172.5,78.7,22,99,139,52.3,9.1,38,218,B
28,173.3,70.8,24.6,84,140,45.4,11.6,53,232,C
48,175.3,96.7,30.7,94,153,30.7,-8.7,26,185,D
28,171.6,62.2,10.8,75,118,40.9,11.4,39,235,C
37,169.3,73.84,27.7,83,149,38.9,15.6,45,183,D
35,168.1,67.1,17.7,81,125,40.4,14.5,44,228,B
37,170,83.6,20.8,97,159,62.3,25.3,57,224,B
28,167,60.5,19.5,72,127,25.2,20.8,47,210,A
30,171.5,70.7,22.2,82,119,45.5,16.1,66,228,A
50,167.8,76.1,24.8,82,122,43.9,13.9,50,193,A
22,167.4,66.2,34,62,110,28.5,11.2,38,0,C
46,170,77.1,24.8,99,145,43.3,8.4,31,200,C
31,165.1,55.1,25.7,79,114,23.7,0,27,136,D
54,164.6,67.1,29.9,85,135,30.9,23.6,37,168,A
36,155.4,49.9,24.17116,73,117,27.5,20.8,32,159,A
37,171.9,96.6,38.6,117,155,39.5,14.4,18,193,D
37,172,73.1,14.1,88,137,56,14.3,38,242,C
21,183.5,88.7,27,82,134,49.5,-5.3,26,201,D
62,152.7,59.8,33.5,47,98,21.7,20.7,19,124,D
47,153.5,54.4,31.4,80,137,28.1,18.1,31,117,C
24,160.4,58.7,29.1,77,115,29.6,22.1,54,187,A
26,174.8,81.8,22.7,79,130,47.1,23.2,48,238,B
29,161.1,55.9,32.8,60,137,25,16,3,122,D
60,155.1,52.2,31.8,67,114,21.5,24,30,116,B
45,174.5,87.7,31.9,99,146,48.9,3.3,35,182,D
61,164.7,82.3,43.7,85,145,23.5,15.2,0,51,D
63,163.9,57.6,20,78,148,40.9,15.9,33,182,A
22,152.9,45,20.8,72,107,24.9,22.4,46,182,A
21,185.9,69.5,11.9,61,109,38.8,13.4,54,208,B
32,177.3,77.5,15.5,74,117,52,22.3,58,252,A
26,164.5,63.2,28.2,83,131,35.9,18.6,41,166,A
22,179.3,75.1,16.7,76,130,52,6.3,53,182,C
28,159.5,48.8,24.3,77,141,23.6,24,43,173,A
28,160.6,53.3,22.4,89,141,26.4,19,52,157,A
30,167.2,61,34.3,69,97,29,20.5,41,170,A
26,159.3,49,20.9,77,135,21.3,21.1,54,171,B
63,156.9,55.9,31.3,88,160,25.6,6,4,60,D
22,164.2,47.4,22.3,67,125,21.4,22.4,44,190,B
23,173,66.8,12,54,115,41,18.5,63,262,A
42,172.2,70.9,20.5,81,142,39.3,17.5,44,216,B
24,172,70.6,14.7,62,112,50.1,7.8,59,218,C
33,186.8,117.5,28.3,78,133,64.9,19.3,49,213,D
34,170.6,71.7,9.7,69,115,50.5,25.4,65,268,A
24,168.2,54,15.9,66,102,24.1,27.5,39,159,B
22,164.3,59.44,28.3,80,120,28.9,14.4,45,179,C
33,154,54.7,33.9,78,123,22.5,18.3,28,136,D
60,165.5,74.2,35.2,95,158,31.9,7.4,27,146,B
25,171,77.4,22,84,151,44.1,17.4,49,223,B
27,182,80.8,24.1,78,141,40.5,-1.6,52,222,D
26,177,79,17,74,124,53.6,21.2,58,218,B
56,159.5,50,28.5,90,122,24.7,25.7,25,139,A
63,159.3,64.6,24.9,75,139,34.7,8.1,23,181,C
22,169.3,62.3,17.2,70,116,40.9,3.7,42,217,D
24,160.7,58.2,28.5,57,98,30.5,21.5,31,187,B
38,173.5,77.7,24.7,96,151,46.9,13.1,39,215,B
54,171.5,72.9,20.8,88,145,40.5,26.2,29,164,C
25,182,93.5,22.1,94,145,53.1,21.2,47,192,C
59,148.2,53.3,37.4,84,133,20.3,14,9,94,D
22,163.2,52.4,22.7,85,131,27.5,29.1,40,185,A
24,167.9,55.9,28.9,55,111,27.2,9.8,21,170,D
24,164.9,55.4,20.3,69,117,28.3,24.6,47,168,A
22,175.6,96.4,36.6,95,158,41.5,-0.4,34,159,D
55,161,61.9,35.6,92,160,25.1,16.3,13,110,C
46,163,63.8,34.6,64,120,17.2,-4,0,110,D
22,168.6,71,33.9,77,128,27,30.6,30,212,B
26,162.1,56.9,25.14121,73,119,33,24.2,37,147,B
29,166.8,69.2,26.5,78,129,34.6,10,35,183,D
46,167.2,71.1,27.6,93,154,37.3,9.1,28,196,D
61,161.1,66.1,28,82,142,42.7,4,37,173,D
21,173.7,73,16.4,64,117,47.2,2.2,35,211,D
32,151.2,52.4,31.7,90,133,23,19.7,33,104,A
27,171.8,74.8,24.1,77,132,39.9,15.1,45,211,B
22,179.4,70.5,17.8,72,113,41.1,22.2,51,222,B
58,177.7,73.9,19,83,143,43,12.7,31,170,B
26,172.3,65.9,14.4,73,121,43.1,11.7,50,237,B
21,164.2,64,29.7,61,115,26.5,19.9,47,175,A
59,169.4,75.9,24.5,77,137,40.1,15.9,27,191,C
24,173.3,65.3,33.6,77,118,26.5,8.4,13,131,D
45,168,62,12.2,87,133,37.8,20.2,54,211,A
22,179.4,78.6,16.5,86,155,56.2,18.2,56,245,A
35,191.6,125.7,35.2,85,156,58,9.2,52,228,D
28,169.1,64,22.6,94,144,33,12,49,200,B
29,158.4,57.22,27.8,59,124,27,26.1,43,142,B
60,169.7,73.9,28.1,80,130,41.2,11.1,35,165,B
22,184.9,73.9,10.2,97,156,56.8,18.2,67,275,A
21,172.8,54.8,25,77,110,20.9,18.8,39,172,C
37,173.4,70,22.5,97,137,46.1,6.8,39,228,C
35,154,47.6,23.9,84,129,21.9,24.5,34,149,A
26,170,58.9,18.3,71,123,33.3,25,37,161,A
57,161.3,59.8,29.1,73,135,23.1,15.3,7,119,D
29,177.9,65.2,10.6,95,148,44.5,18.6,53,239,B
35,181.5,98.5,22.8,80,122,61.4,18,56,205,A
38,167.7,67.9,15.6,76,139,39,20.9,57,225,B
28,164.3,63.2,26.2,84,131,44.3,5.3,43,221,D
63,167.4,59.8,22,89,157,37.8,11.7,19,184,C
47,167.8,68.8,14.8,76,142,52.2,22.4,60,230,A
57,168.2,74.5,20.2,96,158,46.8,5.8,35,197,C
30,180,85.08,13.1,68,116,56.9,26.4,57,226,A
35,164.6,66,15.7,78,135,36.4,27.3,46,198,B
24,165.7,63.5,20,83,121,36.4,19.1,36,273,D
28,158.6,45.8,24.2,76,118,20,18.3,29,158,B
59,174.5,72.4,20,88,135,42,15.8,39,194,B
42,172.1,65.74,22.3,77,130,36.3,3.7,26,214,D
45,164.7,56.1,14.1,88,136,41,14.5,48,216,A
51,163.3,55,25.6,78,140,27.6,16.4,25,126,B
39,162.1,45,19.4,74,127,24.3,19.6,27,169,B
40,169.5,75.6,28.1,75,134,47,19.1,28,209,D
25,163.5,56.18,28.2,67,100,24.9,12.8,27,161,C
58,155.6,82,47.1,97,157,22.1,5.1,12,95,D
29,181.2,94.72,15.8,90,151,43.6,16.6,53,260,A
24,172.1,72.4,16.1,83,155,42.5,7.7,57,234,D
58,167.5,65.5,17.8,83,158,43.6,9.7,34,180,B
38,156.3,44.9,24.3,55,107,23.9,-2.7,23,133,D
62,172.1,71.52,23.7,64,106,37.2,3,42,185,C
35,156.4,48.5,18.2,77,129,29.7,28.6,38,168,A
31,159.3,47.9,19.2,96,125,27.4,25.4,57,211,A
51,163.5,53.8,17.3,76,124,35.7,16.3,44,193,A
24,174.9,75.1,18.2,79,122,39.7,15,44,200,C
30,175.2,71.5,12.6,96,145,45.2,18.1,47,224,A
36,172.5,80.8,19.9,86,124,49.3,17.5,55,212,B
36,158.5,53.56,19.5,74,122,27.1,19.1,43,185,A
26,160,62.4,31.3,69,118,32.5,21.9,42,177,A
39,175.5,88.1,31,97,159,50.1,27.3,37,194,D
28,169.1,70.8,28,74,125,38.3,12.3,38,205,C
31,175.1,76.2,19.7,80,152,44.8,17.9,48,240,A
32,167.1,69.5,26,51,117,46.5,8.6,42,201,C
21,153.9,58.8,32.3,72,141,28.7,19.2,45,167,B
60,164.3,74,29.3,91,134,32.9,16,28,191,B
23,172.8,76.4,18.4,75,125,34.6,14.5,58,226,C
21,186.4,92.5,11.2,75,124,47,24.9,71,255,C
45,164,51.7,24.5,66,113,19,-14.3,12,150,D
31,168.5,68.2,19.6,79,121,50.4,23.6,54,223,A
31,168.4,63.38,19.4,77,130,44.2,17.5,51,227,A
26,169.9,95.5,33,91,152,43.8,11.9,30,190,D
43,162.7,51.1,25.5,56,108,17.1,17.1,20,136,C
28,168.6,60.2,24.5,77,131,30,18.9,32,159,C
21,157.5,45.5,11.2,80,133,31.1,4.6,41,216,D
26,170.3,64.6,16.6,70,109,38.2,2.1,53,228,D
21,168.2,77.9,31.6,69,116,34.4,17.5,48,176,C
21,169.3,71.1,21.2,85,128,50.1,17.1,58,234,C
37,172.1,72.5,28.1,88,119,34.2,16.8,31,194,D
61,167.2,69.7,26.1,89,147,36.1,2.3,32,145,C
29,160.7,49.24,22,84,119,29.2,19.4,44,197,A
59,163.3,62.54,34.8,81,151,24.2,22.5,34,135,A
21,173,70.3,11.2,76,138,43,15.4,54,260,B
21,171,67.3,11,67,120,49.7,22.5,57,260,A
26,176,80.5,12,73,135,48.7,20.2,61,245,A
31,166.9,73.6,26.6,95,156,45.1,17.3,53,202,A
25,158.1,56.3,29.6,60,105,21.9,6.1,19,141,D
23,166,55.8,26.4,63,108,27,21,38,165,B
36,170.4,66,17.1,95,136,40.8,19.7,55,239,A
25,163.8,54.2,35.8,72,107,26.6,19.3,35,156,A
44,185.6,87.1,19.5,99,159,51.6,14.2,41,225,B
34,158.3,64.1,25.5,92,158,40,18.5,47,204,D
64,160.5,67.9,26.7,91,157,41.3,6.5,27,180,D
23,158.7,67.2,36.8,83,133,31.1,15.9,32,156,B
42,165.4,65.9,15.7522,77,118,38.5,26.2,50,184,A
28,159.6,50.8,27.3,77,120,21,17.6,36,174,B
22,176.5,69.88,17,79,159,43.2,16.9,50,220,B
61,167.4,57.1,19.7,64,125,34.7,3.4,33,161,C
22,166,76.1,19.1,77,140,37.1,17.8,61,226,A
32,163.5,70.4,25.6,86,132,34.8,15.7,46,196,D
56,158.6,59.74,27.1,80,120,23.2,22,20,156,B
25,170.7,66.8,15.9,70,132,48.5,20.2,56,245,A
21,185.8,83.6,13.4,90,142,45,-6.2,59,232,D
23,152.7,48.08,27,66,126,29.3,21,41,182,A
28,153.6,54.7,39,74,117,22.5,16,38,137,C
23,172,72,28.6,80,120,29.2,1.8,45,213,D
45,155.9,58.2,37.2,80,110,27.9,18.6,19,146,C
60,172.5,73.9,21.2,76,137,40,13.5,36,189,B
33,168.7,62.3,22.7,63,113,35.2,-6.9,28,195,D
53,170.4,68.8,23.4,96,146,41.6,13.2,47,218,B
22,169,73.8,17.7,62,127,40.7,12.7,63,236,C
45,167.4,82.9,33.4,87,145,39.3,2.8,17,185,D
31,185.3,93.14,19,89,149,44.3,14.5,51,230,C
25,185,88.1,18,66,123,42.7,5.3,45,222,C
39,169.9,62.7,19.9,67,130,39,24.8,57,192,C
22,163.3,57.2,25.2,66,112,30,12.9,30,138,C
26,181.9,87.3,24.8,68,125,47.7,5.8,49,193,C
35,151.7,44.1,26.6,87,128,20.2,15.2,21,113,C
28,180.1,75.4,18.5,65,135,51.8,9,58,220,C
39,184.4,85.7,18.5,92,138,49.8,13.7,46,223,D
29,171.5,75.36,27.1,88,156,42.5,21.9,51,217,D
40,180.1,82.4,15.1,88,130,54.7,20,50,210,A
46,168.4,75,19,74,119,44,16.4,41,195,B
29,159.6,61.9,38.3,79,113,24,20.3,27,146,C
26,165.9,68.7,16.5,73,157,54.1,24.5,68,220,A
36,176.7,72.7,9.7,72,114,50.6,14.4,48,212,A
27,174.4,64.4,29.1,81,109,34,21.5,45,156,A
36,168,83.5,22.9,87,139,55.9,13,61,222,B
24,161.7,50,24.8,75,122,18.2,15.5,20,114,D
26,163.5,52,19.3,68,119,27.9,25.5,40,184,A
23,175.1,70.8,34.2,93,136,31.3,24.4,40,179,C
48,153,51.7,27.5,81,144,24.2,16.4,24,132,C
56,162.7,74.8,31.3,79,140,36.6,3.9,24,160,D
23,179,78.6,17.5,60,139,38.8,16.5,64,263,C
44,167.1,59.9,18.8,85,121,42.1,14.9,42,206,B
21,163.3,45.3,17,70,110,21.8,1.2,18,140,D
42,174.7,76.2,20.5,77,113,43.4,23.4,34,239,D
52,159,59.5,30,99,157,24.5,23,32,160,B
26,171.1,72.7,26.3,84,145,38.9,7.2,41,199,C
29,184.3,89.5,17.8,77,127,54.7,21.7,54,234,B
21,163.4,55.92,30.9,85,116,28.3,31.5,43,186,A
60,162.6,63.2,34.4,81,123,22.5,16.2,11,120,C
25,163.5,54.5,25,79,112,26.1,25.4,41,175,A
23,162.6,63.8,17.9,69,130,39.1,5.2,45,191,D
24,163.7,61,38.3,89,122,17.6,7.9,0,113,D
53,180.8,78,25.9,81,140,39.1,0.1,22,187,D
51,159.6,79.9,43.8,87,138,19.6,11.1,14,160,D
37,163.9,67,30,54,106,27.9,6,24,180,D
37,155,71.1,24.6,75,123,26.3,6.7,22,144,D
37,172.6,78.26,30.7,120,158,40.1,6.6,28,199,D
23,175.2,70.8,15.5,66,114,44.4,11,44,196,C
61,153.3,52.3,37,69,113,15.8,16.8,10,118,C
50,167.8,69.6,24.2,97,166,41.7,14.8,58,212,A
38,170.6,62.8,32.8,81,129,19.2,19.1,21,172,C
35,179,79,13.5,91,140,56.7,29.3,62,259,A
26,154.5,60.4,33.8,76,126,26.5,22.3,28,165,B
25,172.5,62.4,6.3,76,118,41.8,18.7,53,241,A
62,176.5,70.9,19.1,76,129,31.9,3.6,28,151,C
34,159.4,69.2,35.9,78,133,31.2,22.4,31,168,B
32,153.6,49.4,31.9,66,115,19.6,24.8,33,135,C
27,166.3,52.3,26.5,98,129,30,20.5,43,146,B
33,169.3,71.1,20,79,136,45.8,17.2,52,223,C
30,172.9,82.7,24.9,75,131,52.3,-7.5,28,203,D
56,168.9,72.28,21.6,98,146,38.5,16.8,36,182,A
29,187,85.3,14.6,95,151,54.5,17,59,234,A
36,167.9,65.5,18.7,68,150,47.2,21.7,57,247,A
47,158.2,55.9,27.14,96,141,26.8,6.3,19,129,D
64,153.3,66.3,38.5,83,151,28.1,21.3,29,118,A
55,172.9,67.5,18.7,70,113,42.4,8,32,183,C
27,151.5,49.8,31.1,73,117,25.7,18.7,37,165,A
38,166.6,64.6,20.3,95,145,30.8,23.6,42,168,A
24,174.8,72.4,11.6,85,148,54.6,17.5,52,259,B
41,165.2,67.5,30.4,72,123,27.4,19.9,35,177,C
58,157.8,57.6,32,79,128,27.4,19.8,19,148,B
28,178,82.2,29.3,80,123,32.5,23.6,36,214,D
23,163.1,55.2,32.3,70,95,25.1,12.8,23,133,C
58,168.7,76.1,27.5,84,139,34.5,2,0,0,D
21,158,52.4,30.9,77,112,27.6,27.1,34,170,C
34,171.1,68.4,18.5,66,106,39,18.7,52,232,A
50,177.8,86.3,26.3,85,136,54.1,11.3,27,205,D
62,149.1,60,37.1,82,139,22.5,17.4,20,119,B
27,174.5,76.8,14.6,91,154,51.9,16,58,237,A
52,145.8,58.6,45.8,86,138,19.9,13.2,10,50,D
44,155,62,31.8,62,106,28,26.5,19,160,D
23,168.8,59.3,18.7,82,106,30.1,24.2,39,216,A
59,170.8,72.3,24.2,72,117,40.1,11,29,184,B
24,181.4,86.8,19.3,72,138,51.8,18,46,242,C
28,178,83.46,19.4,84,147,48.6,25.3,55,231,A
60,169.3,61.3,26.1,79,131,31.9,22.8,30,164,A
41,176,78.4,22.8,93,153,43.8,16.3,46,205,B
60,164.7,55.8,17.7,83,147,27.2,14.1,27,165,B
57,154.3,62.7,30.2,72,128,24,21.8,29,147,B
23,165.9,55.5,26.9,70,121,19.6,18.7,48,155,D
33,172.7,66.1,18.3,70,107,42.4,18,51,221,A
37,167.8,70,35.6,85,120,26.1,-2.8,13,142,D
63,167.6,57.5,15,85,138,43,12.6,28,197,B
26,172.1,73,17.8,79,141,52.9,11.6,47,214,B
26,170.4,66.8,24.3,85,126,24.3,16.2,48,153,C
63,150.2,51.9,37.4,77,142,19.8,18.8,19,123,B
21,177.6,74.5,78.4,69,122,44.9,26.1,59,235,A
57,175.5,82.3,25.4,85,152,42.5,10.4,27,183,D
26,172,76.7,29.2,88,141,39.1,-25,22,197,D
50,173.6,68.9,22.3,87,144,42.2,16.4,56,195,A
43,159.9,56.4,25.8,64,111,25,17,23,165,C
61,177.8,78.1,15.1,71,127,51.9,3.5,47,140,C
21,172.5,71.3,20.6,69,143,37.3,16.2,37,222,D
56,167.3,54.7,18.7,64,116,36.6,20.5,38,205,B
39,178.3,80.3,21,73,126,49.7,8.9,36,201,C
61,159.4,56.3,25.2,82,159,28,4.8,26,169,D
26,158.2,60.9,32.5,80,120,34,26,50,173,A
25,171.9,80.5,29,76,115,41,14.2,15,202,D
29,162.5,57.2,33.5,78,114,24.7,19.8,36,167,A
25,159,50.3,20.1,60,130,29.8,20.7,44,186,A
45,159,50.1,16,81,136,32.6,28.8,59,212,A
27,176,70.8,16.7,70,114,60.2,17.2,66,241,B
27,168.1,72.7,33.7,84,145,28.5,8.1,25,121,D
26,176.1,73.7,18.1,62,126,42.4,17.9,57,234,B
50,165.5,71.6,19.5,80,146,45.1,0.8,45,217,D
22,170.3,63.1,16.9,74,122,31.7,14.9,51,206,C
35,168.1,67.6,11.1,69,115,47.3,26.7,65,214,A
27,171,63.5,14.7,96,144,35.6,2.7,47,229,D
24,170.2,79.7,13.2,93,149,51.7,17,64,259,D
25,162.9,60.3,27.4,69,108,35.1,9.5,38,195,C
21,171.9,61.4,17.6,99,131,32.1,8.3,44,194,C
64,163.4,62.1,27.3,89,146,35.1,15.5,27,175,B
21,179.1,70.5,12,96,154,46.5,9.3,47,240,C
60,153.2,50.2,32.6,78,143,28.1,20.4,3,118,D
52,169.3,68.8,23.5,92,132,44.1,11.3,36,182,B
35,173.7,68.5,23.2,87,142,43.5,13.5,43,195,B
35,169.7,97.26,33.6,94,139,43.3,5.3,24,200,D
58,177.4,73.2,15.8,72,144,20.5,17.9,36,194,A
41,170.2,85.4,21.3,89,130,49.1,13.4,42,225,B
23,182.8,88.8,28.8,80,151,42.1,16.4,55,221,D
47,176.5,77,15.9,98,153,40.1,19.4,47,213,B
30,180.3,89.2,16.8,68,127,60.2,18,61,260,C
62,162.8,58.2,23.8,73,138,22,20,26,120,B
48,179.2,79.7,27.3,73,120,42,17,31,215,D
57,160.4,62.4,32.7,69,123,24.9,19.5,15,148,B
32,175.7,61.3,19.6,75,128,41.1,-2.5,35,198,D
30,167.2,60.6,22.3,87,141,44.9,9.6,41,193,B
23,168.7,61,12.1,76,111,36.3,24.4,59,242,B
23,179.6,67.6,17,97,137,37.8,14.9,44,175,C
61,177.5,68.4,21.3,65,112,39.7,3.5,24,197,C
53,163.9,60.8,35,89,145,21.3,4.1,17,130,D
27,163.2,53.8,23.3,88,148,29.1,20.1,41,201,A
47,164.7,55.3,28,68,101,22.6,19.5,26,138,B
47,159.9,52,25.2,61,96,27.4,24.4,31,164,A
34,175.6,89.5,25.9,89,135,44.8,16.5,42,206,D
27,173.6,69.2,9,77,127,50,21,51,245,A
21,152.5,47,36.9,67,109,17.5,1.3,9,139,D
22,187,101.3,26.3,75,133,47,8.6,56,242,D
21,160.7,49.6,28.4,88,132,24.6,21.1,56,166,A
38,176.6,69.1,11.4,75,141,43.9,27.5,53,250,A
32,176.1,75.5,18.4,86,148,55.7,6.6,53,210,C
54,156.8,60.6,30.2,86,108,33.4,24,34,162,C
23,155.8,50.4,26.3,67,97,23.9,19.2,32,162,B
26,176.3,75.02,15.5,94,137,43,11.3,54,216,C
22,170.8,66.5,32.6,84,138,27.5,22.7,37,166,A
61,167,62.92,19.5,78,129,31.5,2.6,36,181,C
32,179.3,86,23.5,84,135,52.6,10.5,46,192,B
48,175,84.3,29.2,96,137,37,-2.4,24,171,D
37,161.2,53.6,30.5,70,122,25.4,21.1,19,173,D
34,169.4,77.1,22.8,90,150,51.5,25.9,47,217,B
26,165.3,55.4,26.8,71,122,26.3,24.6,28,156,B
45,149,45.9,30.3,88,121,20.5,6.7,22,138,D
21,174.4,72.8,17.7,66,110,49.9,17.8,42,229,C
30,161.9,67.9,16.5,81,127,44.1,25.1,39,222,B
48,168.1,68,29.3,97,149,37,-0.2,17,169,D
29,163,58.9,28.6,82,115,26.1,23,44,165,B
58,160.2,57.2,42.5,68,106,22.2,14.5,12,103,D
39,159.8,53.7,26.3,91,146,30,20.9,36,185,A
26,183,71.1,15.4,69,109,40.3,18.7,54,222,B
26,160.7,70.4,38.1,69,123,28.4,17.6,33,165,B
39,173.9,65.5,11.1,81,130,47.8,16,54,255,A
26,186,79.3,23.5,70,140,50.9,5.3,45,176,D
21,178.7,65.4,11.4,44,140,43,18.5,56,237,A
21,172.8,79.5,20.5,63,126,48,0.9,53,227,D
43,175,69.5,15.1,90,140,38.3,19.8,51,227,A
33,184.5,108.3,30.2,87,152,58.7,16.7,50,224,D
28,172,68.6,14.8,64,121,50,15.5,52,242,A
30,179,68.8,12.3,63,103,52,19,54,233,A
61,159.6,63.1,32.3,62,115,22.4,12,18,117,C
26,183.3,77.7,18.3,74,132,43.6,14.3,50,218,B
44,156.3,62.1,35.2,54,122,26.9,13.3,37,155,D
54,174.4,74.4,23.7,80,135,34.8,8.3,29,160,D
31,168.1,74.4,25,81,156,40.1,17.6,40,195,D
51,166.1,70.9,25.4,96,147,52.3,13.7,54,207,B
59,178.9,83.6,20.5,79,127,46.9,8.6,42,180,D
27,182.6,74.42,19.4,79,116,51.4,19,57,226,A
42,158.1,62.1,29.1,72,130,30.4,20.1,32,146,B
21,172.9,68.36,34,70,115,21.9,24,42,178,D
59,153.4,53.3,25,89,149,28.8,14,30,128,C
27,178.8,66.4,11.2,78,144,43.9,8.9,39,268,C
21,172.6,71.7,13.4,86,130,51.2,13.6,62,232,B
22,165.3,51.5,22.8,94,130,25.2,28.5,57,173,A
28,165,76.5,21.7,56,107,39.6,23,39,185,A
23,172.5,67.5,17.9,67,112,49,2.2,57,241,D
27,176.5,70,15.1,85,139,65.3,20.5,51,219,B
26,179.9,82.5,18.4,93,133,46.4,22.7,31,248,D
56,159.5,53.9,31.3,70,124,20.7,32,24,135,B
22,158.9,52.6,29.6,65,120,17.2,20.4,23,137,D
49,167.7,72,24.9,86,129,43.1,21,41,209,B
24,161.1,48.1,21.8,63,102,29.6,24.7,46,164,A
39,171.8,70.1,18.7,93,138,55.5,15.8,58,220,A
23,183.2,74.4,9.5,63,118,53.7,13.9,64,218,B
21,177.2,70.4,21.1,70,114,35.5,14.1,35,213,D
57,169.9,69.5,18.3,88,144,48.6,11.1,26,164,C
21,175.3,80.3,13.8,75,136,52.2,24.5,59,245,A
60,157.5,59.4,29,73,119,30.1,29.6,28,152,A
44,185.3,82.7,19,71,111,39.1,8.5,40,220,D
21,169.5,76,27.8,71,120,41.4,3.6,57,211,D
26,168.5,57.58,26,77,123,27.8,22.1,37,159,A
24,161.1,53.7,6.9,63,121,41.8,24.3,60,248,A
48,170.1,83.5,37.5,78,131,29.9,12,17,105,D
63,163.4,56.64,20.4,63,126,29.8,11.6,22,159,C
25,180.9,91.2,23.4,76,117,53.8,21.3,55,259,B
49,171.3,71.9,19.4,75,130,47.5,9.4,48,201,B
60,170,74.8,26.9,81,140,34.9,8.2,29,161,B
28,179.7,74.1,19.1,70,136,37.1,25.5,45,222,C
21,171.2,65.5,20.4,84,136,43.7,20.4,45,224,C
23,179,86.9,20.1,81,123,46.6,19.6,56,207,C
38,177,75,13.9,86,142,52.1,17.8,62,257,A
28,181.9,78.4,7.8,72,138,49,26.4,55,258,A
23,163.6,54.7,28.3,67,129,23,21,48,127,A
21,169.5,83.7,42.9,73,138,21.6,20.3,43,166,D
45,180.9,78.6,18.4,92,146,52.6,19.5,25,214,D
24,163.7,53.4,27.5,83,122,25.7,12.1,37,181,C
27,174,70.5,18,75,145,39.9,10.7,42,246,C
58,150.4,60.8,31.8,65,122,33.1,7.3,22,122,D
31,174.2,83.3,13.3,74,123,55.2,18.4,58,247,C
23,167,59.6,9.5,68,121,40,15.3,32,212,D
29,182,77.2,19,78,134,52.9,5.3,56,234,C
22,183,78.3,17.5,88,135,46.2,5.6,62,206,D
44,159.7,58.8,32.6,75,106,23.5,21.9,20,132,C
21,183.3,76.5,13.8,66,117,41.5,16.3,59,227,B
23,168.1,55.9,26.3,65,97,28.2,15.5,35,160,C
56,178,71.9,17.6,76,133,29.6,4.9,41,175,C
24,165.7,58.2,24.5,73,125,26.8,20.9,52,180,A
23,175.3,77.5,20.1,80,139,43.9,11,37,208,D
58,168.6,100.4,30.3,82,141,43.1,0.1,37,171,D
48,172,75,38.2,71,139,31.9,6.5,21,202,D
21,183,67,14.9,68,123,35.4,4.2,54,205,D
26,179.9,83.4,17.5,76,139,42.1,-5.3,60,233,D
63,167.2,73.3,24.4,83,157,53.3,24.6,31,189,A
25,179.7,79,14.8,98,149,53.9,17.2,58,220,A
32,170.3,66.3,9.3,72,151,47.9,16.7,51,247,A
59,152.6,61.5,36.1,70,122,21.1,16.8,22,120,D
36,179.1,72.3,16.3,93,125,44.2,9.7,39,217,B
40,183.7,97.7,32.6,88,155,47.3,14,32,206,D
29,170.5,68.4,13.5,81,135,39.8,23.3,48,247,B
27,171.8,70.4,17.1,76,136,44.7,13.8,55,247,B
24,166.6,50.5,17.7,60,105,22.6,31,50,198,A
33,163.7,49.1,25.8,81,117,21.6,13.9,38,191,B
49,176.9,73.2,17.9,75,124,53.9,17.5,50,219,C
32,191.4,93.3,14.6,71,149,58.7,15.5,35,235,D
57,155.4,53.8,23.7,77,124,27.6,21.8,35,140,A
28,178.8,68.3,17.4,67,120,35.1,-13.2,49,189,D
52,174,73.2,22.2,92,137,46.1,10.2,46,198,C
28,162.8,56.8,27.9,81,119,32.6,20.9,44,186,A
44,164.5,63.6,28.3,93,123,28.6,19.9,38,138,A
21,162,48.3,21.3,85,119,24,24,28,139,C
58,170,79.8,25.5,98,146,28.7,21.7,26,166,D
27,171.8,75.1,24.9,90,144,42.7,8.6,54,211,C
64,166.2,62.5,23.5,81,151,37.1,13.3,32,177,B
25,172,65.9,18.6,92,140,38.1,12.2,54,227,B
28,171.5,64,18.5,85,135,31.4,18.5,36,198,A
48,151.3,49.4,27.3,45,91,18.7,8.5,21,149,D
62,167.8,65.42,25.5,85,142,28.6,10.5,17,153,D
33,179.5,79.5,7.9,73,136,46.3,19.2,60,269,C
34,180.7,84.9,22.8,90,155,33.9,15.3,57,255,D
60,173.5,75.2,19.9,80,120,47,12.5,26,196,C
25,168.8,87.3,20.6,77,143,60.9,20.7,68,230,A
25,175.2,73.9,11,82,140,54.3,18.4,58,252,A
21,167.7,61.1,28.3,58,109,23.5,22.9,21,172,D
37,166.4,58.2,24.4,72,123,29.1,21.7,37,170,A
25,173.4,72.32,18.7,80,128,45.8,12,52,229,B
51,165.7,58.1,17.9,94,145,36.3,12.1,29,200,C
22,164.6,54.1,27.6,65,110,28.9,18.8,50,158,B
51,163.1,67.7,23.6,96,145,41.8,5.3,42,197,C
31,172.2,64.1,15.7,68,103,33.3,10.8,37,200,C
24,160.4,52.2,26.2,73,134,31.8,26.3,46,161,A
61,169,72.4,26.7,78,120,30.7,23.8,37,187,D
26,177.8,71,17.5,57,112,48.3,-6,35,190,D
40,173.8,73.2,12,80,148,46.9,15,50,250,A
37,178.8,86.1,22.1,92,150,36.8,16.7,41,209,D
21,160.6,53,23.4,68,116,26.9,25.7,25,189,C
44,162.3,55.1,26.8,85,132,25.2,17.8,36,145,B
32,179.8,81.9,23.9,93,141,47.8,6.7,49,252,C
27,177,69.48,13.9,66,125,39.5,6,58,221,C
21,148,43.7,19.3,52,108,28.5,28.9,55,185,A
30,162.1,62,21,84,139,38.1,10.3,53,195,C
21,173.6,69.12,16.1,89,127,48.8,10.1,50,221,C
28,172,74.86,28,80,120,40.5,0.7,59,186,D
64,156,62.2,33.2,78,135,31.7,15.8,23,144,B
55,169.6,71.8,18.5,80,124,42.8,16,26,210,C
39,182.7,80,17.2,92,142,50.7,14.9,46,222,A
33,165.2,61.9,29.9,92,143,30.4,20.5,39,186,A
28,187.7,84.6,10.2,86,152,53.4,6.5,56,237,C
29,179.8,76.44,11.8,96,147,60.3,22.2,62,229,A
21,158.5,51.9,18,87,139,20.3,13.8,61,214,C
21,157.7,45.54,17.7,75,107,22.2,24.9,20,184,D
43,162,72.3,40.5,86,122,26.6,4,22,110,D
35,180.6,78,23.9,90,133,39.1,-10.7,14,179,D
28,178.3,76.8,3,73,145,53.66,29.5,68,259,A
22,180.2,68.4,13.8,79,134,43.1,7.3,62,284,C
45,173.8,70,13.7,67,112,37.4,12.7,34,234,C
22,170.2,61.3,25.4,70,108,27.9,21,29,140,C
62,150.3,57.4,41.1,70,146,18.5,11,3,95,D
62,163.8,68.6,24.7,82,136,41.9,9,32,177,B
23,181.8,78.9,18.3,91,149,51.6,15.4,51,210,C
26,171,69.2,16.6,84,139,45.6,12.6,49,243,B
64,176.1,81.1,23.8,77,142,44.2,14,29,169,C
22,167.9,54.9,20.2,75,123,29.7,21.8,52,214,A
43,168.9,79.6,19.1,78,128,52,18.5,50,221,A
27,164.7,68.1,38.6,91,123,28.4,13.8,42,140,B
21,163.7,51.2,21.6,75,116,28.4,20,57,203,C
21,180.4,89.1,21.1,76,140,45.4,9.5,42,234,C
36,161.4,54.3,30.8,80,135,23.6,22,23,148,C
50,168.2,73.4,26.9,73,138,30.7,-7.5,22,186,D
21,177.6,85.8,21.4,79,142,43.5,20.8,43,248,C
56,152,49,35,79,134,21.6,15.8,10,129,C
34,170.4,64.8,16.9,90,142,47.9,5.8,45,202,C
45,179.4,78.6,22.8,92,159,31.7,15.9,51,218,C
57,163.3,65.1,31.7,59,116,20.3,26.1,10,118,C
22,158.4,63.2,35.8,72,113,21,6.5,33,159,D
25,163.4,54.9,26.3,84,123,30.8,11.5,25,177,C
59,161.4,53.2,29,82,144,24.3,21.4,24,122,A
28,161.5,52.1,33.2,77,120,18.4,-6,10,121,D
28,158.7,57.1,35.7,77,118,29.4,15.7,24,160,D
28,165.1,53.4,23.3,95,128,28.2,23.7,53,165,A
21,171.5,52.5,22.7,74,120,32.8,20.7,41,185,A
48,169.3,60.7,12.8,74,116,35,11.2,53,211,B
26,167,75,27.6,90,145,38.5,17.5,32,174,D
60,171.7,59.3,24,80,128,39.1,13.7,31,163,B
63,168.2,70.64,27,75,126,34.4,-1.4,25,158,D
32,181,78.8,17.6,68,114,49.5,10.6,52,182,B
25,162.9,61,26.4,81,139,18.6,25.6,29,165,C
60,168.3,66.58,22.3,96,157,41,7,34,167,C
25,178,67,18.2,80,123,40.2,17.2,50,230,B
39,161.2,49.2,21.2,45,92,23.5,17.3,28,137,C
37,175.3,88.2,26.7,90,151,53.2,16.2,57,220,B
26,163.6,60.4,35.6,85,116,35.1,19.3,45,159,B
41,169,76.1,19.1,79,152,52.9,10.1,52,236,B
30,172.4,96.7,35.1,78,144,30.7,-2.2,14,163,D
26,153.5,59.7,40.2,68,116,19.6,16.5,7,139,D
33,166.2,57.4,23.7,72,117,28.9,30.2,40,158,B
39,174.9,68.8,24.9,70,107,36.4,7.8,39,190,C
43,167,55.6,25.7,92,136,26.9,18.5,24,137,C
60,167,69.7,17.2,80,120,45.2,8.3,40,195,B
57,162.1,54,9,70,137,32,20.3,46,194,B
48,157.8,59.1,36.5,98,146,32.2,10.7,31,155,C
38,166.7,70.4,29.9,94,124,33.4,15.7,25,213,D
33,174.7,76,19.7,83,123,49.9,5.2,48,214,C
23,159.5,65.6,33.8,92,130,28.1,30.1,44,172,A
25,167,51.2,23.9,80,126,26.1,20.1,21,130,D
42,168.7,68.5,27.7,91,156,36.5,10.2,44,203,D
31,170.9,73.5,21.7,72,126,38.8,9.5,54,226,B
63,168.2,77.3,34.2,94,158,35.1,12,13,174,D
30,179.7,75.7,22.8,83,142,37.6,8,50,223,C
39,167,69.1,19.4,67,117,41,6,36,220,C
28,176.2,70,23.6,83,123,30.3,2.5,39,201,D
30,173.5,70.7,18.6,79,140,56.3,14.7,30,229,D
49,174.8,74.5,21.7,83,117,43.1,2.9,40,178,D
