,id,Age,Flight Distance,Inflight wifi service,Departure/Arrival time convenient,Ease of Online booking,Gate location,Food and drink,Online boarding,Seat comfort,Inflight entertainment,On-board service,Leg room service,Baggage handling,Checkin service,Inflight service,Cleanliness,Departure Delay in Minutes,Arrival Delay in Minutes,Class
0,19556,52,160,5,4,3,4,3,4,3,5,5,5,5,2,5,5,50,44,1
1,90035,36,2863,1,1,3,1,5,4,5,4,4,4,4,3,4,5,0,0,1
2,12360,20,192,2,0,2,4,2,2,2,2,4,1,3,2,2,2,0,0,0
3,77959,44,3377,0,0,0,2,3,4,4,1,1,1,1,3,1,4,0,6,1
4,36875,49,1182,2,3,4,3,4,1,2,2,2,2,2,4,2,4,0,20,1
5,39177,16,311,3,3,3,3,5,5,3,5,4,3,1,1,2,5,0,0,1
6,79433,77,3987,5,5,5,5,3,5,5,5,5,5,5,4,5,3,0,0,1
7,97286,43,2556,2,2,2,2,4,4,5,4,4,4,4,5,4,3,77,65,1
8,27508,47,556,5,2,2,2,5,5,5,5,2,2,5,3,3,5,1,0,1
9,62482,46,1744,2,2,2,2,3,4,4,4,4,4,4,5,4,4,28,14,1
10,47583,47,1235,4,1,1,1,5,1,5,3,3,4,3,1,3,4,29,19,1
11,115550,33,325,2,5,5,5,1,3,4,2,2,2,2,3,2,4,18,7,0
12,119987,46,1009,5,5,5,5,4,5,5,5,5,5,5,5,5,3,0,0,1
13,42141,60,451,1,1,4,1,5,5,4,5,5,5,5,3,5,5,117,113,1
14,2274,52,925,2,2,2,2,5,5,4,4,4,4,4,3,4,5,10,0,1
15,22470,50,83,3,4,0,3,2,0,2,2,4,2,4,4,5,2,5,2,0
16,124915,31,728,2,5,5,5,2,2,2,2,4,3,3,4,3,2,2,0,0
17,17836,52,1075,5,4,5,3,4,5,4,4,3,5,5,4,5,4,0,0,1
18,76872,43,1927,3,4,3,1,4,4,5,5,5,3,5,4,5,3,0,0,0
19,64287,50,3799,5,5,5,5,4,5,4,4,4,5,4,5,4,5,8,0,1
20,63995,60,612,4,4,4,4,2,4,5,5,5,5,5,5,5,5,21,49,1
21,75855,43,1437,3,4,3,4,2,3,2,2,4,2,4,4,5,2,0,0,0
22,106181,55,302,1,2,4,3,4,4,4,4,1,3,2,4,3,4,0,0,0
23,44304,25,1428,4,4,4,4,4,4,4,4,1,5,3,1,5,4,0,0,1
24,82602,30,528,4,3,5,3,2,5,2,2,3,2,3,4,4,2,0,0,0
25,7823,62,710,3,5,3,4,2,3,2,2,3,5,5,4,4,2,0,0,0
26,127781,24,3680,4,1,4,4,2,2,2,2,5,5,5,5,4,2,0,0,1
27,34501,22,1521,4,1,1,1,4,4,4,4,1,4,1,1,5,4,3,13,1
28,121658,44,1543,3,5,3,3,5,4,5,5,5,5,5,5,5,5,0,0,1
29,20219,51,235,4,3,3,3,4,4,4,4,3,2,3,3,4,4,0,0,0
30,67551,43,1235,1,5,1,1,1,1,4,3,3,1,5,4,3,5,0,0,0
31,48994,56,308,2,3,3,3,5,2,5,2,2,2,2,2,2,2,0,0,1
32,70811,41,624,2,3,2,4,5,2,5,5,4,3,3,1,4,5,0,0,0
33,75241,22,1846,4,5,4,4,5,4,5,5,5,4,4,4,4,5,40,68,0
34,12312,53,192,5,2,2,2,3,4,2,5,5,5,5,2,5,4,0,1,1
35,48372,12,674,3,4,3,1,1,3,1,1,3,3,5,4,4,1,80,70,0
36,51477,39,370,3,3,3,3,2,4,5,4,4,4,4,4,4,5,10,12,1
37,84204,55,3169,1,1,1,1,3,5,4,5,5,5,5,3,5,5,73,68,1
38,70990,32,802,4,4,4,2,2,4,4,2,4,2,4,3,5,2,0,10,0
39,101991,40,628,1,4,1,3,5,1,5,5,3,2,5,5,4,5,4,0,0
40,87447,42,373,3,3,3,5,4,3,4,4,3,2,5,5,5,4,0,0,0
41,16112,24,725,4,4,4,2,2,4,2,2,4,2,3,1,5,2,0,4,1
42,16172,22,277,3,3,3,3,3,3,3,1,5,4,3,3,2,3,116,177,0
43,106558,28,1024,1,1,1,1,4,4,4,4,5,3,5,5,4,4,0,3,1
44,11536,36,267,2,3,3,3,2,2,2,2,1,1,3,4,4,2,59,55,0
45,47773,62,550,5,1,1,1,4,2,1,5,5,5,5,5,5,2,92,90,1
46,70521,60,1889,2,2,3,2,3,5,4,5,5,5,5,5,5,3,0,0,1
47,96283,59,460,2,5,2,5,3,3,4,5,5,2,4,1,5,2,4,2,0
48,117993,49,3295,4,4,3,4,2,5,4,5,5,5,5,5,5,3,0,4,1
49,74703,44,1205,2,4,2,3,4,4,3,4,4,2,4,2,4,2,0,0,0
50,110840,58,990,3,5,2,3,3,4,5,1,1,2,1,5,1,3,0,0,0
51,88249,24,444,4,0,4,2,2,4,2,2,5,3,5,3,5,2,20,32,1
52,125877,53,520,4,2,2,2,3,3,4,4,4,4,4,3,4,3,17,0,1
53,83968,56,321,2,3,4,3,2,2,2,2,2,5,3,3,3,2,0,0,0
54,122719,30,651,3,3,4,3,5,5,5,5,4,5,4,3,5,5,0,0,1
55,3949,27,764,3,3,3,2,2,3,2,2,2,1,3,3,2,2,30,46,0
56,45542,27,566,3,3,3,3,5,5,5,5,4,3,1,1,1,5,0,0,1
57,43742,67,626,3,4,3,1,2,4,5,3,3,3,3,3,3,5,0,0,0
58,122093,32,130,3,0,3,3,4,3,5,4,2,2,4,5,3,4,3,4,0
59,121454,36,331,2,0,2,1,1,2,1,1,4,3,4,1,3,1,0,0,0
60,738,44,158,3,3,3,3,5,4,5,4,4,5,4,4,4,5,66,57,1
61,75235,70,1829,1,4,1,1,2,5,5,5,5,1,5,4,5,3,0,0,0
62,88653,55,646,3,2,3,4,4,3,4,5,5,3,5,4,5,3,0,3,0
63,26594,66,404,4,1,1,1,4,4,4,4,3,1,3,2,5,4,9,6,1
64,38339,19,2738,5,5,5,5,3,4,3,3,5,3,3,1,2,3,0,0,1
65,46063,53,964,1,5,1,2,4,4,5,4,4,1,4,5,4,4,6,0,0
66,27957,22,1660,2,2,2,2,2,2,2,2,4,3,2,2,4,2,0,0,0
67,17270,69,872,2,3,2,2,4,2,3,5,5,2,5,3,5,3,14,0,0
68,87976,42,1898,5,5,5,5,5,4,4,5,5,5,5,4,5,3,49,47,1
69,31640,41,967,2,2,2,2,2,3,5,4,4,4,4,5,4,5,44,40,1
70,41461,53,1242,3,4,3,5,3,3,5,1,1,3,1,4,1,4,3,0,0
71,15143,35,1042,3,2,2,2,2,4,3,3,3,3,3,3,3,2,0,0,0
72,78136,54,153,3,5,3,5,2,4,5,2,2,3,2,4,2,5,0,0,0
73,120433,44,366,3,3,2,3,2,5,4,4,4,4,4,3,4,4,5,24,1
74,41440,26,913,1,2,2,2,4,2,3,4,3,2,1,1,4,4,0,0,0
75,15963,44,528,2,5,2,3,2,5,4,5,5,2,5,3,5,3,0,0,0
76,64303,24,1172,2,3,3,2,5,3,5,5,4,5,5,4,5,5,28,27,0
77,3608,54,999,2,4,2,4,4,5,5,5,5,2,5,5,5,4,0,0,0
78,7744,42,489,2,2,2,2,2,2,2,2,4,3,3,1,2,2,0,0,0
79,21276,36,692,1,1,1,4,1,1,1,1,1,5,3,1,2,1,0,0,0
80,58576,61,1585,2,2,3,2,1,1,5,3,3,4,3,4,3,4,24,20,1
81,53888,50,140,2,4,2,4,4,4,5,2,2,2,2,3,2,5,0,0,0
82,10980,27,2729,3,3,3,3,5,5,5,5,4,4,4,5,2,5,44,52,1
83,54151,55,1400,3,5,5,5,4,3,2,3,3,3,3,1,3,4,1,0,0
84,115641,21,447,2,2,1,4,1,1,1,1,4,4,3,4,3,1,7,0,0
85,58584,31,334,2,1,2,4,5,2,5,5,2,4,3,2,4,5,5,0,0
86,50472,37,158,1,2,1,3,1,1,1,1,1,4,3,4,3,1,24,20,0
87,102623,50,3696,1,1,5,1,2,4,4,5,5,5,5,4,5,5,9,0,1
88,31533,21,846,1,4,1,3,3,1,3,3,5,4,5,4,5,3,9,17,0
89,42287,53,329,1,0,0,3,1,3,3,4,4,1,4,4,4,1,0,0,0
90,70467,45,2580,3,3,3,3,3,4,4,5,5,5,5,3,5,4,0,11,1
91,20461,42,84,3,5,3,1,5,3,5,5,5,5,3,5,4,5,0,34,0
92,113346,59,3358,3,3,3,3,3,5,4,4,4,4,4,4,4,3,0,0,1
93,115566,54,308,2,1,4,4,5,3,3,2,2,2,2,4,2,1,83,95,0
94,119896,46,912,1,1,1,1,2,4,4,4,4,4,4,5,4,4,5,0,1
95,88853,52,406,3,4,3,1,2,5,4,2,2,3,2,3,2,4,0,0,0
96,24895,38,397,2,5,2,2,5,2,5,5,5,4,4,5,5,5,0,0,0
97,31122,35,2409,3,3,3,3,1,4,3,4,4,4,4,3,4,3,0,0,1
98,91231,41,545,2,2,2,3,4,2,4,4,1,3,4,1,4,4,0,0,0
99,61426,40,2419,2,2,2,3,4,2,4,4,3,2,3,3,5,4,0,0,0
100,68873,36,1061,2,2,2,1,4,2,4,4,1,4,2,4,2,4,13,0,0
101,125701,67,899,2,5,2,2,2,2,2,2,5,2,4,5,5,2,0,0,0
102,94999,38,293,4,4,4,4,5,4,5,5,2,2,4,4,4,5,5,0,1
103,56694,50,1085,3,5,3,2,5,5,5,5,5,3,5,3,5,4,0,0,0
104,62010,50,2475,5,5,5,5,2,5,4,2,2,2,2,3,2,5,0,0,1
105,95868,54,2544,5,5,3,5,5,4,5,3,3,3,3,4,3,5,62,66,1
106,123064,56,2556,4,4,4,4,4,5,4,4,4,4,4,3,4,5,117,113,1
107,103418,38,237,3,4,3,4,2,3,2,2,3,3,4,4,3,2,0,2,0
108,73456,7,1120,3,5,3,3,2,3,2,2,4,4,4,5,5,2,16,13,0
109,8851,32,2668,5,5,4,5,4,4,4,4,5,2,5,5,5,4,2,0,1
110,64241,45,1660,4,1,1,1,4,4,4,4,2,5,2,4,3,4,0,7,0
111,81723,25,1310,2,2,2,4,3,2,3,3,1,4,3,1,4,3,0,24,0
112,88237,45,2374,5,5,5,5,4,5,4,4,4,4,4,5,4,5,0,0,1
113,50619,34,209,3,4,0,1,1,0,1,1,1,5,5,2,3,1,0,0,0
114,54444,20,305,3,4,3,3,1,3,1,1,3,3,4,4,5,1,5,2,0
115,64765,36,247,2,1,2,3,1,2,1,1,4,1,3,1,2,1,16,6,0
116,15941,36,338,3,4,3,4,2,3,2,2,3,4,3,1,3,2,0,0,0
117,14965,27,3200,1,1,1,1,5,5,5,5,4,5,2,2,1,5,0,0,1
118,36897,40,1368,3,4,2,4,3,2,3,3,4,2,3,3,4,3,0,0,0
119,127954,31,1999,4,5,4,4,5,5,5,5,4,4,4,3,4,5,0,4,1
120,27872,25,680,0,5,0,2,1,0,1,1,3,1,4,5,5,1,0,0,1
121,35854,42,537,2,2,2,2,1,5,3,5,5,5,5,4,5,3,0,0,1
122,14527,45,288,5,1,1,1,1,2,3,5,5,5,5,1,5,3,29,40,1
123,47021,59,639,2,1,2,3,4,3,3,3,3,2,3,2,3,1,0,11,0
124,11224,34,201,3,5,3,3,2,3,5,2,5,2,1,3,1,2,3,8,0
125,3921,22,213,3,5,3,4,3,3,1,3,1,5,1,3,2,3,0,17,0
126,69463,21,1096,2,2,2,4,2,2,3,2,3,1,3,2,4,2,0,0,0
127,47050,26,1680,3,1,1,1,3,3,3,3,1,2,4,2,3,3,27,10,0
128,21970,37,2401,2,2,2,2,5,3,1,4,4,4,4,1,4,5,94,86,1
129,30046,38,2746,2,2,2,2,2,5,2,4,4,4,4,1,4,5,0,0,1
130,1256,17,89,3,4,3,1,5,3,3,5,3,4,5,5,5,5,0,0,0
131,73813,15,192,2,4,2,3,5,2,5,5,5,4,5,5,5,5,5,8,0
132,110928,53,404,3,3,3,4,4,4,4,5,5,3,5,1,5,2,0,0,0
133,102981,39,546,4,4,4,4,2,4,2,2,3,5,5,3,4,2,93,88,0
134,61571,40,2400,4,3,4,4,2,4,5,5,5,5,5,3,5,3,0,0,1
135,3796,28,599,2,2,2,3,4,2,4,4,3,3,3,1,3,4,0,46,0
136,73906,27,2342,3,3,3,4,2,3,2,2,4,3,5,3,5,2,10,0,0
137,74090,41,3046,5,5,5,5,3,5,5,4,4,4,4,4,4,5,0,0,1
138,76645,7,516,2,4,2,3,5,2,5,5,5,4,5,5,4,5,0,0,0
139,100462,48,759,3,3,3,2,2,3,2,2,4,2,5,4,5,2,2,1,0
140,54164,13,1400,2,1,1,1,2,1,2,2,4,3,3,3,4,2,0,0,0
141,6147,48,491,3,3,3,3,4,4,4,4,4,4,4,3,4,5,0,0,1
142,1262,49,134,3,3,3,3,5,3,3,4,4,3,4,1,4,4,8,3,0
143,20310,26,900,5,5,5,3,1,5,1,1,4,3,5,5,5,1,5,0,1
144,46896,22,3648,2,2,2,2,3,3,3,3,2,4,3,5,3,3,0,0,1
145,7237,53,3769,3,1,5,1,1,3,1,2,4,3,4,1,2,1,180,178,0
146,44293,43,563,4,4,4,4,3,5,5,4,4,4,4,5,4,5,0,0,1
147,52496,56,3131,1,1,1,1,2,5,4,4,4,4,5,4,4,5,0,0,1
148,68263,69,631,3,5,2,5,3,3,4,5,5,2,5,1,5,1,0,0,0
149,5289,59,351,4,3,4,4,1,4,1,1,1,5,4,2,4,1,0,0,1
150,109359,56,1189,5,5,3,5,5,4,5,2,2,2,2,4,2,3,9,0,1
151,94988,11,562,5,5,5,5,3,5,3,3,4,4,5,1,2,3,0,0,1
152,53605,25,1874,4,3,3,3,4,4,3,4,3,1,4,5,1,4,86,78,1
153,11005,29,158,4,0,4,1,2,4,2,2,1,5,2,2,2,2,0,0,1
154,14794,48,95,5,3,3,3,1,2,1,5,5,5,5,1,5,2,0,0,1
155,49480,42,266,1,1,1,1,4,3,4,4,4,4,4,2,4,1,0,0,1
156,120440,15,449,1,4,1,2,3,1,4,3,1,3,5,4,5,3,0,0,0
157,55823,49,1416,3,4,4,2,2,3,2,2,4,2,5,5,4,2,0,0,0
158,107792,41,2388,2,2,2,2,5,5,4,4,4,4,4,5,4,5,29,18,1
159,80531,43,1678,1,1,2,1,3,4,4,2,2,2,2,4,2,5,0,0,1
160,128145,60,1972,5,5,2,5,4,3,5,5,5,5,5,5,5,3,0,0,1
161,63370,42,337,4,1,4,3,3,3,3,3,3,4,1,2,3,2,0,0,1
162,12452,8,253,3,3,3,1,4,3,4,4,5,5,2,4,3,4,0,0,0
163,16145,42,212,5,3,3,3,5,3,5,5,5,5,5,5,5,2,82,72,1
164,44418,18,342,1,1,1,3,3,1,3,3,2,1,4,1,3,3,32,41,0
165,95746,47,3556,2,2,2,2,3,5,3,5,5,5,5,3,5,4,0,0,1
166,41134,27,191,4,4,4,4,5,4,5,5,2,1,3,2,3,5,16,12,0
167,3214,67,693,3,1,3,1,5,1,2,1,1,3,1,1,1,4,100,91,0
168,74101,38,641,5,5,5,3,2,5,2,2,5,5,4,3,5,2,0,0,1
169,106220,20,471,4,5,4,4,3,4,3,3,4,3,4,5,4,3,0,0,0
170,88134,60,3823,2,2,1,2,4,4,4,5,5,4,5,3,5,3,1,0,1
171,64475,23,282,4,5,4,1,4,4,4,4,3,3,5,3,4,4,9,1,1
172,123812,25,544,3,5,3,1,2,3,2,2,4,2,5,4,4,2,0,0,0
173,88893,38,2955,3,3,3,3,3,5,5,4,4,4,4,3,4,3,0,0,1
174,31244,40,2806,1,1,1,1,3,1,5,5,5,5,5,5,5,5,0,4,1
175,97762,19,587,3,4,3,5,1,3,1,1,5,3,5,4,4,1,0,0,0
176,59851,61,2073,3,3,3,3,4,5,4,4,4,4,4,4,4,5,6,0,1
177,25137,44,1249,3,4,3,3,5,3,5,5,5,2,3,4,4,5,25,6,0
178,18412,22,284,3,5,3,1,3,3,3,3,4,5,5,3,5,3,34,35,0
179,87192,8,946,2,2,2,2,3,2,3,3,1,5,3,4,3,3,2,0,0
180,127062,45,3947,3,4,4,4,3,4,4,3,3,3,3,4,3,3,25,16,0
181,112169,46,895,4,5,4,1,1,4,1,1,2,1,3,3,5,1,40,25,1
182,127798,54,1634,3,2,5,2,4,4,4,3,3,3,3,3,3,1,90,77,0
183,91778,62,588,2,1,1,2,1,1,1,1,1,4,3,2,3,1,0,0,0
184,42609,25,2533,5,5,5,5,2,2,2,2,5,1,2,1,3,2,0,0,1
185,67482,32,641,3,4,3,2,2,3,2,2,4,5,4,5,4,2,0,0,0
186,91108,65,581,4,4,4,2,4,4,4,1,1,4,1,4,1,5,1,3,0
187,102318,40,223,2,2,2,4,2,2,2,2,4,4,4,3,5,2,0,0,0
188,51281,30,326,0,0,0,5,2,0,2,2,4,1,3,4,5,2,0,0,1
189,6528,67,599,3,1,3,2,1,1,2,3,3,3,3,2,3,1,0,0,0
190,121232,51,2075,5,5,5,5,2,5,5,5,5,5,5,3,5,3,0,0,1
191,72478,47,964,5,5,4,5,5,4,5,5,5,5,5,4,5,3,1,3,1
192,122788,38,599,1,4,4,4,1,1,1,1,2,3,3,3,3,1,8,0,0
193,5528,54,3138,1,1,1,1,5,5,4,4,4,4,4,3,4,4,0,0,1
194,107726,57,251,1,5,0,5,3,2,3,1,1,0,3,5,1,3,0,4,0
195,72606,13,1119,1,5,1,3,2,1,2,2,3,4,4,5,5,2,0,0,0
196,75522,20,337,4,0,4,3,4,4,4,4,3,5,4,4,5,4,0,0,1
197,125687,45,759,2,2,2,2,2,2,1,2,2,2,2,3,2,4,23,94,0
198,79908,51,2344,2,2,2,2,3,4,5,3,3,3,3,3,3,3,0,0,1
199,117345,25,296,0,0,0,3,2,0,2,2,4,4,4,5,5,2,0,0,1
200,73465,39,1005,1,4,2,3,2,1,5,5,2,4,5,5,4,5,168,163,0
201,95851,46,580,3,3,3,3,3,5,4,4,4,4,4,3,4,5,18,16,1
202,44992,53,359,1,3,3,3,1,1,1,1,1,2,3,4,4,1,0,0,0
203,70631,61,1217,0,4,0,1,5,5,5,4,4,0,4,4,4,4,0,0,1
204,13761,61,384,4,5,5,5,3,3,2,4,4,4,4,3,4,5,96,102,1
205,74968,16,2586,3,5,3,4,4,3,4,4,5,2,4,5,4,4,45,42,0
206,12371,44,2903,2,1,1,1,2,3,3,2,2,2,2,3,2,1,0,1,0
207,8378,17,3170,5,5,5,5,5,5,5,5,1,3,3,1,5,5,16,0,1
208,82080,50,1276,2,2,2,2,4,2,3,2,2,2,2,1,2,1,35,49,0
209,107972,40,825,4,4,4,3,5,4,5,5,5,3,4,3,5,5,0,4,1
210,101228,47,2204,5,5,5,5,4,4,4,2,2,2,2,4,2,3,6,0,1
211,85577,80,3464,1,1,1,1,2,4,4,4,4,4,4,5,4,4,0,0,1
212,2717,38,562,5,3,5,3,4,5,4,4,1,1,3,4,3,4,0,0,1
213,88529,31,404,5,1,5,3,3,5,3,3,4,2,4,4,4,3,0,0,1
214,91613,59,1199,4,2,2,2,5,4,4,4,4,4,4,3,4,1,0,15,0
215,88865,22,1968,4,4,4,4,4,4,4,4,1,2,3,4,4,4,0,0,0
216,96960,53,2560,5,5,5,5,5,4,5,3,3,3,3,3,3,3,0,3,1
217,51191,56,308,4,2,2,2,5,3,4,4,4,4,4,5,4,2,0,0,1
218,9461,48,362,4,4,5,3,2,4,5,3,3,5,3,5,3,4,0,0,0
219,66384,38,1562,3,3,3,5,2,3,2,2,5,2,5,3,4,2,2,25,0
220,41934,64,129,1,0,1,2,1,1,1,1,3,2,5,4,4,1,13,9,0
221,25381,67,591,2,4,2,3,5,2,3,5,4,4,4,3,5,5,0,0,0
222,14757,62,3692,2,2,4,2,3,4,2,4,4,4,4,1,4,2,0,0,1
223,94013,57,1859,1,1,1,1,2,5,5,4,4,4,4,5,4,5,16,15,1
224,80107,27,986,2,1,1,3,1,2,1,1,1,5,1,1,3,1,24,32,0
225,23590,25,1024,1,1,1,3,5,1,5,5,1,4,4,1,4,5,13,11,0
226,110384,52,919,3,4,4,4,3,2,2,3,3,3,3,1,3,1,85,72,0
227,15069,45,576,4,2,2,2,3,1,3,4,4,4,4,5,4,2,0,0,1
228,17128,23,423,3,3,3,3,1,3,1,1,2,2,3,3,3,1,6,13,0
229,54060,55,1416,5,2,2,2,5,5,5,5,4,3,5,2,5,5,1,0,1
230,129240,53,1464,3,2,2,2,5,4,4,3,3,3,3,3,3,3,0,0,0
231,97165,9,715,4,4,4,3,1,4,1,1,5,4,4,4,4,1,11,4,1
232,111696,33,541,2,2,3,2,4,4,4,4,5,2,5,3,4,4,86,85,1
233,1887,64,293,3,3,3,3,3,3,3,3,4,4,4,4,4,3,3,0,0
234,89086,8,2092,2,3,3,3,4,2,4,4,4,3,3,3,3,4,26,23,0
235,35485,34,1053,4,4,4,1,3,4,3,3,3,2,5,3,5,3,34,15,0
236,35719,59,2521,1,1,1,3,1,3,5,2,3,3,2,5,2,5,0,2,0
237,85669,13,2544,3,1,3,3,3,3,3,3,4,3,4,3,3,3,0,0,0
238,1137,44,158,4,4,4,2,2,4,2,2,2,5,1,4,5,2,0,0,0
239,8358,54,1741,1,1,1,1,4,4,5,4,4,4,4,4,4,3,0,0,1
240,17217,36,2651,4,4,4,4,3,4,4,5,5,5,5,5,5,3,10,0,1
241,44847,11,760,3,5,3,1,5,3,5,5,3,5,5,4,4,5,102,88,0
242,96673,32,1036,1,5,1,2,5,1,5,5,5,5,5,5,4,5,12,9,0
243,80152,42,2586,1,3,3,3,1,1,1,3,5,2,3,1,4,1,0,0,0
244,82277,27,1081,1,1,1,4,2,1,2,2,1,5,3,3,1,2,4,0,0
245,123927,33,646,2,4,2,3,3,2,3,3,4,1,3,2,5,3,1,0,0
246,115766,28,308,1,3,3,3,1,1,1,1,3,3,3,3,3,1,0,0,0
247,21134,44,227,4,5,0,1,2,0,2,2,3,4,4,5,5,2,0,0,1
248,112062,49,1754,3,3,3,3,4,3,5,4,1,4,3,4,4,4,33,28,0
249,28643,59,2176,2,3,2,2,3,5,2,5,5,5,5,4,5,4,5,0,1
250,108010,20,271,0,0,0,1,1,0,1,1,5,4,4,4,4,1,0,0,1
251,92145,46,1522,3,2,3,3,3,5,4,4,4,4,4,3,4,5,0,0,1
252,115846,36,325,5,5,5,5,5,5,5,5,1,5,3,1,3,5,0,0,1
253,99685,62,3217,2,2,2,2,5,4,4,4,4,4,4,4,4,5,19,16,1
254,112072,59,1491,3,3,3,3,2,4,4,3,3,2,3,4,3,3,15,14,1
255,119226,29,331,3,4,3,4,3,3,3,3,5,4,2,2,4,3,0,0,0
256,115925,41,371,2,2,2,1,1,2,1,1,4,4,2,1,1,1,35,30,0
257,106552,7,727,1,5,1,3,4,1,4,4,4,1,1,5,4,4,0,0,0
258,25126,65,1249,3,5,3,2,4,4,4,3,3,3,3,4,3,5,40,44,0
259,33426,50,2614,2,2,2,2,5,4,4,2,4,4,2,4,2,4,0,9,1
260,125844,20,951,2,3,3,3,2,2,4,2,3,5,3,1,4,2,57,41,0
261,70328,58,2498,3,3,3,3,4,4,4,5,5,5,5,4,5,3,0,0,1
262,88847,45,545,2,5,2,2,4,1,1,2,2,2,4,4,2,3,14,20,0
263,108398,46,1838,1,5,1,3,5,1,5,5,3,2,5,4,5,5,0,0,0
264,97316,43,3724,3,3,3,3,4,4,5,5,5,5,5,4,5,3,19,7,1
265,124811,26,280,2,2,2,2,2,2,2,2,2,3,2,2,3,2,0,6,0
266,23012,41,641,5,1,1,1,5,5,5,5,3,4,3,5,5,5,0,0,1
267,18088,50,488,3,5,3,1,3,4,5,5,5,3,5,5,5,3,0,0,0
268,37982,38,1237,3,4,3,1,4,3,4,5,5,3,5,5,5,5,6,0,0
269,31332,38,1062,1,1,1,2,3,1,3,3,4,1,4,5,3,3,0,0,0
270,97455,55,2699,2,2,2,2,2,5,4,3,3,3,3,4,3,4,0,3,1
271,28901,49,679,1,1,1,1,2,5,4,4,4,4,4,2,4,1,51,71,1
272,107606,33,423,4,4,4,3,4,4,4,4,3,2,4,5,5,4,0,5,0
273,53258,57,4817,4,4,4,4,5,5,5,3,3,4,4,5,4,5,0,19,1
274,14292,35,3833,3,3,3,3,3,2,3,5,5,5,5,4,5,4,0,3,1
275,68232,40,2559,5,5,5,5,3,5,5,4,4,4,4,3,4,3,0,0,1
276,51224,37,373,4,4,4,4,3,4,3,3,4,4,1,1,1,3,0,0,0
277,121386,52,2279,2,5,2,3,2,4,2,5,3,4,5,2,4,2,17,79,0
278,31668,41,862,2,2,2,2,2,2,2,2,3,5,2,3,3,2,0,0,1
279,24628,14,666,3,3,3,2,3,1,1,4,2,1,5,1,4,1,243,251,0
280,95876,32,759,2,2,2,2,5,4,5,5,3,5,4,4,4,5,0,0,1
281,62793,11,2338,2,4,2,3,2,1,1,3,2,4,5,1,4,1,152,151,0
282,83516,12,946,1,3,1,5,2,1,2,2,1,3,2,2,3,2,0,0,0
283,13221,41,772,4,3,3,3,4,4,4,4,2,1,4,4,3,4,0,0,1
284,100404,45,1011,3,2,2,5,4,3,4,4,4,3,4,4,5,4,0,0,0
285,121453,21,257,2,0,2,4,5,2,1,5,1,5,1,4,5,5,0,1,0
286,21454,31,164,2,3,3,3,2,2,2,2,3,3,3,1,3,2,0,0,0
287,15937,38,166,4,3,2,3,4,4,4,4,5,5,4,4,5,4,17,17,1
288,70105,40,2280,4,4,4,4,3,5,5,5,5,5,5,4,5,5,19,38,1
289,47540,13,590,5,4,5,2,5,5,5,5,4,4,4,4,4,5,0,0,1
290,57561,44,1597,2,2,2,2,3,4,4,2,2,2,2,5,2,4,0,5,1
291,124103,66,2264,3,5,4,5,5,4,4,3,3,3,3,2,3,4,0,0,0
292,125736,30,814,5,5,5,5,5,5,5,5,3,2,1,2,3,5,0,0,1
293,93362,44,1024,3,1,3,3,4,3,4,4,1,1,4,3,3,4,2,0,0
294,95429,53,3276,0,5,0,4,4,5,4,3,3,3,3,5,3,5,0,0,1
295,106943,37,2567,2,2,4,2,4,4,4,5,5,5,5,3,5,5,0,12,1
296,100691,39,889,2,5,2,3,3,2,3,3,3,3,4,3,4,3,38,30,0
297,119948,29,1009,2,2,2,4,3,2,3,3,3,5,4,5,4,3,0,0,0
298,15778,38,198,4,5,5,5,4,4,4,4,3,4,4,4,3,4,42,65,0
299,68342,59,1598,3,3,3,3,4,3,4,5,5,5,5,3,5,5,0,0,1
300,24665,19,873,1,0,1,3,4,1,4,4,3,4,4,3,5,4,57,65,0
301,81029,39,1399,4,4,2,4,4,4,5,5,5,5,5,3,5,5,16,4,1
302,70371,22,1145,3,5,3,1,4,3,4,4,5,2,4,5,5,4,0,10,0
303,1386,50,282,0,4,0,5,4,0,3,4,4,4,4,3,4,4,18,10,1
304,35225,22,1076,5,1,1,1,5,5,5,5,3,1,2,2,1,5,47,62,1
305,86204,56,3927,4,4,4,4,5,5,5,4,4,4,4,4,4,4,0,1,1
306,126370,39,507,3,5,4,2,4,4,4,4,5,5,4,3,5,4,0,0,0
307,116184,29,325,4,3,4,4,5,4,5,5,2,5,4,3,4,5,0,0,1
308,89613,42,3404,5,5,5,5,3,5,4,5,5,5,5,3,5,3,8,0,1
309,99020,56,2387,4,4,4,4,2,5,4,3,3,4,3,4,3,3,33,21,1
310,18463,27,192,3,3,3,3,4,4,3,4,2,3,2,1,3,4,0,1,1
311,96637,21,972,2,2,2,3,4,2,4,4,5,4,5,3,5,4,0,0,0
312,114678,42,362,1,1,1,1,4,5,4,5,5,4,5,4,5,5,0,17,1
313,97639,48,1587,1,1,1,1,5,4,5,4,4,4,4,4,4,3,60,68,1
314,75061,53,2611,4,5,4,4,4,3,5,4,4,4,4,3,4,4,0,0,1
315,51744,64,651,4,5,4,4,2,4,4,2,2,4,2,3,2,5,0,0,0
316,44413,49,342,3,4,3,2,4,4,4,4,4,3,4,3,4,5,0,0,0
317,2389,49,1625,5,5,5,5,4,4,4,5,5,5,5,4,5,5,0,4,1
318,105062,23,361,2,4,3,2,3,3,3,3,5,5,4,4,5,3,0,0,0
319,91464,50,3511,3,5,3,5,1,1,1,3,3,3,3,4,3,3,0,29,0
320,55721,51,927,1,4,1,3,2,1,5,2,3,5,4,4,4,2,0,0,0
321,65726,34,3666,4,4,4,4,5,4,5,5,5,5,5,3,5,3,0,0,1
322,8473,49,1187,1,1,1,1,3,5,4,3,3,3,3,4,3,3,33,40,1
323,13488,56,106,5,2,2,2,4,1,2,5,5,5,5,4,5,3,11,4,1
324,58611,46,235,2,2,2,2,3,5,4,4,4,4,4,3,4,3,24,24,1
325,39607,25,965,2,5,2,1,2,2,2,2,4,4,4,4,5,2,0,0,0
326,41704,68,936,3,4,3,1,4,4,5,5,5,3,5,4,5,4,0,0,0
327,126579,10,1558,2,4,2,2,1,2,1,1,3,2,3,4,4,1,91,93,0
328,44232,44,222,4,1,1,1,2,5,5,3,3,4,3,4,3,3,0,0,1
329,44021,61,680,4,4,4,1,3,4,4,1,1,4,2,4,1,3,2,0,0
330,67502,18,641,3,4,3,1,4,3,1,4,2,1,1,2,4,4,13,1,0
331,19525,58,3065,0,5,0,3,4,4,4,2,2,2,2,4,2,3,0,0,1
332,110015,58,3736,2,1,1,1,2,2,2,2,2,3,2,2,2,3,52,41,0
333,30960,64,1024,4,4,4,2,4,4,4,4,3,2,5,5,4,4,12,5,0
334,2153,66,685,2,4,2,1,5,4,5,3,3,2,3,5,3,4,0,0,0
335,115097,21,296,4,0,4,4,4,4,5,4,4,3,5,4,4,4,19,12,1
336,63204,39,337,4,4,4,4,2,5,4,5,5,5,5,4,5,4,5,0,1
337,113849,50,1363,2,2,2,2,2,2,2,3,5,4,4,2,5,2,238,232,1
338,95508,43,189,1,2,2,2,4,3,3,1,1,1,1,4,1,2,13,11,0
339,112350,41,1620,4,4,4,4,4,5,5,2,2,2,2,5,2,5,7,0,1
340,20650,46,552,4,4,4,4,4,4,4,4,3,3,2,2,3,4,4,0,1
341,65517,41,1616,4,4,4,4,5,5,5,4,4,5,4,3,4,5,2,6,1
342,116988,31,646,3,4,5,5,3,3,3,3,1,5,4,4,3,3,0,0,0
343,116210,53,404,4,4,4,4,5,4,5,3,3,4,5,5,3,5,21,13,0
344,15218,39,3601,2,2,2,2,4,5,2,4,4,4,4,1,4,3,0,0,1
345,35387,53,635,2,2,2,2,5,5,5,1,1,2,3,5,3,5,150,156,1
346,20002,25,646,4,5,5,5,4,4,4,4,3,4,5,5,3,4,13,4,1
347,102927,20,317,3,4,3,3,3,3,3,3,4,1,3,4,4,3,23,14,0
348,92462,46,1892,3,3,3,3,2,3,2,2,3,4,4,4,3,2,0,0,0
349,70950,10,612,3,4,2,3,1,2,1,1,2,5,3,5,3,1,0,0,0
350,76034,47,2609,3,3,3,3,5,4,5,4,4,4,4,5,4,5,0,0,1
351,97177,32,1357,3,3,2,3,5,2,5,5,2,5,4,4,3,5,4,0,0
352,51719,14,237,2,4,2,4,2,2,2,2,3,5,5,4,5,2,3,12,0
353,129201,16,2442,2,2,2,2,4,4,4,4,3,3,3,5,5,4,0,0,1
354,35558,53,950,1,5,0,4,2,5,4,1,1,0,1,4,1,3,0,0,0
355,109398,55,2896,1,1,1,1,3,5,5,5,5,5,5,4,5,3,2,0,1
356,65351,28,1537,2,2,2,2,5,5,5,5,5,3,5,4,5,5,0,0,1
357,102482,49,197,2,3,2,4,4,4,3,3,3,2,2,3,3,1,3,0,0
358,17932,54,789,1,4,1,3,1,1,1,1,4,3,5,5,5,1,0,0,0
359,122276,70,541,3,4,3,4,4,5,4,5,5,3,3,5,5,5,0,0,0
360,57484,25,782,2,2,2,4,1,2,1,1,3,4,4,4,3,1,9,19,0
361,121069,48,951,1,1,1,1,5,4,5,3,3,3,3,5,3,3,0,0,1
362,41414,7,563,2,4,2,2,2,2,2,2,5,3,5,5,4,2,0,0,0
363,49839,39,109,3,3,3,3,3,3,3,3,3,2,3,3,3,3,0,5,0
364,48189,79,414,2,1,1,1,2,2,2,2,1,2,3,1,3,2,1,0,0
365,82445,28,502,4,4,4,3,5,4,5,5,4,3,5,3,5,5,0,0,0
366,108108,41,990,4,4,4,4,4,4,5,4,4,4,4,3,4,3,37,38,1
367,63984,27,1192,1,1,1,4,1,1,1,1,1,4,4,4,4,1,0,32,0
368,105287,59,2869,5,5,5,5,3,5,4,5,5,5,5,5,5,3,0,1,1
369,9385,21,401,3,2,5,3,5,5,5,5,3,2,3,4,3,5,71,117,0
370,25265,48,425,5,4,4,4,5,5,5,5,4,3,1,5,4,5,0,0,1
371,119844,53,1095,3,5,5,5,3,3,3,3,1,1,3,3,4,3,0,0,0
372,33840,42,1609,2,4,1,4,2,2,3,2,2,2,2,2,2,1,12,0,0
373,81815,48,1310,1,1,1,4,1,1,1,1,2,5,4,2,4,1,52,27,0
374,83524,59,946,4,2,3,2,1,3,1,1,4,1,3,3,3,1,0,0,1
375,78999,53,3804,2,2,2,2,5,4,4,5,5,5,5,5,5,3,0,0,1
376,46712,24,125,2,4,0,4,2,0,3,2,2,2,4,1,3,2,47,94,0
377,41188,56,429,2,1,2,3,3,2,3,3,1,4,3,3,2,3,35,29,0
378,5326,42,3004,5,5,3,5,3,5,5,5,5,5,5,5,5,4,5,14,1
379,80176,24,1455,2,2,2,3,2,4,4,2,4,4,1,4,3,4,0,0,0
380,46900,28,833,3,3,3,3,2,2,2,2,1,1,3,4,1,2,0,0,1
381,89219,17,1892,1,1,1,2,1,1,2,1,2,4,2,2,3,1,0,0,0
382,17928,31,789,2,4,4,4,2,1,2,2,1,4,4,3,4,2,0,0,0
383,55425,60,2254,3,3,5,3,4,4,4,4,4,4,4,4,4,4,2,0,1
384,88130,39,444,4,4,4,3,1,4,1,1,5,2,5,4,5,1,12,16,1
385,48354,47,522,4,5,5,5,3,2,1,4,4,4,4,2,4,2,40,26,1
386,105905,60,283,3,4,4,4,3,3,3,3,2,2,4,2,4,3,20,16,0
387,60943,13,1529,5,5,3,5,4,4,4,4,4,4,5,3,5,4,0,0,1
388,101584,29,1099,1,1,1,2,3,1,5,3,1,4,2,1,2,3,51,51,0
389,71388,45,2580,5,5,5,5,2,4,4,5,5,5,5,5,5,5,0,0,1
390,77866,44,1262,1,1,3,1,3,5,5,4,4,4,4,5,4,4,0,0,1
391,49223,50,109,5,1,1,1,4,5,1,5,5,5,5,3,5,2,0,11,1
392,106530,26,271,3,0,3,5,5,3,5,5,4,3,5,5,4,5,100,93,0
393,28676,27,2777,5,5,5,5,5,5,5,5,4,1,3,3,2,5,2,0,1
394,39553,16,2865,2,2,2,2,5,5,5,5,3,2,3,4,5,5,2,0,1
395,109597,24,920,4,4,4,4,3,4,3,3,4,3,4,4,3,3,0,0,0
396,62291,34,414,3,3,3,1,1,3,1,1,5,4,5,4,5,1,2,0,0
397,40177,30,2154,3,3,3,3,5,5,5,5,1,1,4,2,4,5,0,0,1
398,33413,50,2349,4,3,3,3,4,4,4,4,1,2,4,3,4,4,0,0,1
399,127599,21,1773,3,3,3,4,4,3,4,4,3,5,4,3,5,4,0,0,0
400,66723,61,802,1,3,1,3,4,1,4,4,1,2,3,2,4,4,0,0,0
401,73698,32,192,3,2,2,2,3,3,3,3,4,5,3,4,3,3,0,0,0
402,27641,22,937,2,5,3,2,1,3,1,1,1,4,4,4,3,1,0,0,0
403,83891,46,1050,1,0,0,4,2,4,3,4,4,0,4,3,4,2,0,0,0
404,51662,15,370,3,2,2,4,4,2,3,4,3,3,3,1,4,4,3,8,0
405,19833,29,413,3,1,3,4,1,3,1,1,1,3,4,3,4,1,7,14,0
406,63416,12,372,4,5,4,4,5,4,5,5,4,5,4,3,5,5,89,88,0
407,7645,50,641,2,2,2,3,1,2,1,1,3,2,5,4,5,1,7,17,0
408,86002,54,528,2,3,1,3,2,2,2,2,1,4,3,2,2,2,0,0,0
409,64457,69,989,1,4,1,1,5,1,5,5,3,2,4,4,5,5,6,3,0
410,109551,38,920,1,2,1,3,3,1,3,3,2,4,4,2,4,3,0,0,0
411,86553,25,853,1,1,1,4,4,1,4,4,3,2,4,3,3,4,0,0,0
412,17491,26,352,3,5,5,5,3,3,1,3,4,3,4,2,4,3,108,99,0
413,114667,53,2690,3,3,3,3,5,5,5,3,3,4,3,3,3,5,0,0,1
414,59149,47,1846,2,2,2,2,5,4,4,4,4,4,4,4,4,5,62,55,1
415,74892,42,2475,1,1,1,1,5,4,4,5,5,5,5,5,5,3,0,0,1
416,15197,19,461,3,3,3,4,3,5,4,4,5,4,4,4,4,4,141,121,0
417,6867,63,622,3,5,3,2,3,3,3,3,4,2,5,5,5,3,10,11,0
418,111943,18,533,3,5,3,4,2,3,3,2,5,4,5,5,4,2,0,0,0
419,46720,52,125,3,5,3,2,3,3,2,3,3,5,2,1,3,3,0,0,0
420,67966,60,1464,3,2,2,2,3,3,3,3,4,3,4,4,4,3,0,3,0
421,33341,38,2355,2,2,2,2,3,4,3,5,5,5,5,1,5,3,24,0,1
422,50319,41,77,5,1,1,1,5,5,5,5,2,2,2,1,2,5,0,0,1
423,82927,41,2563,2,2,2,2,3,5,4,3,3,4,3,3,3,3,0,0,1
424,14562,15,986,2,2,2,5,1,2,1,1,5,5,5,5,4,1,0,6,0
425,108335,49,1750,1,5,5,5,1,1,1,4,2,2,4,1,2,1,132,117,0
426,97959,18,793,4,4,4,5,3,4,4,3,3,4,5,4,4,3,91,71,1
427,1026,39,229,5,5,5,5,5,5,5,5,2,3,5,3,2,5,0,0,1
428,26910,25,1874,2,3,1,1,2,2,2,2,2,2,4,4,5,2,0,0,0
429,14054,28,319,5,5,5,3,4,5,5,4,5,4,4,3,4,4,0,0,1
430,109458,37,2571,3,3,3,3,5,4,5,5,5,5,5,4,5,5,0,0,1
431,51772,31,261,3,4,3,4,3,3,3,3,1,5,4,2,4,3,87,75,0
432,15019,32,557,3,4,3,3,3,3,3,3,5,3,4,4,5,3,81,63,0
433,23664,25,196,2,4,2,4,5,2,5,5,5,4,5,5,1,5,0,5,0
434,6731,55,3934,3,3,3,3,5,5,5,4,4,4,4,4,4,3,0,0,1
435,57753,51,2704,4,4,4,4,5,5,5,3,4,3,4,5,4,5,60,75,1
436,29788,40,2334,0,4,1,2,4,1,3,5,5,5,5,3,5,2,0,0,1
437,28336,25,3848,1,2,1,1,4,4,4,4,1,5,2,1,2,4,0,0,1
438,2878,70,409,3,5,3,3,2,4,5,5,5,3,1,3,5,3,0,14,0
439,81675,55,907,2,3,3,3,4,4,3,2,2,2,2,1,2,3,19,11,0
440,50905,53,262,1,5,1,1,5,1,5,5,3,1,1,3,1,5,70,55,0
441,90850,73,2141,1,1,1,1,3,4,3,2,2,2,1,3,2,4,0,0,0
442,29340,32,859,0,0,0,3,3,0,2,3,3,3,4,5,4,3,0,0,1
443,68731,30,237,1,1,1,2,4,1,5,4,1,4,3,4,3,4,0,0,0
444,115978,19,308,1,4,4,3,5,4,5,5,4,5,5,3,4,5,91,92,0
445,29829,33,3679,2,2,2,2,5,5,5,5,3,3,5,2,2,5,0,0,1
446,82401,13,501,3,4,3,4,2,3,2,2,4,3,5,4,4,2,0,0,0
447,80083,53,550,3,4,4,4,3,3,3,3,5,1,3,4,3,3,0,0,1
448,42783,31,1118,1,1,1,4,2,1,2,2,3,5,4,4,4,2,0,20,0
449,39020,62,3179,1,1,1,1,4,3,4,4,4,4,4,4,4,4,0,0,1
450,46111,29,1085,4,4,3,5,2,3,2,2,4,5,4,3,5,2,8,11,0
451,66327,57,2807,1,1,1,1,2,4,4,5,5,5,5,4,5,4,0,7,1
452,43012,34,3802,0,0,0,4,3,4,1,2,2,2,2,2,2,2,0,0,1
453,82776,45,926,3,3,3,4,5,3,2,5,3,2,3,4,4,5,26,44,0
454,48215,65,192,1,2,1,3,5,4,3,2,2,1,2,2,2,3,0,0,0
455,57441,48,235,2,5,5,5,2,4,3,2,2,2,2,3,2,4,0,0,0
456,55928,8,733,4,2,4,2,3,4,3,3,1,1,1,4,2,3,0,0,0
457,98446,36,814,1,0,1,2,5,1,5,5,4,5,5,1,5,5,32,12,0
458,121273,48,2075,4,4,4,4,3,4,4,4,4,4,4,3,4,4,0,0,1
459,59385,10,2338,3,4,3,3,5,3,5,5,3,2,4,5,5,5,1,0,0
460,27078,24,834,4,4,4,4,5,4,5,5,1,2,5,3,1,5,14,0,1
461,104661,52,1778,4,4,4,4,2,5,4,3,3,3,3,5,3,5,4,7,1
462,111483,43,1052,3,4,4,3,4,4,4,4,3,3,2,3,1,4,0,0,0
463,11558,21,657,2,2,2,2,5,5,5,5,5,2,4,5,4,5,6,0,1
464,83673,24,577,3,3,3,3,2,3,2,2,2,3,3,4,2,2,0,0,0
465,120382,40,449,4,4,4,2,3,4,3,3,5,4,4,4,4,3,4,0,1
466,82170,8,237,1,5,1,1,2,1,3,2,5,2,4,3,4,2,0,0,0
467,117397,40,544,4,4,4,4,4,4,4,4,4,4,4,4,4,5,0,0,1
468,59357,41,2556,4,4,4,4,4,3,4,5,5,5,5,4,5,4,0,0,1
469,91983,67,2475,4,4,4,4,3,3,4,5,5,4,5,4,5,4,0,0,0
470,119617,40,3034,2,2,3,2,4,5,5,4,4,4,4,4,4,4,8,28,1
471,90639,51,366,1,1,1,1,3,4,4,4,4,5,4,5,4,4,0,0,1
472,59638,59,956,2,1,1,1,5,3,3,2,2,2,2,4,2,1,1,13,0
473,119074,29,2218,3,3,2,3,3,3,3,3,4,3,5,4,4,3,0,0,1
474,13395,70,456,0,1,0,4,4,0,4,4,1,4,4,4,4,4,19,45,1
475,108871,12,1892,4,1,4,2,5,4,5,5,2,3,2,1,2,5,28,45,0
476,104029,26,1262,0,0,0,3,4,0,3,4,4,2,4,5,4,4,9,0,1
477,12025,41,3423,3,3,3,3,4,2,4,5,5,5,5,4,5,1,0,0,1
478,42755,60,493,4,4,4,4,2,4,5,3,3,3,3,3,3,3,0,0,1
479,32936,39,163,3,5,3,1,1,3,1,1,4,2,5,3,4,1,0,0,0
480,53978,68,1117,3,2,3,3,3,3,3,5,5,3,5,2,5,4,7,0,0
481,70029,32,2187,2,2,2,2,3,4,3,3,4,4,4,4,4,3,0,0,1
482,96407,18,1342,3,4,4,2,3,4,3,3,4,3,3,5,5,3,0,0,0
483,127129,15,304,3,5,3,2,2,3,1,2,3,5,4,5,4,2,0,0,0
484,113946,43,1750,1,3,1,1,5,5,4,4,4,4,4,4,4,5,0,7,1
485,40606,49,216,3,4,0,3,3,0,3,3,4,5,3,4,4,3,0,0,0
486,7742,25,489,3,3,3,2,3,3,5,3,4,1,5,2,4,3,8,14,0
487,128529,50,370,2,1,2,3,1,4,3,4,4,2,4,1,4,3,0,0,0
488,80556,39,1747,2,2,2,2,4,4,4,3,4,5,4,4,4,4,132,123,1
489,22155,33,773,2,2,2,2,4,4,4,2,3,2,2,4,1,4,140,129,1
490,56314,17,200,3,1,3,4,2,3,2,2,4,1,3,4,3,2,40,27,0
491,82206,41,405,1,1,1,1,3,4,5,1,1,2,1,3,1,4,0,5,1
492,68344,31,1598,5,5,5,5,4,4,4,4,3,4,5,5,4,4,0,0,1
493,18464,39,201,4,3,3,4,1,3,1,1,2,5,5,3,1,1,0,0,1
494,129310,64,2475,3,3,3,3,2,4,5,5,5,5,5,3,5,3,4,0,1
495,70613,52,3935,1,1,1,1,3,5,5,4,4,4,4,3,4,3,0,25,1
496,8558,30,2657,4,5,4,5,1,1,4,1,3,1,4,3,3,1,8,7,0
497,86840,42,292,5,2,2,2,5,2,2,5,5,5,5,2,5,5,32,29,1
498,122170,48,544,2,2,2,2,4,4,5,4,4,5,4,3,4,5,62,46,1
499,24839,29,861,1,1,1,4,4,1,4,4,4,2,4,2,4,4,0,0,0
500,87935,23,271,5,0,5,1,3,5,4,3,4,5,4,5,5,3,62,84,1
501,10735,74,134,2,5,5,5,2,2,2,2,4,2,3,2,2,2,43,41,0
502,118083,60,1276,3,1,1,1,5,3,4,3,3,3,3,2,3,2,10,0,0
503,15189,46,3185,2,5,5,5,5,3,3,2,2,2,2,1,2,1,0,0,0
504,116832,55,451,1,1,1,1,4,4,5,4,4,4,4,3,4,3,0,2,1
505,99415,41,1981,4,4,4,4,4,4,2,5,5,5,5,4,5,4,0,0,1
506,111821,59,1605,2,5,2,5,2,3,5,2,2,2,2,3,2,4,41,19,0
507,60089,57,1005,4,4,4,4,5,5,4,5,5,5,5,5,5,5,3,0,1
508,51644,36,455,3,1,1,1,3,3,3,3,4,4,3,4,3,3,0,0,0
509,129771,16,308,3,4,3,3,1,3,5,1,4,2,5,5,4,1,2,0,0
510,5412,54,812,4,4,4,4,4,5,4,4,4,4,4,3,4,5,0,0,1
511,98444,38,414,3,0,3,4,3,3,3,3,1,4,5,1,1,3,17,2,0
512,39113,36,190,3,2,2,2,3,4,3,3,1,2,1,2,3,3,0,0,1
513,36518,25,1197,5,5,3,5,5,5,5,5,2,4,4,1,1,5,0,5,1
514,119576,55,814,3,2,3,4,2,3,3,3,3,3,3,2,3,1,25,19,0
515,57227,40,1514,2,3,2,5,1,2,1,1,2,5,2,5,3,1,0,0,0
516,107365,21,632,1,5,1,4,2,1,4,2,4,2,5,4,5,2,9,,0
517,233,38,213,3,4,4,4,1,4,1,1,2,3,3,1,4,1,0,0,0
518,70295,10,852,2,5,2,2,4,2,4,4,4,5,5,4,4,4,1,1,0
519,110124,60,1056,1,1,5,1,4,4,4,4,2,4,4,4,3,4,214,210,1
520,46382,45,1013,3,3,3,4,4,3,4,4,1,3,2,4,4,4,0,0,0
521,121254,54,575,1,0,1,1,2,1,2,2,3,3,2,4,4,2,0,8,0
522,92891,51,3236,4,4,4,4,5,4,5,3,3,4,5,3,3,4,0,13,1
523,57816,44,2764,5,5,5,5,3,5,5,2,2,2,2,4,2,3,8,15,1
524,36109,46,399,2,4,3,2,4,4,5,4,4,3,4,4,4,3,0,0,0
525,1770,20,408,5,0,5,2,3,5,3,3,3,5,5,3,4,3,0,0,1
526,70400,44,1162,4,4,4,4,4,1,2,4,4,4,4,2,4,2,0,4,1
527,75299,36,1744,2,1,2,4,1,2,1,1,3,1,2,4,4,1,0,0,0
528,121885,13,366,4,4,4,5,5,4,5,5,4,4,4,3,4,5,63,47,0
529,93772,38,368,4,3,3,3,2,3,2,2,1,3,4,4,3,2,0,0,0
530,15078,33,239,1,1,1,1,5,5,1,4,4,4,4,4,4,1,0,0,1
531,17597,63,695,2,1,2,3,2,2,2,2,1,3,4,1,3,2,7,32,0
532,4927,60,1020,4,4,4,4,3,4,4,5,5,5,5,4,5,5,5,0,1
533,32994,62,163,3,2,3,4,2,3,3,3,3,3,1,1,3,2,0,0,0
534,8213,50,125,4,3,1,3,2,4,3,3,3,4,3,1,3,4,0,0,0
535,53073,24,1208,4,5,5,5,4,4,4,4,2,2,4,1,4,4,1,0,1
536,19789,15,667,2,5,3,4,5,3,4,5,4,3,5,3,4,5,35,35,0
537,84270,34,334,3,4,4,4,1,4,3,3,3,3,3,4,3,2,0,0,0
538,74151,36,2046,4,1,1,1,2,3,4,4,4,3,4,1,4,2,0,62,0
539,117893,50,1566,4,4,4,4,5,4,4,4,4,4,4,3,4,3,0,0,1
540,15249,19,445,4,4,2,3,2,2,2,2,1,5,3,1,3,2,2,0,1
541,114937,52,2590,4,4,4,4,5,5,4,4,4,4,4,5,4,5,0,0,1
542,85861,50,2136,4,4,4,4,2,4,4,5,5,5,5,5,5,3,1,0,1
543,17158,26,643,1,1,1,3,1,1,2,1,4,5,3,4,3,1,0,0,0
544,128028,49,1440,2,2,2,4,5,2,5,5,5,5,4,3,5,5,15,3,0
545,3109,54,594,1,3,2,2,4,2,4,4,5,4,2,4,4,4,0,0,0
546,6332,27,296,5,5,5,3,2,5,2,2,4,3,5,4,5,2,28,51,1
547,129473,60,2611,4,4,4,4,4,4,4,4,4,5,4,4,4,4,17,10,1
548,70511,10,867,4,4,4,1,4,4,4,4,4,4,4,3,5,4,0,0,0
549,8529,15,862,1,5,1,4,4,1,4,4,4,3,4,5,5,4,0,1,0
550,44101,20,257,3,1,3,3,3,3,3,3,4,2,3,2,4,3,6,0,0
551,20031,52,2398,2,2,2,2,2,5,1,4,4,4,4,5,4,5,109,100,1
552,2103,60,812,1,2,1,2,2,1,2,2,4,5,1,3,2,2,38,22,0
553,33484,44,2496,4,4,4,4,2,3,5,4,4,4,4,5,4,3,0,0,1
554,41094,50,140,5,1,1,1,5,2,3,5,5,5,5,4,5,4,71,58,1
555,76419,40,3142,4,4,4,4,4,4,4,3,2,4,5,4,4,4,145,147,1
556,107120,23,842,1,1,1,1,1,1,5,1,5,5,4,4,5,1,0,0,0
557,109543,30,861,4,1,3,2,4,3,4,4,3,5,2,4,3,4,26,14,0
558,86687,51,1747,2,4,3,3,1,3,4,5,5,3,2,1,5,3,10,0,0
559,106144,58,302,2,1,1,1,5,2,3,2,2,2,2,4,2,3,17,3,0
560,126649,46,602,5,4,5,2,2,5,2,2,4,2,5,5,5,2,0,0,1
561,5451,52,265,3,4,4,4,3,1,1,3,3,4,3,4,3,3,97,123,0
562,99445,20,283,5,0,5,2,5,5,5,5,4,5,5,5,5,5,13,8,1
563,44102,46,473,1,1,1,1,4,1,4,5,5,5,5,5,5,3,0,0,1
564,81994,46,1253,3,3,3,3,2,3,2,2,1,4,4,1,3,2,0,0,0
565,54677,46,2758,4,4,4,4,2,5,1,4,4,4,4,3,4,5,0,0,1
566,32338,56,3344,0,5,0,1,3,4,4,2,2,2,2,4,2,5,0,2,1
567,56855,54,2565,1,4,2,4,2,3,5,3,5,5,5,5,5,5,0,0,0
568,5993,55,3494,5,5,5,5,3,5,5,3,3,3,3,5,3,5,1,0,1
569,100442,27,780,4,4,4,3,4,4,2,4,1,2,4,3,4,4,26,23,0
570,74164,52,721,1,4,0,4,5,0,5,5,3,2,5,5,4,5,0,0,0
571,59220,18,1440,1,4,1,1,5,1,5,5,3,3,3,5,4,5,3,0,0
572,47033,48,2624,3,3,3,3,2,2,1,4,4,4,4,2,4,1,0,0,1
573,51724,66,493,2,5,2,3,5,2,5,5,5,5,5,4,5,5,15,0,0
574,107246,42,307,4,4,4,4,4,5,4,5,5,5,5,3,5,3,19,11,1
575,102045,43,2864,1,4,4,4,5,2,3,1,1,1,1,2,1,1,8,0,0
576,80996,36,2614,1,4,4,4,5,4,4,1,1,1,1,1,1,2,9,3,0
577,55696,50,2633,2,2,2,2,4,5,4,3,3,4,3,5,3,4,0,3,1
578,4705,45,489,2,5,2,3,1,4,3,3,3,2,3,4,3,2,0,0,0
579,124533,45,3139,2,3,5,5,1,3,3,2,2,2,2,1,2,2,0,0,0
580,89236,56,2139,3,3,3,3,5,5,5,5,5,5,5,3,5,4,38,25,1
581,27404,42,671,4,1,1,1,4,4,4,4,4,3,1,5,2,4,60,71,1
582,66299,58,1578,4,4,2,4,4,5,4,4,4,4,4,5,4,4,0,0,1
583,90250,9,1121,3,5,3,3,1,3,1,1,3,4,4,5,4,1,0,0,0
584,69604,60,2475,1,3,1,3,1,5,5,2,5,1,5,5,2,5,15,79,0
585,62231,52,2454,1,1,1,4,4,3,4,4,4,1,4,2,4,4,0,0,0
586,127414,50,872,3,3,3,4,3,3,3,3,4,5,4,3,4,3,0,0,0
587,83287,12,1979,2,5,2,3,1,2,1,1,3,5,4,5,5,1,0,29,0
588,62159,50,2425,2,5,5,5,5,2,3,2,2,2,2,1,2,2,2,0,0
589,89936,59,1306,3,5,2,3,5,2,5,5,4,4,3,5,4,5,0,0,0
590,92960,21,1694,5,0,4,2,2,4,2,2,5,2,3,4,5,2,0,0,1
591,96429,58,302,1,5,1,1,3,5,4,3,3,1,3,4,3,5,0,0,0
592,20254,51,2048,3,2,2,2,5,4,4,3,3,3,3,2,3,1,26,23,0
593,80034,21,950,1,5,1,1,4,1,4,4,1,1,3,3,2,4,0,34,0
594,120984,44,861,4,5,2,2,3,4,3,4,4,4,4,4,4,4,0,3,0
595,58651,23,467,2,0,2,2,2,2,2,2,1,3,2,4,3,2,7,0,0
596,45129,39,174,3,3,3,4,5,3,5,5,1,3,3,2,3,5,0,7,0
597,64820,30,3218,2,2,5,5,2,2,2,2,1,5,3,4,3,2,16,16,0
598,22529,26,143,4,2,4,4,4,4,4,4,1,3,3,3,3,4,12,2,1
599,117917,24,255,5,0,4,2,1,4,1,1,5,4,5,5,5,1,0,2,1
600,9639,66,284,3,4,3,3,5,5,5,2,2,3,2,4,2,3,0,0,0
601,91209,44,404,3,4,3,3,2,1,3,3,3,3,3,5,3,1,7,0,0
602,61396,38,279,4,0,4,3,5,4,4,5,3,5,2,4,5,5,10,0,1
603,12717,38,1884,1,1,1,1,5,2,5,4,4,5,4,4,4,5,0,0,1
604,82915,24,594,3,3,4,4,2,4,2,2,3,1,3,1,2,2,0,0,0
605,120263,42,237,3,3,3,3,1,3,1,1,3,3,3,2,3,1,93,123,0
606,108065,58,849,5,5,5,5,5,5,4,4,4,4,4,4,4,4,0,0,1
607,122726,55,3136,4,4,4,4,5,4,4,4,4,4,4,4,4,3,56,61,1
608,24852,71,991,2,1,1,1,1,2,1,1,2,3,4,4,3,1,3,0,0
609,117853,47,2133,5,5,1,5,2,3,4,4,4,4,4,5,4,5,26,18,1
610,81119,52,3925,5,5,5,5,4,3,4,3,3,3,3,2,3,4,0,0,1
611,16367,18,319,4,1,4,4,3,4,3,3,3,3,3,3,4,3,0,0,0
612,44186,33,157,5,5,5,5,5,5,5,5,2,3,3,2,2,5,30,49,1
613,113137,35,543,3,1,3,3,3,3,3,3,2,3,3,4,4,3,48,42,0
614,108721,29,2778,2,2,2,2,4,4,4,4,4,4,4,4,4,4,114,95,1
615,93342,57,3882,5,5,5,5,4,4,5,4,4,4,4,3,4,3,1,0,1
616,75321,46,2556,2,2,2,2,5,5,5,3,5,3,4,5,3,5,4,10,1
617,49436,39,209,5,5,5,5,2,4,5,4,4,4,3,1,4,1,0,2,1
618,65748,62,936,0,3,0,3,1,2,1,3,3,0,3,4,3,3,0,0,1
619,102057,59,236,3,2,3,2,2,2,3,2,2,3,2,2,2,4,5,0,0
620,39468,67,129,1,4,1,3,2,1,2,2,3,3,4,2,4,2,0,0,0
621,28492,20,2846,2,4,2,4,2,3,3,4,3,4,5,3,3,3,0,0,0
622,64793,24,247,4,5,4,5,5,4,5,5,5,5,4,5,4,5,5,0,1
623,18513,55,2187,0,4,0,2,4,4,5,4,3,2,5,5,2,5,277,275,1
624,8799,22,522,5,0,5,5,4,5,4,4,5,2,5,5,4,4,0,0,1
625,92140,9,1576,4,5,4,5,1,4,1,1,3,3,3,4,4,1,0,0,0
626,93211,56,1756,1,2,1,3,3,3,3,5,5,1,5,2,5,2,9,40,0
627,66112,47,583,3,2,2,2,5,4,3,3,3,3,3,2,3,1,1,0,0
628,108771,44,3548,4,1,4,4,5,5,4,4,4,5,4,5,4,4,0,8,1
629,35164,17,944,5,4,4,4,5,5,3,5,3,1,4,1,2,5,0,0,1
630,48375,44,522,2,4,2,2,5,4,5,3,3,2,3,3,3,4,10,6,0
631,46358,25,1013,2,2,2,2,5,2,5,5,5,1,3,5,2,5,9,29,0
632,128508,63,304,1,4,1,1,5,1,1,5,4,3,4,5,5,5,0,2,0
633,98704,49,2234,1,1,1,1,4,5,5,2,2,2,2,3,2,3,0,0,1
634,18274,64,179,5,3,4,3,5,5,5,5,3,2,5,5,3,5,0,0,1
635,20972,33,689,4,5,4,4,2,4,2,2,3,5,4,3,5,2,0,0,0
636,79500,22,2317,2,2,2,2,4,4,4,4,5,5,4,3,5,4,3,9,1
637,93098,72,2162,3,4,5,5,3,3,4,3,3,3,3,3,3,3,22,14,0
638,36733,45,1754,3,3,3,3,5,4,5,3,3,2,3,4,3,5,0,0,1
639,45812,38,391,4,3,4,3,5,4,5,5,3,3,4,1,4,5,0,0,0
640,65598,54,175,4,4,4,1,5,4,5,5,4,2,5,3,5,5,0,0,0
641,61803,54,1379,1,4,1,2,1,1,1,1,4,5,4,5,5,1,11,4,0
642,36818,33,2300,2,4,4,4,2,2,2,2,1,4,3,3,4,2,23,46,0
643,32419,51,201,1,1,1,1,4,3,4,1,1,1,1,2,1,2,8,14,0
644,57621,74,200,3,3,3,3,5,4,5,4,4,4,4,3,4,5,18,79,1
645,7577,59,594,5,5,3,5,5,5,4,4,4,4,4,3,4,5,0,0,1
646,40216,21,358,2,2,2,3,3,2,3,3,3,3,4,2,4,3,0,0,0
647,89656,32,950,3,5,5,5,3,3,3,3,2,3,3,2,4,3,14,8,0
648,77601,47,1561,5,5,5,5,3,4,5,4,4,4,4,4,4,4,0,0,1
649,13121,45,427,2,4,4,4,1,3,3,2,2,2,2,4,2,1,0,0,0
650,15903,36,1663,5,3,5,5,4,4,5,3,3,3,3,3,3,3,0,0,1
651,24590,25,526,1,0,1,3,2,1,2,2,1,4,2,5,4,2,0,57,0
652,39616,48,965,1,1,1,3,2,1,2,2,1,3,3,1,3,2,0,0,0
653,31853,34,2677,0,0,0,3,5,0,5,5,1,2,3,2,5,5,0,0,1
654,62199,8,2454,3,1,3,2,1,3,1,1,1,5,3,1,3,1,0,0,0
655,70191,60,2159,0,0,0,5,3,5,5,5,5,5,5,5,5,5,0,0,1
656,108648,9,762,2,5,2,2,4,2,1,4,2,5,2,5,2,4,51,,0
657,30969,41,1024,4,2,2,2,3,1,4,4,4,4,4,2,4,4,37,55,1
658,77620,24,2748,3,3,3,3,3,3,3,3,3,4,3,1,3,3,15,7,0
659,83491,47,946,5,5,5,5,3,4,5,4,4,4,4,3,4,5,0,0,1
660,128941,43,3489,4,4,4,4,4,4,5,5,5,5,5,3,5,3,0,0,1
661,22663,49,589,5,5,4,5,4,4,4,4,4,5,4,5,4,3,9,0,1
662,78836,41,554,4,4,4,2,2,4,5,2,3,2,4,4,5,2,0,0,0
663,85042,24,731,0,0,0,3,1,0,1,1,3,4,5,3,4,1,10,19,1
664,36786,80,1111,3,3,3,3,3,3,3,5,1,4,4,3,1,3,0,0,1
665,43842,27,174,3,5,3,4,4,3,4,4,1,2,3,2,1,4,0,0,0
666,120292,34,1576,4,4,4,3,5,4,5,5,4,5,5,5,5,5,0,0,0
667,70616,13,1217,1,0,0,3,2,0,4,2,3,5,3,3,4,2,0,0,0
668,108944,29,1066,4,1,1,1,4,4,4,4,4,5,3,4,4,4,129,119,0
669,109590,55,1827,3,3,3,3,3,5,5,5,5,5,5,3,5,5,0,0,1
670,29471,42,1216,4,1,4,3,4,2,3,1,1,4,2,3,1,4,0,2,0
671,10953,27,191,2,1,3,3,4,3,4,4,1,5,4,3,4,4,24,18,0
672,87170,45,2920,1,1,4,1,4,5,4,4,4,4,4,4,4,4,9,1,1
673,40114,24,368,0,3,0,1,4,0,4,4,4,1,5,3,5,4,5,5,1
674,60959,41,1981,1,3,3,3,5,4,4,1,1,1,1,4,1,1,10,6,0
675,286,41,802,3,4,3,3,2,4,5,5,5,4,5,4,5,4,0,0,1
676,99504,38,307,1,4,1,1,4,1,4,4,4,2,4,5,5,4,0,6,0
677,118938,67,1618,3,1,1,1,3,2,2,3,3,3,3,3,3,2,0,7,0
678,28296,37,2061,4,4,4,4,2,2,1,4,4,4,4,1,4,3,0,0,1
679,101005,49,2635,5,5,5,5,3,4,4,4,4,4,4,5,4,5,0,0,1
680,51263,50,89,5,3,3,3,5,5,5,5,3,5,1,2,3,5,0,11,1
681,1507,51,587,5,5,5,5,2,4,4,4,4,4,4,5,4,3,0,0,1
682,72911,51,1897,1,1,1,1,5,5,5,5,5,5,5,4,5,5,0,0,1
683,83439,22,632,2,1,2,3,4,2,4,4,3,4,3,4,3,4,0,0,0
684,39694,34,1463,4,5,4,3,3,4,5,3,4,4,5,5,5,3,0,0,0
685,98976,68,569,2,4,2,3,3,2,3,3,5,5,5,3,4,3,33,28,0
686,28365,57,763,5,3,3,3,5,5,5,5,2,4,2,5,3,5,0,34,1
687,54710,52,454,3,3,3,3,3,5,4,4,4,4,4,4,4,1,0,1,1
688,65308,40,631,1,0,0,4,4,3,3,3,3,0,5,1,3,1,16,16,0
689,52434,64,455,2,5,2,4,3,4,5,4,4,2,4,4,4,5,0,0,0
690,36689,65,1121,2,5,2,4,5,4,4,4,4,2,1,3,4,3,6,4,0
691,12776,50,721,2,3,2,3,5,2,5,5,2,5,3,4,3,5,26,16,0
692,94201,20,239,4,0,5,5,1,5,1,1,4,4,4,5,5,1,0,1,1
693,81388,28,874,2,2,2,3,2,2,2,2,4,5,3,4,2,2,0,0,0
694,116463,15,447,1,5,1,5,2,1,3,2,5,2,4,5,4,2,0,0,0
695,66179,21,550,5,4,5,4,4,5,4,4,5,4,4,5,5,4,25,18,1
696,88102,26,1947,4,4,4,4,5,5,5,5,4,4,4,5,5,5,493,485,1
697,26949,17,2402,5,4,5,4,1,5,1,1,1,5,3,1,4,1,0,0,1
698,124725,64,399,0,2,0,3,3,4,3,1,1,0,1,3,1,1,0,0,1
699,115731,44,446,3,4,4,4,5,2,2,3,3,3,3,3,3,1,1,0,0
700,99559,47,829,1,1,1,1,3,5,5,5,5,5,5,4,5,4,28,27,1
701,1307,53,2935,5,5,5,5,3,4,5,5,5,5,5,3,5,3,3,2,1
702,79670,58,760,2,2,3,1,1,3,1,1,2,4,2,4,2,1,72,60,0
703,114149,48,1975,3,2,2,2,5,3,2,3,3,3,3,2,3,2,0,0,0
704,13103,44,3529,4,4,4,4,1,4,4,4,4,4,4,1,4,5,0,0,1
705,59222,60,1440,5,5,3,5,4,4,5,4,4,4,4,4,4,3,26,31,1
706,94357,51,3490,3,3,3,3,2,4,4,5,5,5,5,4,5,4,0,0,1
707,97449,49,756,3,3,3,3,3,4,4,4,4,4,4,3,4,5,9,0,1
708,125235,14,1149,3,3,3,3,2,3,3,2,2,1,3,1,4,2,6,57,0
709,113769,19,236,2,1,0,4,4,0,4,4,4,3,3,3,3,4,0,0,0
710,36549,24,1249,2,2,2,1,2,2,2,2,5,5,2,4,2,2,0,0,0
711,108169,50,1166,4,1,5,2,2,2,3,4,4,5,4,2,4,1,5,0,0
712,94873,39,189,1,3,1,3,3,1,3,3,2,5,3,3,4,3,1,2,0
713,123289,21,650,0,4,0,4,2,0,2,2,4,2,4,2,4,2,0,0,1
714,20734,30,765,1,1,1,3,2,1,2,2,2,2,1,3,3,2,0,0,0
715,33889,7,1105,4,4,4,1,2,4,2,2,4,2,4,2,2,2,6,0,0
716,74146,40,592,1,2,2,2,1,1,1,1,4,1,4,4,4,1,0,0,0
717,55240,50,609,1,4,4,4,1,3,4,1,1,1,1,4,1,4,14,27,0
718,23104,28,223,3,3,3,3,4,4,5,4,1,4,3,2,2,4,0,2,1
719,42011,49,3283,5,5,5,5,5,3,5,5,5,5,5,5,5,4,0,0,1
720,115119,58,372,2,2,2,2,2,4,4,4,4,5,4,4,4,5,13,10,1
721,101659,23,1059,0,4,0,3,3,0,3,3,4,2,3,5,4,3,5,0,1
722,93261,48,2923,5,5,5,5,5,5,4,4,4,4,4,5,4,4,6,0,1
723,106610,23,589,1,5,1,5,2,1,2,2,5,5,5,4,4,2,6,0,0
724,91460,56,859,3,3,3,3,2,4,4,5,5,5,5,3,5,4,0,5,1
725,44817,33,802,4,3,3,3,4,4,4,4,4,3,3,2,4,4,3,7,0
726,115610,39,371,3,5,5,5,2,3,3,3,3,3,3,2,3,1,7,7,0
727,60041,25,997,4,5,4,3,4,4,3,4,4,3,4,4,4,4,41,30,1
728,92898,42,134,4,4,4,4,3,4,4,4,4,4,5,4,4,5,0,0,1
729,31018,56,391,1,3,1,4,1,4,3,4,4,1,4,3,4,1,72,62,0
730,81392,20,748,5,5,5,4,5,5,5,5,5,4,4,3,4,5,0,0,1
731,111950,29,3484,1,1,1,1,5,5,5,5,5,2,5,3,4,5,0,0,1
732,80663,17,821,1,4,4,4,1,1,1,1,3,1,3,4,3,1,0,0,0
733,107035,40,480,5,5,5,5,4,4,5,4,4,4,4,5,4,5,0,0,1
734,121308,18,1009,2,2,2,4,4,2,4,4,5,2,5,4,4,4,0,0,0
735,123342,23,328,3,1,3,2,3,3,3,3,2,1,2,2,3,3,32,28,0
736,32903,29,101,4,1,4,2,3,4,3,3,1,4,2,4,3,3,0,0,0
737,17667,19,1008,5,0,5,4,1,5,1,1,1,3,2,2,2,1,0,0,1
738,6464,44,296,3,2,2,2,5,4,3,2,2,3,2,2,2,2,11,11,0
739,101707,18,1624,5,5,5,5,4,4,4,4,3,5,4,3,4,4,0,0,1
740,7978,49,3616,5,5,2,5,2,4,4,4,4,4,4,4,4,4,0,0,1
741,110803,33,1105,3,4,3,4,4,3,5,4,4,2,4,4,5,4,0,11,0
742,95617,55,484,4,1,1,1,2,3,3,4,4,4,4,3,4,3,4,0,1
743,60591,27,1558,2,4,1,2,1,1,1,1,4,3,5,5,4,1,1,0,0
744,54418,42,3632,1,1,3,1,2,5,4,5,5,5,5,5,5,2,0,0,1
745,124866,18,280,3,4,4,4,3,3,3,3,4,5,4,1,4,3,0,0,0
746,51574,20,451,5,4,5,4,4,5,3,4,4,5,2,2,4,4,0,0,1
747,114082,80,2422,2,2,5,2,4,4,3,4,4,4,4,4,4,4,0,0,1
748,35331,62,1076,3,5,5,5,3,3,3,2,1,2,2,3,4,3,332,336,0
749,70468,59,2980,5,5,5,5,3,5,5,4,4,4,4,4,4,3,0,29,1
750,119099,47,1107,3,3,3,3,5,5,4,4,4,4,4,5,4,3,0,0,1
751,110397,27,925,3,3,3,3,5,3,5,5,4,5,3,1,4,5,11,11,0
752,108193,55,1624,4,4,4,4,4,5,5,5,5,5,5,5,5,3,0,0,1
753,29278,54,3995,3,1,1,1,2,3,3,3,3,3,3,1,3,4,0,0,0
754,98147,52,562,3,3,3,3,5,5,4,5,5,4,5,3,5,3,26,21,1
755,97689,27,491,3,3,3,4,1,3,1,1,4,5,3,3,4,1,15,11,0
756,20805,50,534,2,3,2,4,5,2,5,5,1,5,4,1,3,5,0,0,0
757,30441,58,3783,5,5,3,5,4,5,4,3,3,3,3,4,3,5,0,13,1
758,62128,25,2454,1,1,5,1,5,5,5,5,4,3,3,5,5,5,0,0,1
759,50959,70,373,3,4,3,3,1,3,1,1,1,4,4,2,4,1,0,0,0
760,3920,9,213,1,5,1,1,5,1,5,5,4,5,5,3,4,5,0,0,0
761,22989,62,817,5,1,5,4,4,3,4,2,2,5,2,2,2,3,0,0,1
762,111036,72,319,3,2,3,3,4,3,4,4,4,3,3,3,3,4,14,4,0
763,34805,13,301,1,4,1,3,4,1,4,4,1,1,4,2,3,4,0,0,0
764,68068,23,813,1,1,4,1,5,5,5,5,3,3,4,4,4,5,0,0,1
765,117139,29,370,3,5,4,2,1,4,1,1,4,2,5,3,3,1,9,0,0
766,118651,46,368,2,5,5,5,3,4,4,2,2,2,2,3,2,4,2,7,0
767,16985,40,610,4,4,5,4,4,4,4,4,2,2,4,3,1,4,27,47,1
768,85072,23,3801,3,3,3,3,5,5,5,5,4,5,5,5,5,5,0,0,1
769,15670,45,617,4,2,2,2,4,4,4,4,5,1,4,3,2,4,0,0,1
770,68137,54,813,1,1,5,1,1,1,1,1,1,1,3,2,4,1,7,4,0
771,123164,54,468,1,1,1,1,2,1,1,3,3,5,3,2,3,5,1,12,1
772,36845,35,369,5,4,5,2,5,5,4,5,3,1,5,3,5,5,0,0,1
773,17451,60,351,5,4,4,4,5,5,5,5,3,5,5,1,4,5,0,0,1
774,45594,62,313,2,0,2,3,3,2,3,3,5,4,2,2,2,3,0,21,0
775,123709,59,214,4,1,0,4,3,4,4,1,1,0,1,2,1,1,0,0,0
776,118741,54,304,3,4,3,1,3,3,3,3,4,2,5,4,5,3,13,6,0
777,46265,28,594,1,4,1,4,4,1,3,4,3,1,2,1,4,4,36,52,0
778,103439,56,393,3,1,1,1,5,4,3,3,3,3,3,1,3,3,14,17,0
779,117757,21,1670,3,2,2,2,3,3,3,3,1,1,3,2,4,3,125,128,0
780,23043,44,833,5,4,4,4,2,1,2,5,5,5,5,5,5,5,0,0,1
781,45009,27,118,2,4,2,1,5,2,3,5,1,4,1,4,3,5,0,0,0
782,10869,37,316,2,5,2,5,2,2,2,2,3,4,2,2,2,2,55,48,0
783,113642,34,223,2,5,2,3,3,2,3,3,4,2,4,4,4,3,32,46,0
784,36913,19,740,3,3,3,3,3,3,3,3,5,3,1,4,5,3,0,0,0
785,9209,65,100,2,3,2,1,2,5,1,2,2,2,4,2,2,4,0,0,0
786,110354,60,3207,3,3,3,3,2,5,4,5,5,5,5,4,5,5,102,97,1
787,102344,54,236,2,3,4,3,4,3,3,2,2,2,2,1,2,3,3,0,0
788,66245,10,550,2,4,3,3,4,3,4,4,3,5,4,3,4,4,18,13,0
789,2852,54,491,4,2,2,2,5,3,3,4,4,4,4,3,4,1,13,29,0
790,125304,17,3892,2,2,2,2,2,2,2,2,1,4,3,2,3,2,1,0,0
791,94889,51,562,5,3,4,4,5,3,2,5,5,5,5,5,5,1,12,11,1
792,119911,50,1009,5,5,5,5,3,5,4,5,5,5,5,3,5,3,0,0,1
793,129586,58,2068,2,2,2,2,3,2,2,2,2,3,2,4,2,4,0,0,0
794,58194,30,3923,3,3,3,3,3,3,3,3,1,4,4,2,3,3,1,0,0
795,78323,56,1547,2,2,2,2,3,4,4,2,2,2,2,4,2,5,34,18,1
796,51948,30,347,3,3,3,3,4,3,4,4,4,1,3,1,3,4,0,0,0
797,50288,47,199,3,4,4,4,3,3,3,3,3,3,3,1,3,4,0,0,0
798,9685,22,212,1,4,1,4,5,1,5,5,4,1,4,4,4,5,9,11,0
799,90835,48,223,1,1,1,1,5,1,5,5,4,2,4,3,4,5,0,5,0
800,29806,27,539,2,5,2,3,5,2,5,5,2,5,3,1,5,5,0,0,0
801,127821,60,1262,1,4,1,1,5,1,5,5,3,3,4,4,4,5,0,0,0
802,100724,40,3984,2,2,2,2,5,5,4,5,5,5,5,5,5,3,12,4,1
803,104066,30,1044,4,4,4,4,4,4,4,4,2,3,4,1,3,4,15,12,0
804,45221,24,3090,3,1,1,1,3,3,3,3,1,1,1,5,1,3,10,4,0
805,96106,66,1235,0,5,0,4,4,0,4,4,5,5,3,4,5,4,0,0,1
806,5168,56,383,3,3,3,3,2,2,3,3,3,2,3,3,3,1,0,0,0
807,85301,70,874,1,2,1,3,1,2,3,2,2,1,3,3,2,4,0,12,0
808,27576,55,697,2,5,2,1,2,2,2,2,5,5,5,4,4,2,0,0,0
809,10806,17,312,1,4,4,4,1,1,1,1,4,5,4,4,4,1,29,29,0
810,82950,46,1084,2,1,1,1,3,4,4,2,2,2,2,1,2,4,0,0,0
811,68820,24,861,1,1,1,1,2,2,2,2,4,2,5,4,5,2,0,0,1
812,41932,59,129,2,4,0,1,3,5,5,2,2,0,2,3,2,4,0,3,0
813,94120,18,189,3,4,3,2,3,3,3,3,2,5,4,2,1,3,1,2,0
814,19301,55,299,1,5,3,1,3,3,3,4,4,5,5,3,3,3,136,156,0
815,17606,46,196,5,2,2,2,5,5,5,5,1,5,3,3,4,5,0,0,1
816,17961,26,460,5,5,5,2,5,5,4,5,4,3,5,5,5,5,0,0,1
817,28871,22,605,0,0,0,1,4,0,4,4,2,3,5,1,3,4,0,0,1
818,56733,62,937,2,5,2,5,5,2,5,5,3,2,5,4,4,5,0,0,0
819,59118,20,1846,4,4,4,4,4,4,4,4,3,1,2,2,3,4,40,46,0
820,90580,28,404,0,1,1,2,4,1,4,4,3,2,4,5,4,4,31,20,1
821,104013,57,1334,1,5,1,4,2,5,4,3,3,1,3,5,3,4,3,0,0
822,58434,9,473,1,5,1,3,1,1,1,1,1,5,5,5,2,1,14,5,0
823,62768,29,2486,2,2,2,2,2,2,2,2,3,1,2,2,3,2,0,14,0
824,37157,54,1797,3,3,3,3,5,4,2,4,4,4,4,2,4,4,60,55,1
825,43179,48,282,4,4,4,4,1,1,2,4,4,4,4,3,4,4,64,69,1
826,104829,47,472,4,4,4,1,3,4,3,3,5,5,5,3,5,3,11,0,1
827,53842,40,191,4,5,4,4,4,4,4,4,1,5,3,3,3,4,8,0,1
828,16606,28,1008,3,2,2,3,1,2,1,1,5,3,3,4,2,1,0,0,0
829,126600,27,1337,5,5,1,5,5,5,5,5,5,5,4,5,4,5,0,0,1
830,74144,59,592,4,4,4,4,2,5,5,4,4,4,4,5,4,3,0,0,1
831,8920,28,661,3,3,1,3,3,3,3,3,1,3,3,3,3,3,35,59,0
832,106271,41,604,2,2,3,2,4,4,5,4,4,4,4,3,4,5,0,0,1
833,125172,51,1089,4,5,4,4,2,4,2,2,5,4,5,5,1,2,0,32,0
834,62313,55,3660,3,1,1,1,3,3,4,3,3,3,3,3,3,4,0,0,0
835,46105,29,1623,4,4,4,4,5,5,5,5,4,4,4,4,4,5,0,0,1
836,77477,35,2125,4,4,4,1,2,4,2,2,4,5,5,4,5,2,3,3,0
837,59887,39,1023,2,2,2,2,3,5,4,5,5,5,5,5,5,5,4,0,1
838,10298,49,316,1,1,1,3,4,1,4,4,3,3,4,3,4,4,0,1,0
839,122646,53,3648,2,1,4,4,3,2,2,2,2,2,2,4,2,2,42,25,0
840,119398,54,2436,5,5,5,5,5,5,4,5,5,5,5,3,5,4,0,0,1
841,8223,44,402,0,4,0,4,3,4,5,2,2,0,2,4,2,4,0,0,1
842,514,41,134,5,5,5,5,2,4,4,3,3,4,5,4,3,4,0,0,1
843,103577,35,689,1,4,1,2,1,1,1,1,4,4,5,3,4,1,0,1,0
844,80697,49,3732,1,1,1,1,3,4,5,4,4,4,4,3,4,4,0,0,1
845,129555,65,2342,1,4,2,1,2,2,2,2,2,5,2,5,4,2,0,1,0
846,53107,39,2065,2,1,1,1,5,4,4,2,2,2,2,2,2,1,0,0,0
847,75395,17,2342,3,3,3,3,5,5,5,5,5,5,5,4,5,5,0,0,1
848,19580,37,173,3,4,3,3,3,3,3,3,4,2,3,1,3,3,93,99,0
849,77032,34,368,2,4,2,4,1,2,1,1,2,3,2,5,5,1,0,0,0
850,42198,49,748,5,1,1,1,2,4,5,4,4,5,4,4,4,5,49,49,1
851,6985,54,1903,3,3,3,3,2,4,4,5,5,5,5,5,5,4,0,0,1
852,89822,20,1069,1,1,1,3,2,1,2,2,4,2,4,3,3,2,0,0,0
853,4380,52,3894,1,1,1,1,3,1,5,5,5,5,3,1,5,2,0,50,1
854,108923,44,1183,4,5,4,3,2,5,4,5,5,4,2,3,5,5,5,0,1
855,76291,21,2677,3,3,3,2,3,1,1,1,3,4,3,1,4,1,0,17,0
856,87842,64,214,2,2,2,3,5,3,4,4,4,2,3,1,4,4,81,72,0
857,98703,49,861,1,4,1,4,3,1,3,3,5,3,5,4,4,3,0,44,0
858,80641,43,282,1,2,1,3,1,1,2,1,1,4,4,4,4,1,0,0,0
859,107586,45,423,4,4,4,4,4,4,4,4,4,4,4,4,4,4,1,0,0
860,92882,57,3259,2,5,2,2,4,5,4,4,4,4,5,4,4,4,0,0,1
861,45533,63,566,5,2,2,2,5,5,5,5,2,4,5,3,1,5,0,0,1
862,125911,62,1013,1,2,1,2,4,1,4,4,4,4,2,1,3,4,0,11,0
863,86568,61,762,2,5,5,5,1,3,3,2,2,2,2,4,2,4,0,23,0
864,118847,18,304,1,3,0,4,2,0,2,2,4,5,4,1,3,2,44,58,0
865,102099,46,2961,3,3,3,3,4,4,4,5,3,4,5,4,4,4,416,407,1
866,88925,43,2935,2,2,2,2,5,5,5,4,4,4,4,5,4,3,18,2,1
867,89716,56,1005,2,3,2,3,3,2,3,3,1,4,3,1,3,3,24,35,0
868,54873,39,3207,1,1,1,1,2,3,3,4,4,4,4,2,4,4,3,0,1
869,4354,50,2845,3,1,1,1,5,4,4,3,3,3,3,1,3,4,0,0,0
870,1609,42,140,4,5,5,5,2,3,3,3,3,3,4,2,3,2,0,0,0
871,46669,40,251,4,2,2,2,4,4,4,4,1,3,3,3,3,4,0,7,1
872,2420,41,604,5,4,5,2,5,5,5,5,3,3,5,3,5,5,0,0,1
873,86676,25,952,4,2,4,1,4,4,4,4,4,5,4,3,5,4,0,0,1
874,122412,23,1470,5,0,0,4,4,5,2,4,5,3,4,4,4,4,0,2,1
875,112547,17,846,4,4,4,2,2,4,2,2,5,3,5,3,5,2,0,0,1
876,81539,10,1124,1,5,1,2,3,1,3,3,5,3,3,3,5,3,0,0,0
877,44355,37,596,4,4,4,4,4,5,4,4,3,5,3,2,4,4,0,0,1
878,55564,20,395,0,0,0,1,2,0,2,2,4,2,5,4,5,2,0,0,1
879,81036,59,1399,4,4,4,4,4,5,4,3,3,3,3,4,3,3,2,3,1
880,62565,30,1846,5,5,2,5,4,4,4,4,5,5,5,4,5,4,14,0,1
881,74322,36,1464,2,2,2,2,5,5,5,4,4,4,4,5,4,5,0,0,1
882,67090,29,1121,2,2,2,4,2,2,2,2,3,4,5,5,5,2,0,0,0
883,51430,59,86,2,3,2,1,4,2,3,1,1,2,1,3,1,4,0,0,0
884,99815,68,468,0,2,0,4,5,3,3,4,4,0,4,1,4,2,0,0,1
885,3643,61,1961,1,1,1,1,4,5,4,4,4,4,4,3,4,3,102,97,1
886,97188,48,1129,4,4,4,1,4,4,4,3,3,4,2,5,3,4,0,0,0
887,38294,25,2342,1,3,1,1,4,4,4,3,1,4,2,4,1,4,46,48,1
888,96883,8,781,3,5,3,3,5,3,5,5,5,3,5,5,5,5,1,0,0
889,31773,65,602,2,1,2,4,5,2,5,5,4,4,4,1,4,5,0,0,0
890,53367,26,1452,2,5,5,5,2,2,2,2,2,4,4,2,4,2,0,15,0
891,5512,53,431,4,2,2,2,1,3,4,4,4,4,4,2,4,1,6,11,0
892,22172,29,773,2,2,2,3,4,2,4,4,1,3,3,3,4,4,4,13,0
893,92685,30,507,2,4,2,4,4,2,4,4,2,1,3,3,3,4,0,0,0
894,81531,50,2283,1,5,5,5,1,2,3,1,1,2,1,1,1,4,13,5,0
895,64202,31,2436,1,1,3,1,1,1,1,1,4,4,3,1,4,1,0,0,0
896,64306,41,2223,4,4,5,4,3,5,5,4,4,4,4,3,4,5,10,5,1
897,17380,44,533,2,1,3,3,5,4,3,2,2,2,2,2,2,2,58,54,0
898,33631,7,399,2,3,2,3,1,2,1,1,5,3,5,1,4,1,0,0,0
899,109499,59,951,3,3,3,3,5,5,4,4,4,4,4,4,4,5,0,0,1
900,94745,53,192,2,2,2,2,5,5,4,5,5,5,5,5,5,4,0,0,1
901,126484,43,1849,4,4,5,4,1,3,4,4,4,4,4,3,4,4,2,0,0
902,90246,46,721,2,5,5,5,4,3,4,2,2,2,2,2,2,3,39,29,0
903,109782,24,1092,2,2,2,4,2,2,2,2,4,5,4,4,3,2,0,0,0
904,112610,39,239,3,3,3,3,3,4,2,4,4,4,4,3,4,4,0,0,1
905,72338,37,985,1,1,1,4,5,1,5,5,3,3,5,4,4,5,2,15,0
906,93939,40,107,3,3,3,3,3,4,3,3,4,4,4,2,4,3,58,43,0
907,126750,25,2521,3,2,3,4,4,3,4,4,1,5,4,3,4,4,0,18,0
908,36975,28,805,5,5,5,5,5,5,5,5,4,5,2,5,5,5,0,0,1
909,3017,44,922,1,4,4,4,5,2,2,1,1,1,1,2,1,4,0,0,0
910,93973,21,1218,3,2,3,2,4,3,4,4,3,1,3,2,2,4,57,35,0
911,69643,55,2945,2,2,2,2,1,4,4,2,2,3,2,3,2,2,0,8,0
912,123218,17,328,3,2,3,3,5,3,1,5,4,3,4,1,4,5,0,0,0
913,122185,49,541,4,4,4,4,5,4,5,3,3,4,3,5,3,5,0,0,1
914,16656,39,488,3,4,4,4,3,3,3,3,1,2,4,3,4,3,3,12,0
915,57284,38,628,4,5,4,5,5,4,5,5,5,3,4,3,4,5,0,0,1
916,114246,33,948,1,1,1,1,4,4,4,4,5,3,5,3,5,4,0,0,1
917,84364,35,606,1,1,1,1,4,4,5,5,5,5,5,5,5,5,0,0,1
918,53261,45,901,3,3,3,2,4,3,1,4,5,5,5,4,4,4,0,0,0
919,69411,70,2437,2,3,3,3,1,4,3,2,2,2,2,3,2,4,0,0,0
920,38637,30,2611,3,3,2,3,4,4,4,4,5,3,4,3,4,4,11,0,1
921,125026,42,184,3,3,3,3,5,3,5,5,1,4,5,4,1,5,0,0,0
922,41620,34,1464,0,0,0,3,2,0,2,2,5,5,4,4,5,2,3,14,1
923,38761,24,354,4,4,2,4,4,4,3,4,3,1,1,1,2,4,0,0,1
924,3189,39,185,2,3,3,3,4,3,4,3,3,3,2,2,3,2,105,101,0
925,26509,48,829,3,5,3,4,3,3,3,3,4,4,4,4,4,3,5,11,0
926,38521,44,2446,2,2,2,2,2,2,2,2,4,4,5,3,4,2,20,0,1
927,11753,31,395,2,1,1,1,2,2,2,2,3,5,2,3,3,2,5,7,0
928,45683,37,2861,3,3,3,3,1,4,5,4,4,4,4,1,4,5,0,0,1
929,23806,80,3247,1,5,1,1,1,1,5,4,4,4,4,2,4,5,50,37,1
930,73308,22,1005,5,4,4,1,4,4,5,4,3,3,4,5,5,4,0,0,1
931,17747,52,383,0,5,0,1,1,0,1,1,4,4,5,5,5,1,0,0,1
932,46329,59,420,3,3,5,3,1,5,1,1,2,5,3,3,3,1,5,29,0
933,27803,69,1448,3,3,3,3,2,4,4,3,3,2,3,3,3,2,0,0,0
934,41993,44,106,5,4,4,4,5,1,3,5,5,5,5,2,5,1,0,0,1
935,20855,14,357,4,4,4,4,1,4,1,1,5,2,4,5,4,1,0,0,0
936,42032,54,3968,3,3,3,3,2,4,1,5,5,5,5,5,5,5,0,0,1
937,42506,68,541,4,3,4,3,4,4,3,5,5,4,5,4,5,2,4,0,0
938,36484,35,1121,4,4,4,4,5,4,5,5,3,5,3,2,3,5,10,16,0
939,33321,31,2409,5,1,1,1,5,5,5,5,3,5,5,2,2,5,0,0,1
940,49440,54,308,5,5,5,5,1,5,5,5,5,5,5,3,5,5,0,0,1
941,117775,47,1891,3,3,3,3,2,3,4,4,4,4,4,4,4,5,0,0,1
942,98812,30,763,4,4,4,4,2,2,2,2,5,5,4,5,5,2,15,8,1
943,113150,40,2802,2,2,2,2,2,5,4,4,4,4,4,3,4,4,31,23,1
944,101662,46,2106,3,5,5,5,3,3,3,3,3,3,3,1,3,2,24,0,0
945,76362,40,931,2,4,2,4,3,5,5,5,5,2,5,3,5,4,93,101,0
946,103160,40,3799,2,2,5,2,2,4,5,5,5,5,5,3,5,3,81,96,1
947,6054,29,672,3,4,3,3,5,3,5,5,3,3,5,3,5,5,0,0,0
948,52694,53,110,2,3,5,3,4,3,3,3,3,2,3,2,3,4,0,0,0
949,81256,17,1020,0,0,0,3,4,0,4,4,4,3,5,5,4,4,11,0,1
950,115026,27,358,1,1,3,1,5,5,5,5,5,4,4,3,4,5,0,0,1
951,31424,77,203,4,3,3,3,5,4,3,2,2,2,4,1,2,4,0,11,0
952,36154,36,818,2,3,3,3,2,2,2,2,1,1,3,3,3,2,21,37,0
953,73038,43,1096,3,3,3,1,3,3,3,3,5,2,2,1,3,3,68,43,0
954,70922,68,2832,3,3,3,3,3,4,5,3,3,4,3,5,3,3,113,105,1
955,6442,28,296,3,5,3,2,5,3,5,5,3,4,5,3,5,5,17,13,0
956,23792,25,374,2,1,2,1,4,2,4,4,3,3,1,3,1,4,25,29,0
957,62854,39,2446,2,2,2,2,2,5,5,4,4,4,4,4,4,3,0,0,1
958,125922,55,993,1,4,1,1,2,4,4,3,3,1,3,3,3,4,0,0,0
959,101735,58,1590,3,3,3,3,5,5,4,4,4,4,4,3,4,4,2,0,1
960,13793,18,878,0,5,0,4,4,0,4,4,1,2,3,1,2,4,20,20,1
961,45544,64,166,5,5,5,5,2,4,1,5,5,5,4,5,5,2,0,0,1
962,128499,7,304,4,4,4,4,5,4,5,5,4,4,3,2,2,5,0,0,0
963,75319,41,2556,3,3,3,3,5,5,5,3,3,4,4,5,3,5,0,11,1
964,63062,56,948,3,3,3,3,1,4,4,3,3,3,3,1,3,3,0,0,0
965,69088,9,1389,1,4,1,4,1,1,1,1,3,2,4,4,5,1,0,0,0
966,56055,25,2475,3,5,3,2,3,3,3,3,3,2,5,5,4,3,0,0,0
967,23256,24,783,1,1,1,3,4,1,1,4,1,5,3,2,2,4,0,0,0
968,2766,55,764,2,2,2,2,2,4,4,5,5,5,5,5,5,3,0,0,1
969,88472,17,406,3,3,3,3,4,3,4,4,2,5,3,1,4,4,40,29,0
970,92733,55,1298,2,2,2,2,4,4,5,5,5,5,5,5,5,4,0,0,1
971,8997,37,2214,4,1,1,1,2,3,3,4,4,3,4,1,4,1,28,19,0
972,72815,25,645,3,5,5,5,3,3,2,3,2,5,4,4,3,3,86,82,0
973,37792,46,944,5,2,5,2,5,5,5,5,1,1,5,5,5,5,0,0,1
974,115023,39,308,5,5,4,5,3,5,5,4,4,4,4,4,4,4,4,8,1
975,127160,27,651,2,2,2,3,1,2,1,1,1,5,4,2,3,1,124,114,0
976,115148,21,337,2,1,2,4,2,2,2,4,2,4,3,2,2,2,137,138,0
977,43633,39,119,2,2,0,3,0,3,3,2,2,3,3,3,1,3,187,191,0
978,26473,64,919,3,5,3,3,2,3,2,2,5,1,1,4,3,2,0,0,0
979,42952,27,259,2,5,3,4,2,3,2,2,1,1,5,4,3,2,0,0,0
980,40592,37,117,3,1,3,4,5,3,5,5,4,2,3,2,3,5,0,0,0
981,120510,63,449,5,3,5,3,2,4,4,2,2,5,2,3,2,1,0,0,1
982,125418,32,735,2,2,2,3,4,2,4,4,5,5,5,4,4,4,0,0,0
983,18427,59,201,3,3,3,3,3,4,4,3,3,4,5,3,3,3,1,0,1
984,45697,40,896,2,1,1,1,2,2,2,2,2,5,4,3,3,2,8,10,0
985,55250,57,1009,3,5,3,3,4,3,4,4,3,3,5,4,4,4,26,27,0
986,49711,25,156,2,5,2,4,1,2,1,1,3,5,1,2,5,1,0,0,0
987,41865,25,483,3,1,3,4,5,3,5,5,4,5,4,5,5,5,5,0,0
988,67501,60,641,3,5,3,1,5,3,5,5,3,2,5,5,5,5,7,0,0
989,92116,61,1532,2,1,3,3,2,3,2,2,2,5,4,1,3,2,0,0,0
990,43629,15,190,2,5,2,5,1,2,1,1,4,4,4,4,5,1,7,0,0
991,19680,51,409,4,2,5,2,1,2,4,4,4,4,4,3,4,3,12,6,1
992,48176,23,236,3,4,4,4,3,3,3,3,3,5,3,3,4,3,0,0,0
993,107843,45,2539,4,4,4,4,2,4,4,5,5,5,5,4,5,3,10,3,1
994,1878,13,931,5,5,5,3,4,5,4,4,4,4,5,5,4,4,0,4,1
995,76953,31,1990,2,2,2,2,5,2,5,5,3,2,3,4,4,5,18,6,0
996,66370,40,3298,3,3,3,3,2,4,5,3,3,3,3,4,3,5,0,0,1
997,790,47,482,2,2,2,2,5,4,5,4,4,4,4,5,4,4,9,0,1
998,41623,15,1504,3,3,3,1,2,3,2,2,4,5,1,4,1,2,0,0,0
