x,y,cld,dtr,frs,pet,pre,tmn,tmp,tmx,vap,wet,elevation,dominant_land_cover,Class
26.5739,41.4836,78.4,6.8,18.19,0.7,48,-0.1,3.3,6.7,6.4,11.23,153,2,1
26.0678,40.8236,71,6.8,14.99,0.8,46.5,1.1,4.5,7.9,6.8,10.88,169,2,1
26.0544,40.7906,71,6.8,14.99,0.8,46.5,1.1,4.5,7.9,6.8,10.88,169,2,1
26.1789,40.8889,71,6.8,14.99,0.8,46.5,1.1,4.5,7.9,6.8,10.88,169,2,1
26.5044,41.3814,78.4,6.8,18.19,0.7,48,-0.1,3.3,6.7,6.4,11.23,153,2,1
26.1469,40.8806,71,6.8,14.99,0.8,46.5,1.1,4.5,7.9,6.8,10.88,169,2,1
26.2772,40.945,71,6.8,14.99,0.8,46.5,1.1,4.5,7.9,6.8,10.88,169,2,1
26.2997,41.0283,74.9,6.9,18.19,0.7,40.2,-0.1,3.4,6.9,6.4,9.76,160,2,1
26.1792,40.9044,71,6.8,14.99,0.8,46.5,1.1,4.5,7.9,6.8,10.88,169,2,1
26.1433,40.8892,71,6.8,14.99,0.8,46.5,1.1,4.5,7.9,6.8,10.88,169,2,1
26.2058,40.9208,71,6.8,14.99,0.8,46.5,1.1,4.5,7.9,6.8,10.88,169,2,1
26.1875,40.8942,71,6.8,14.99,0.8,46.5,1.1,4.5,7.9,6.8,10.88,169,2,1
26.0911,40.7536,71,6.8,14.99,0.8,46.5,1.1,4.5,7.9,6.8,10.88,169,2,1
26.0394,40.8994,71,6.8,14.99,0.8,46.5,1.1,4.5,7.9,6.8,10.88,169,2,1
26.11,40.77,71,6.8,14.99,0.8,46.5,1.1,4.5,7.9,6.8,10.88,169,2,1
26.1381,40.8319,71,6.8,14.99,0.8,46.5,1.1,4.5,7.9,6.8,10.88,169,2,1
26.12628,41.24761,74.9,6.9,18.19,0.7,40.2,-0.1,3.4,6.9,6.4,9.76,160,2,1
26.3039,40.9542,71,6.8,14.99,0.8,46.5,1.1,4.5,7.9,6.8,10.88,169,2,1
26.1319,40.7817,71,6.8,14.99,0.8,46.5,1.1,4.5,7.9,6.8,10.88,169,2,1
26.2669,40.9419,71,6.8,14.99,0.8,46.5,1.1,4.5,7.9,6.8,10.88,169,2,1
26.125,40.7822,71,6.8,14.99,0.8,46.5,1.1,4.5,7.9,6.8,10.88,169,2,1
26.1867,40.8767,71,6.8,14.99,0.8,46.5,1.1,4.5,7.9,6.8,10.88,169,2,1
26.1261,40.8078,71,6.8,14.99,0.8,46.5,1.1,4.5,7.9,6.8,10.88,169,2,1
26.0797,40.7794,71,6.8,14.99,0.8,46.5,1.1,4.5,7.9,6.8,10.88,169,2,1
26.1231,40.8158,71,6.8,14.99,0.8,46.5,1.1,4.5,7.9,6.8,10.88,169,2,1
26.2111,40.9194,71,6.8,14.99,0.8,46.5,1.1,4.5,7.9,6.8,10.88,169,2,1
26.1156,40.8142,71,6.8,14.99,0.8,46.5,1.1,4.5,7.9,6.8,10.88,169,2,1
26.1919,40.9786,71,6.8,14.99,0.8,46.5,1.1,4.5,7.9,6.8,10.88,169,2,1
47.096,43.2613,77.8,5.4,21.02,0.6,20.7,-1.2,1.5,4.2,5.7,11.38,143,9,1
45.5186,43.5752,80.5,5.7,25.15,0.4,19.5,-3.9,-1,1.9,5.2,11.61,149,3,1
50.0468,26.5714,44.4,8.3,0,3.4,55.7,12.9,17,21.2,10.5,11.76,145,9,1
49.4823,25.3751,45.4,8.7,0,3.6,33.1,13.2,17.5,21.9,10.4,10.67,163,9,1
26.27,40.94,71,6.8,14.99,0.8,46.5,1.1,4.5,7.9,6.8,10.88,169,2,1
26.13,40.82,71,6.8,14.99,0.8,46.5,1.1,4.5,7.9,6.8,10.88,169,2,1
26.18,40.87,71,6.8,14.99,0.8,46.5,1.1,4.5,7.9,6.8,10.88,169,2,1
26.2,40.86,71,6.8,14.99,0.8,46.5,1.1,4.5,7.9,6.8,10.88,169,2,1
26.126282,41.247609,74.9,6.9,18.19,0.7,40.2,-0.1,3.4,6.9,6.4,9.76,160,2,1
26.17,40.83,71,6.8,14.99,0.8,46.5,1.1,4.5,7.9,6.8,10.88,169,2,1
26.17,40.82,71,6.8,14.99,0.8,46.5,1.1,4.5,7.9,6.8,10.88,169,2,1
26.22,40.89,71,6.8,14.99,0.8,46.5,1.1,4.5,7.9,6.8,10.88,169,2,1
26.1,40.81,71,6.8,14.99,0.8,46.5,1.1,4.5,7.9,6.8,10.88,169,2,1
26.27,40.95,71,6.8,14.99,0.8,46.5,1.1,4.5,7.9,6.8,10.88,169,2,1
26.14,40.89,71,6.8,14.99,0.8,46.5,1.1,4.5,7.9,6.8,10.88,169,2,1
26.3,40.95,71,6.8,14.99,0.8,46.5,1.1,4.5,7.9,6.8,10.88,169,2,1
26.13,40.78,71,6.8,14.99,0.8,46.5,1.1,4.5,7.9,6.8,10.88,169,2,1
26.12,40.76,71,6.8,14.99,0.8,46.5,1.1,4.5,7.9,6.8,10.88,169,2,1
26.09,40.8,71,6.8,14.99,0.8,46.5,1.1,4.5,7.9,6.8,10.88,169,2,1
26.14,40.84,71,6.8,14.99,0.8,46.5,1.1,4.5,7.9,6.8,10.88,169,2,1
26.15,40.84,71,6.8,14.99,0.8,46.5,1.1,4.5,7.9,6.8,10.88,169,2,1
46.635,41.909,68.6,8,30.93,0.7,37.2,-12.9,-8.9,-4.9,1.4,9.44,215,3,1
46.381,42.08,68.7,8.3,31,0.5,48.7,-17.1,-12.9,-8.8,1.2,10.16,103,4,1
26.13,40.79,71,6.8,14.99,0.8,46.5,1.1,4.5,7.9,6.8,10.88,169,2,1
33.791588,35.319194,64.3,7.9,0.59,1.9,90,8.4,12.3,16.3,9.6,13.83,139,2,1
47.816765,29.285822,39.7,10.7,0.39,2.7,22.9,8.7,14,19.4,9.6,7.73,148,9,1
50.0469,26.5702,44.4,8.3,0,3.4,55.7,12.9,17,21.2,10.5,11.76,145,9,1
47.817564,29.286099,39.7,10.7,0.39,2.7,22.9,8.7,14,19.4,9.6,7.73,148,9,1
34.233742,35.532785,64.6,6.8,2.75,1.7,152.5,6.5,9.9,13.3,7.6,12.42,113,5,1
47.818851,29.286998,39.7,10.7,0.39,2.7,22.9,8.7,14,19.4,9.6,7.73,148,9,1
46.44064,34.33824,54.2,10.9,27.23,1.1,57.2,-6,-0.5,5,3.7,9.85,168,4,1
48.03129,31.65357,53.7,11.6,1.54,1.6,66.5,7.4,13.2,19,10.8,8.76,149,9,1
47.4137,40.4768,68.2,7.5,13.92,0.8,23.2,1.5,5.2,9,6.6,6.83,145,2,1
47.4233,40.4987,68.2,7.5,13.92,0.8,23.2,1.5,5.2,9,6.6,6.83,145,2,1
47.4136,40.457,68.2,7.5,13.92,0.8,23.2,1.5,5.2,9,6.6,6.83,145,2,1
47.4492,40.57,69.5,7.3,16.59,0.8,24.2,0.5,4.1,7.8,5.9,7.11,145,2,1
47.4136,40.5367,69.5,7.3,16.59,0.8,24.2,0.5,4.1,7.8,5.9,7.11,145,2,1
47.4496,40.5323,69.5,7.3,16.59,0.8,24.2,0.5,4.1,7.8,5.9,7.11,145,2,1
47.4616,40.5451,69.5,7.3,16.59,0.8,24.2,0.5,4.1,7.8,5.9,7.11,145,2,1
47.5462,40.5774,69.9,7.4,17.39,0.7,24.3,0.2,3.9,7.6,6,6.93,161,4,1
47.5333,40.5313,69.9,7.4,17.39,0.7,24.3,0.2,3.9,7.6,6,6.93,161,4,1
47.5068,40.4883,68.5,7.6,12.86,0.8,19.8,1.9,5.7,9.5,7,7.31,146,2,1
47.5061,40.4898,68.5,7.6,12.86,0.8,19.8,1.9,5.7,9.5,7,7.31,146,2,1
47.5262,40.5283,69.9,7.4,17.39,0.7,24.3,0.2,3.9,7.6,6,6.93,161,4,1
47.5374,40.4932,68.5,7.6,12.86,0.8,19.8,1.9,5.7,9.5,7,7.31,146,2,1
47.5322,40.5047,69.9,7.4,17.39,0.7,24.3,0.2,3.9,7.6,6,6.93,161,4,1
36.10731,36.311343,70.5,5.9,3.06,1.4,151.2,6.3,9.2,12.2,8.1,15.46,164,2,1
36.797888,38.158904,70.9,8.3,28.25,0.7,80,-7.2,-3,1.2,3.5,12.69,132,3,1
36.784638,38.404143,70.9,8.3,28.25,0.7,80,-7.2,-3,1.2,3.5,12.69,132,3,1
36.710881,38.494795,70.9,8.3,28.25,0.7,80,-7.2,-3,1.2,3.5,12.69,132,3,1
34.131094,36.885679,65.9,7.3,9.03,1.3,146.7,3.4,7,10.7,6.5,12.13,134,4,1
34.174092,37.441152,72.2,6.1,26.96,0.9,73.8,-5.7,-2.6,0.5,3.1,11.47,221,8,1
31.257475,38.495096,73.1,7.5,22.25,0.9,62.8,-1.7,2.1,5.9,4.8,12.11,190,3,1
37.510468,40.393426,70.7,8.3,28.17,0.7,48.1,-7.1,-2.9,1.3,3.3,12.84,203,2,1
37.087806,39.75698,71.6,7.9,28.17,0.6,45.7,-7.1,-3.1,0.9,3.6,12.51,198,8,1
35.015149,37.691964,69.4,6.7,26.39,0.9,75.9,-5.1,-1.7,1.7,3.6,12.25,71,4,1
36.549674,37.175592,70.9,6.6,14.72,0.9,131.4,1.2,4.5,7.8,5.9,13.52,108,2,1
31.28869,38.582758,73.9,7.2,22.97,0.9,42.9,-2,1.6,5.2,4.7,11.19,124,8,1
37.382736,37.070479,69.4,7.2,16.06,0.9,99.9,0.7,4.3,7.9,5.9,13.65,186,2,1
31.23341,38.528333,73.9,7.2,22.97,0.9,42.9,-2,1.6,5.2,4.7,11.19,124,8,1
36.008813,36.090565,70.5,5.9,3.06,1.4,151.2,6.3,9.2,12.2,8.1,15.46,164,2,1
37.030392,38.130273,72,8.2,28.84,0.6,60.5,-8,-3.9,0.2,3.4,11.59,186,2,1
36.026645,37.333899,65.9,6.8,5.85,1.1,140.5,4.8,8.2,11.6,6.9,13.17,145,2,1
36.509722,37.191307,70.9,6.6,14.72,0.9,131.4,1.2,4.5,7.8,5.9,13.52,108,2,1
40.962319,39.952587,62.3,9.1,29.88,0.6,38.5,-9.7,-5.1,-0.6,2.9,10.07,215,3,1
31.436429,38.645832,73.9,7.2,22.97,0.9,42.9,-2,1.6,5.2,4.7,11.19,124,8,1
37.7412,40.163353,70.7,8.3,28.17,0.7,48.1,-7.1,-2.9,1.3,3.3,12.84,203,2,1
36.652357,39.718723,72.1,7.2,27.23,0.6,51.6,-6,-2.4,1.2,3.8,13.1,167,2,1
36.368386,38.74956,66.5,9.2,28.4,0.6,55.7,-7.4,-2.8,1.8,3.8,12.2,181,2,1
36.29699,38.642805,66.5,9.2,28.4,0.6,55.7,-7.4,-2.8,1.8,3.8,12.2,181,2,1
36.235077,37.574039,69.6,7.2,24.03,0.8,115.6,-2.9,0.7,4.3,4.7,12.69,182,3,1
35.626768,38.423749,68.6,8,26.87,0.7,64.3,-5.6,-1.6,2.4,4.1,11.46,188,2,1
36.394976,38.72138,66.5,9.2,28.4,0.6,55.7,-7.4,-2.8,1.8,3.8,12.2,181,2,1
36.456237,37.197863,65.9,6.8,5.85,1.1,140.5,4.8,8.2,11.6,6.9,13.17,145,2,1
35.949216,37.316175,61.4,7.6,1.11,1.5,145.9,7.8,11.6,15.4,7.5,11.75,146,2,1
36.511964,38.439642,70.9,8.3,28.25,0.7,80,-7.2,-3,1.2,3.5,12.69,132,3,1
36.618125,38.459423,70.9,8.3,28.25,0.7,80,-7.2,-3,1.2,3.5,12.69,132,3,1
35.098605,37.038899,61.4,6.7,2.31,1.4,176.7,6.8,10.1,13.5,6.9,11.07,148,11,1
36.503288,38.511751,70,8.5,27.92,0.6,55.1,-6.8,-2.5,1.8,3.9,11.89,210,3,1
35.653278,38.529319,67.8,9.7,27.84,0.7,52,-6.7,-1.8,3.1,4.1,12.95,208,4,1
34.919881,37.71363,69.7,6.9,24.6,0.9,51.4,-3.4,0.1,3.6,4.3,11.31,186,3,1
35.338278,37.812983,69.4,6.7,26.39,0.9,75.9,-5.1,-1.7,1.7,3.6,12.25,71,4,1
36.924941,37.835057,70.3,7.6,25.25,0.7,114.1,-4,-0.2,3.6,4.5,12.7,184,4,1
35.45723,38.307426,67.8,7.2,24.71,0.8,60,-3.5,0.1,3.7,4.4,12.23,183,8,1
35.690033,38.685978,67.8,9.7,27.84,0.7,52,-6.7,-1.8,3.1,4.1,12.95,208,4,1
37.231672,37.382859,69.4,7.2,16.06,0.9,99.9,0.7,4.3,7.9,5.9,13.65,186,2,1
39.110852,39.345448,66.1,9.4,29.05,0.6,68.4,-8.3,-3.6,1.1,3.3,11.49,173,4,1
37.493125,38.555766,71.1,8.3,28.55,0.6,47.3,-7.6,-3.4,0.8,3.8,11.48,167,9,1
36.367826,39.020879,68.8,8.6,27.23,0.6,55.6,-6,-1.7,2.6,4.1,12.91,197,2,1
34.721946,37.536714,69.7,6.9,24.6,0.9,51.4,-3.4,0.1,3.6,4.3,11.31,186,3,1
35.254717,38.893271,67.6,9,25.88,0.8,51.5,-4.6,-0.1,4.4,4.3,14.71,166,2,1
35.058884,37.837733,69.4,6.7,26.39,0.9,75.9,-5.1,-1.7,1.7,3.6,12.25,71,4,1
34.233523,37.439481,72.2,6.1,26.96,0.9,73.8,-5.7,-2.6,0.5,3.1,11.47,221,8,1
35.91895,37.340595,61.4,7.6,1.11,1.5,145.9,7.8,11.6,15.4,7.5,11.75,146,2,1
35.850893,37.344694,61.4,7.6,1.11,1.5,145.9,7.8,11.6,15.4,7.5,11.75,146,2,1
35.360171,38.156147,67.8,7.2,24.71,0.8,60,-3.5,0.1,3.7,4.4,12.23,183,8,1
34.780713,37.485071,67.3,7.2,17.39,1.1,128.6,0.2,3.8,7.4,5.4,11.54,120,4,1
38.846201,37.135879,62.1,8.2,11.04,1.1,63,2.6,6.7,10.8,6.7,11.56,167,3,1
36.13512,36.284914,70.5,5.9,3.06,1.4,151.2,6.3,9.2,12.2,8.1,15.46,164,2,1
42.805901,38.127566,56.3,6.6,25.99,0.8,47.8,-4.7,-1.4,1.9,3.9,9.67,228,9,1
34.779564,38.225111,68.4,7.1,24.15,0.9,50.1,-3,0.6,4.2,4.5,14.1,186,1,1
36.445143,38.586201,66.5,9.2,28.4,0.6,55.7,-7.4,-2.8,1.8,3.8,12.2,181,2,1
36.557481,38.432796,70.9,8.3,28.25,0.7,80,-7.2,-3,1.2,3.5,12.69,132,3,1
34.958399,38.244571,68.4,7.1,24.15,0.9,50.1,-3,0.6,4.2,4.5,14.1,186,1,1
34.991015,38.59307,69.4,7.2,23.8,0.9,60.5,-2.7,0.9,4.5,4.6,15,183,2,1
37.211843,38.361314,72,8.2,28.84,0.6,60.5,-8,-3.9,0.2,3.4,11.59,186,2,1
34.992717,37.840159,69.7,6.9,24.6,0.9,51.4,-3.4,0.1,3.6,4.3,11.31,186,3,1
38.42395,38.446147,69.2,6.8,25.47,0.7,55.6,-4.2,-0.8,2.6,4.2,11.42,199,2,1
36.022846,37.681614,69.6,7.2,24.03,0.8,115.6,-2.9,0.7,4.3,4.7,12.69,182,3,1
32.16489,38.443751,74.2,8.4,24.93,0.7,42.8,-3.7,0.5,4.7,4.6,9.01,186,2,1
37.989401,40.032607,70.7,8.3,28.17,0.7,48.1,-7.1,-2.9,1.3,3.3,12.84,203,2,1
37.329852,38.168591,72,8.2,28.84,0.6,60.5,-8,-3.9,0.2,3.4,11.59,186,2,1
37.072651,37.834502,71.2,8.1,26.39,0.7,81.8,-5.1,-1,3.1,4.1,11.77,140,9,1
31.651019,38.584406,73.4,7.8,23.33,0.8,40.9,-2.3,1.6,5.5,4.9,10.01,170,2,1
35.52636,38.051717,68.6,8,26.87,0.7,64.3,-5.6,-1.6,2.4,4.1,11.46,188,2,1
35.448055,37.798229,69.4,6.7,26.39,0.9,75.9,-5.1,-1.7,1.7,3.6,12.25,71,4,1
35.531032,38.02209,68.6,8,26.87,0.7,64.3,-5.6,-1.6,2.4,4.1,11.46,188,2,1
35.585945,38.04292,68.6,8,26.87,0.7,64.3,-5.6,-1.6,2.4,4.1,11.46,188,2,1
37.444475,37.187028,69.4,7.2,16.06,0.9,99.9,0.7,4.3,7.9,5.9,13.65,186,2,1
37.832941,37.400537,67.5,7.6,13.92,1,77.3,1.5,5.3,9.1,6.3,12.64,179,2,1
36.793323,38.091473,70.9,8.3,28.25,0.7,80,-7.2,-3,1.2,3.5,12.69,132,3,1
34.973662,37.693906,69.7,6.9,24.6,0.9,51.4,-3.4,0.1,3.6,4.3,11.31,186,3,1
37.377812,38.658863,71.1,8.3,28.55,0.6,47.3,-7.6,-3.4,0.8,3.8,11.48,167,9,1
36.643343,39.10608,69.8,8.3,27.76,0.6,46.9,-6.6,-2.4,1.8,4,12.25,198,2,1
36.271547,38.756875,66.5,9.2,28.4,0.6,55.7,-7.4,-2.8,1.8,3.8,12.2,181,2,1
36.527106,37.243518,70.9,6.6,14.72,0.9,131.4,1.2,4.5,7.8,5.9,13.52,108,2,1
36.20039,36.160172,70.5,5.9,3.06,1.4,151.2,6.3,9.2,12.2,8.1,15.46,164,2,1
37.002345,38.038493,72,8.2,28.84,0.6,60.5,-8,-3.9,0.2,3.4,11.59,186,2,1
36.241677,37.078091,65.9,6.8,5.85,1.1,140.5,4.8,8.2,11.6,6.9,13.17,145,2,1
35.624749,38.264683,68.6,8,26.87,0.7,64.3,-5.6,-1.6,2.4,4.1,11.46,188,2,1
36.226253,37.045901,65.9,6.8,5.85,1.1,140.5,4.8,8.2,11.6,6.9,13.17,145,2,1
36.571987,38.028632,70.9,8.3,28.25,0.7,80,-7.2,-3,1.2,3.5,12.69,132,3,1
36.219559,37.958151,69.6,7.2,24.03,0.8,115.6,-2.9,0.7,4.3,4.7,12.69,182,3,1
36.283307,36.199453,70.5,5.9,3.06,1.4,151.2,6.3,9.2,12.2,8.1,15.46,164,2,1
36.029557,37.447029,65.9,6.8,5.85,1.1,140.5,4.8,8.2,11.6,6.9,13.17,145,2,1
36.67143,39.589338,72.1,7.2,27.23,0.6,51.6,-6,-2.4,1.2,3.8,13.1,167,2,1
48.3122,39.3355,65.1,8.3,18.98,0.7,23.6,-0.4,3.8,8,6.5,7.92,169,2,1
48.3744,39.4256,65.1,8.3,18.98,0.7,23.6,-0.4,3.8,8,6.5,7.92,169,2,1
32.3373,26.808,28.5,15.6,3.56,3.4,0.4,6,13.8,21.6,7.9,0,169,9,1
31.9497,27.9696,31.7,14.9,3.73,3.1,0.1,5.9,13.3,20.8,8.4,0.12,166,8,1
32.2165,29.7845,36.7,11.4,0.45,2.5,0.4,8.6,14.3,20,10.3,0.75,145,9,1
29.9197,29.6155,34.7,12.3,1.01,2.6,3.1,7.9,14,20.2,10.6,1.17,160,9,1
31.2128,30.3039,37.3,11.1,0.01,2.5,0.6,9.8,15.3,20.9,11.5,0.82,147,2,1
30.1965,30.9575,38.2,10.6,0,2.4,4.1,10,15.3,20.6,11.6,1.56,147,2,1
45.74203,35.88411,57.1,9.8,25.57,0.8,45.9,-4.3,0.6,5.5,4.7,9.58,176,3,1
46.44064,34.320188,54.2,10.9,27.23,1.1,57.2,-6,-0.5,5,3.7,9.85,168,4,1
45.84202,35.85164,57.1,9.8,25.57,0.8,45.9,-4.3,0.6,5.5,4.7,9.58,176,3,1
34.653033,37.182388,67.3,7.2,17.39,1.1,128.6,0.2,3.8,7.4,5.4,11.54,120,4,1
36.249694,37.627178,69.6,7.2,24.03,0.8,115.6,-2.9,0.7,4.3,4.7,12.69,182,3,1
34.538857,36.922657,65.9,7.3,9.03,1.3,146.7,3.4,7,10.7,6.5,12.13,134,4,1
35.384376,37.073732,61.4,6.7,2.31,1.4,176.7,6.8,10.1,13.5,6.9,11.07,148,11,1
35.852739,38.858343,67.8,9.7,27.84,0.7,52,-6.7,-1.8,3.1,4.1,12.95,208,4,1
36.392331,37.252063,65.9,6.8,5.85,1.1,140.5,4.8,8.2,11.6,6.9,13.17,145,2,1
36.233296,38.099836,69.3,8.4,28.48,0.7,83.1,-7.5,-3.3,0.9,3.5,12.73,172,2,1
36.192965,37.868747,69.6,7.2,24.03,0.8,115.6,-2.9,0.7,4.3,4.7,12.69,182,3,1
34.443396,37.100451,72.2,6.1,26.96,0.9,73.8,-5.7,-2.6,0.5,3.1,11.47,221,8,1
39.819987,37.31674,62.2,9.4,15.52,1.1,59.8,0.9,5.6,10.3,6.5,9.96,168,1,1
36.331179,37.321537,65.9,6.8,5.85,1.1,140.5,4.8,8.2,11.6,6.9,13.17,145,2,1
36.455199,37.243727,65.9,6.8,5.85,1.1,140.5,4.8,8.2,11.6,6.9,13.17,145,2,1
36.438637,37.350967,65.9,6.8,5.85,1.1,140.5,4.8,8.2,11.6,6.9,13.17,145,2,1
35.627418,38.219286,68.6,8,26.87,0.7,64.3,-5.6,-1.6,2.4,4.1,11.46,188,2,1
35.338875,37.002804,61.4,6.7,2.31,1.4,176.7,6.8,10.1,13.5,6.9,11.07,148,11,1
36.508181,37.240173,70.9,6.6,14.72,0.9,131.4,1.2,4.5,7.8,5.9,13.52,108,2,1
34.685694,37.237842,67.3,7.2,17.39,1.1,128.6,0.2,3.8,7.4,5.4,11.54,120,4,1
36.248085,37.043215,65.9,6.8,5.85,1.1,140.5,4.8,8.2,11.6,6.9,13.17,145,2,1
36.560362,37.20172,70.9,6.6,14.72,0.9,131.4,1.2,4.5,7.8,5.9,13.52,108,2,1
36.659609,37.816353,70.3,7.6,25.25,0.7,114.1,-4,-0.2,3.6,4.5,12.7,184,4,1
35.799147,38.448894,68.6,8,26.87,0.7,64.3,-5.6,-1.6,2.4,4.1,11.46,188,2,1
36.562101,37.826184,70.3,7.6,25.25,0.7,114.1,-4,-0.2,3.6,4.5,12.7,184,4,1
36.545324,37.916289,70.3,7.6,25.25,0.7,114.1,-4,-0.2,3.6,4.5,12.7,184,4,1
36.969625,37.916289,70.3,7.6,25.25,0.7,114.1,-4,-0.2,3.6,4.5,12.7,184,4,1
36.575,38.176,70.9,8.3,28.25,0.7,80,-7.2,-3,1.2,3.5,12.69,132,3,1
36.587,37.315,70.9,6.6,14.72,0.9,131.4,1.2,4.5,7.8,5.9,13.52,108,2,1
36.504,37.298,70.9,6.6,14.72,0.9,131.4,1.2,4.5,7.8,5.9,13.52,108,2,1
35.661,37.26,61.4,7.6,1.11,1.5,145.9,7.8,11.6,15.4,7.5,11.75,146,2,1
36.452,37.253,65.9,6.8,5.85,1.1,140.5,4.8,8.2,11.6,6.9,13.17,145,2,1
35.299,36.978,61.5,8,2.17,1.6,165.1,6.9,10.9,14.9,8.4,11.86,145,2,1
36.206,37.184,65.9,6.8,5.85,1.1,140.5,4.8,8.2,11.6,6.9,13.17,145,2,1
36.219,37.159,65.9,6.8,5.85,1.1,140.5,4.8,8.2,11.6,6.9,13.17,145,2,1
36.463,37.244,65.9,6.8,5.85,1.1,140.5,4.8,8.2,11.6,6.9,13.17,145,2,1
35.945,38.142,68.6,8,26.87,0.7,64.3,-5.6,-1.6,2.4,4.1,11.46,188,2,1
36.295,37.2,65.9,6.8,5.85,1.1,140.5,4.8,8.2,11.6,6.9,13.17,145,2,1
36.444,37.222,65.9,6.8,5.85,1.1,140.5,4.8,8.2,11.6,6.9,13.17,145,2,1
36.467,37.264,65.9,6.8,5.85,1.1,140.5,4.8,8.2,11.6,6.9,13.17,145,2,1
36.293,37.325,65.9,6.8,5.85,1.1,140.5,4.8,8.2,11.6,6.9,13.17,145,2,1
36.422,37.274,65.9,6.8,5.85,1.1,140.5,4.8,8.2,11.6,6.9,13.17,145,2,1
35.664,37.263,61.4,7.6,1.11,1.5,145.9,7.8,11.6,15.4,7.5,11.75,146,2,1
36.169,38.178,69.3,8.4,28.48,0.7,83.1,-7.5,-3.3,0.9,3.5,12.73,172,2,1
36.266,37.102,65.9,6.8,5.85,1.1,140.5,4.8,8.2,11.6,6.9,13.17,145,2,1
35.486,37.915,69.4,6.7,26.39,0.9,75.9,-5.1,-1.7,1.7,3.6,12.25,71,4,1
35.027,36.958,61.5,8,2.17,1.6,165.1,6.9,10.9,14.9,8.4,11.86,145,2,1
35.74,37.61,67.6,7.4,20.52,0.9,113.3,-1,2.7,6.4,5,11.9,142,4,1
35.684,37.846,67.6,7.4,20.52,0.9,113.3,-1,2.7,6.4,5,11.9,142,4,1
35.403,37.463,61.4,6.7,2.31,1.4,176.7,6.8,10.1,13.5,6.9,11.07,148,11,1
36.56,37.229,70.9,6.6,14.72,0.9,131.4,1.2,4.5,7.8,5.9,13.52,108,2,1
36.459,37.977,69.6,7.2,24.03,0.8,115.6,-2.9,0.7,4.3,4.7,12.69,182,3,1
36.452,37.249,65.9,6.8,5.85,1.1,140.5,4.8,8.2,11.6,6.9,13.17,145,2,1
36.436,37.189,65.9,6.8,5.85,1.1,140.5,4.8,8.2,11.6,6.9,13.17,145,2,1
36.533,37.33,70.9,6.6,14.72,0.9,131.4,1.2,4.5,7.8,5.9,13.52,108,2,1
36.464,37.193,65.9,6.8,5.85,1.1,140.5,4.8,8.2,11.6,6.9,13.17,145,2,1
36.455,37.244,65.9,6.8,5.85,1.1,140.5,4.8,8.2,11.6,6.9,13.17,145,2,1
35.987,37.475,61.4,7.6,1.11,1.5,145.9,7.8,11.6,15.4,7.5,11.75,146,2,1
36.484,37.601,69.6,7.2,24.03,0.8,115.6,-2.9,0.7,4.3,4.7,12.69,182,3,1
36.207,37.131,65.9,6.8,5.85,1.1,140.5,4.8,8.2,11.6,6.9,13.17,145,2,1
36.456972,37.261467,65.9,6.8,5.85,1.1,140.5,4.8,8.2,11.6,6.9,13.17,145,2,1
36.452798,37.239402,65.9,6.8,5.85,1.1,140.5,4.8,8.2,11.6,6.9,13.17,145,2,1
36.474717,36.474717,70.5,5.9,3.06,1.4,151.2,6.3,9.2,12.2,8.1,15.46,164,2,1
35.368402,37.375824,61.4,6.7,2.31,1.4,176.7,6.8,10.1,13.5,6.9,11.07,148,11,1
36.464574,37.321876,65.9,6.8,5.85,1.1,140.5,4.8,8.2,11.6,6.9,13.17,145,2,1
36.460494,37.254113,65.9,6.8,5.85,1.1,140.5,4.8,8.2,11.6,6.9,13.17,145,2,1
35.02241,37.23571,61.4,6.7,2.31,1.4,176.7,6.8,10.1,13.5,6.9,11.07,148,11,1
36.420242,37.159021,65.9,6.8,5.85,1.1,140.5,4.8,8.2,11.6,6.9,13.17,145,2,1
36.023156,37.500142,69.6,7.2,24.03,0.8,115.6,-2.9,0.7,4.3,4.7,12.69,182,3,1
36.636482,37.557861,70.3,7.6,25.25,0.7,114.1,-4,-0.2,3.6,4.5,12.7,184,4,1
36.479236,37.255911,65.9,6.8,5.85,1.1,140.5,4.8,8.2,11.6,6.9,13.17,145,2,1
36.14422,37.837131,69.6,7.2,24.03,0.8,115.6,-2.9,0.7,4.3,4.7,12.69,182,3,1
36.180134,37.159366,65.9,6.8,5.85,1.1,140.5,4.8,8.2,11.6,6.9,13.17,145,2,1
35.510018,37.151749,61.4,7.6,1.11,1.5,145.9,7.8,11.6,15.4,7.5,11.75,146,2,1
35.170662,37.32186,61.4,6.7,2.31,1.4,176.7,6.8,10.1,13.5,6.9,11.07,148,11,1
35.280604,36.816231,61.5,8,2.17,1.6,165.1,6.9,10.9,14.9,8.4,11.86,145,2,1
36.403159,37.209472,65.9,6.8,5.85,1.1,140.5,4.8,8.2,11.6,6.9,13.17,145,2,1
36.369149,37.149122,65.9,6.8,5.85,1.1,140.5,4.8,8.2,11.6,6.9,13.17,145,2,1
36.400077,37.350475,65.9,6.8,5.85,1.1,140.5,4.8,8.2,11.6,6.9,13.17,145,2,1
36.336673,37.277676,65.9,6.8,5.85,1.1,140.5,4.8,8.2,11.6,6.9,13.17,145,2,1
36.453188,37.241749,65.9,6.8,5.85,1.1,140.5,4.8,8.2,11.6,6.9,13.17,145,2,1
36.446227,37.338065,65.9,6.8,5.85,1.1,140.5,4.8,8.2,11.6,6.9,13.17,145,2,1
36.44474,37.230586,65.9,6.8,5.85,1.1,140.5,4.8,8.2,11.6,6.9,13.17,145,2,1
35.55746,37.471854,61.4,7.6,1.11,1.5,145.9,7.8,11.6,15.4,7.5,11.75,146,2,1
35.980191,37.683023,67.6,7.4,20.52,0.9,113.3,-1,2.7,6.4,5,11.9,142,4,1
36.030496,37.449702,65.9,6.8,5.85,1.1,140.5,4.8,8.2,11.6,6.9,13.17,145,2,1
36.182297,37.509436,69.6,7.2,24.03,0.8,115.6,-2.9,0.7,4.3,4.7,12.69,182,3,1
36.048186,37.484853,65.9,6.8,5.85,1.1,140.5,4.8,8.2,11.6,6.9,13.17,145,2,1
36.109897,37.161904,65.9,6.8,5.85,1.1,140.5,4.8,8.2,11.6,6.9,13.17,145,2,1
36.07,37.872,69.6,7.2,24.03,0.8,115.6,-2.9,0.7,4.3,4.7,12.69,182,3,1
35.355,36.973,61.5,8,2.17,1.6,165.1,6.9,10.9,14.9,8.4,11.86,145,2,1
36.967,37.511,70.3,7.6,25.25,0.7,114.1,-4,-0.2,3.6,4.5,12.7,184,4,1
36.882,37.588,70.3,7.6,25.25,0.7,114.1,-4,-0.2,3.6,4.5,12.7,184,4,1
35.91,37.815,67.6,7.4,20.52,0.9,113.3,-1,2.7,6.4,5,11.9,142,4,1
35.894,37.764,67.6,7.4,20.52,0.9,113.3,-1,2.7,6.4,5,11.9,142,4,1
35.926,37.993,67.6,7.4,20.52,0.9,113.3,-1,2.7,6.4,5,11.9,142,4,1
36.366,37.143,65.9,6.8,5.85,1.1,140.5,4.8,8.2,11.6,6.9,13.17,145,2,1
35.923,37.871,67.6,7.4,20.52,0.9,113.3,-1,2.7,6.4,5,11.9,142,4,1
36.423,37.332,65.9,6.8,5.85,1.1,140.5,4.8,8.2,11.6,6.9,13.17,145,2,1
35.89,37.391,61.4,7.6,1.11,1.5,145.9,7.8,11.6,15.4,7.5,11.75,146,2,1
36.301,37.091,65.9,6.8,5.85,1.1,140.5,4.8,8.2,11.6,6.9,13.17,145,2,1
36.453,37.244,65.9,6.8,5.85,1.1,140.5,4.8,8.2,11.6,6.9,13.17,145,2,1
35.666,37.774,67.6,7.4,20.52,0.9,113.3,-1,2.7,6.4,5,11.9,142,4,1
35.82,37.583,67.6,7.4,20.52,0.9,113.3,-1,2.7,6.4,5,11.9,142,4,1
36.153,37.855,69.6,7.2,24.03,0.8,115.6,-2.9,0.7,4.3,4.7,12.69,182,3,1
36.144,37.377,65.9,6.8,5.85,1.1,140.5,4.8,8.2,11.6,6.9,13.17,145,2,1
35.935,37.457,61.4,7.6,1.11,1.5,145.9,7.8,11.6,15.4,7.5,11.75,146,2,1
36.083,37.417,65.9,6.8,5.85,1.1,140.5,4.8,8.2,11.6,6.9,13.17,145,2,1
35.939,37.424,61.4,7.6,1.11,1.5,145.9,7.8,11.6,15.4,7.5,11.75,146,2,1
35.448,37.425,61.4,6.7,2.31,1.4,176.7,6.8,10.1,13.5,6.9,11.07,148,11,1
36.103,37.3,65.9,6.8,5.85,1.1,140.5,4.8,8.2,11.6,6.9,13.17,145,2,1
36.235,37.506,69.6,7.2,24.03,0.8,115.6,-2.9,0.7,4.3,4.7,12.69,182,3,1
37.642,37.784,69.5,7.5,23.21,0.8,73.6,-2.2,1.6,5.4,5,12.18,185,2,1
44.06618,33.1891,44,11.7,5.85,1.6,27.7,4.8,10.6,16.5,9.6,6.08,147,2,1
44.2237,33.301,44,11.7,5.85,1.6,27.7,4.8,10.6,16.5,9.6,6.08,147,2,1
44.453,33.201,44,11.7,5.85,1.6,27.7,4.8,10.6,16.5,9.6,6.08,147,2,1
44.6015,33.266985,44,11.4,4.64,1.6,30.3,5.4,11.1,16.8,10,6.13,147,9,1
44.21647,35.24611,48.4,9.8,3.22,1.3,52.1,6.2,11.1,16,9,9.46,158,2,1
44.74075,33.18771,44,11.4,4.64,1.6,30.3,5.4,11.1,16.8,10,6.13,147,9,1
44.965525,33.17505,44,11.4,4.64,1.6,30.3,5.4,11.1,16.8,10,6.13,147,9,1
44.66655,33.14654,44,11.4,4.64,1.6,30.3,5.4,11.1,16.8,10,6.13,147,9,1
43.05252,36.2334,54.5,10.3,10.02,1,48.1,3,8.1,13.3,8.5,13.97,160,2,1
43.093163,36.19204,54.5,10.3,10.02,1,48.1,3,8.1,13.3,8.5,13.97,160,2,1
36.432936,37.547846,69.6,7.2,24.03,0.8,115.6,-2.9,0.7,4.3,4.7,12.69,182,3,1
36.03552,36.03552,70.5,5.9,3.06,1.4,151.2,6.3,9.2,12.2,8.1,15.46,164,2,1
35.797677,37.454377,61.4,7.6,1.11,1.5,145.9,7.8,11.6,15.4,7.5,11.75,146,2,1
36.146404,37.468008,65.9,6.8,5.85,1.1,140.5,4.8,8.2,11.6,6.9,13.17,145,2,1
36.275616,37.059836,65.9,6.8,5.85,1.1,140.5,4.8,8.2,11.6,6.9,13.17,145,2,1
36.245115,37.340556,65.9,6.8,5.85,1.1,140.5,4.8,8.2,11.6,6.9,13.17,145,2,1
36.38056,37.316017,65.9,6.8,5.85,1.1,140.5,4.8,8.2,11.6,6.9,13.17,145,2,1
35.918813,37.485174,61.4,7.6,1.11,1.5,145.9,7.8,11.6,15.4,7.5,11.75,146,2,1
35.918813,37.541416,67.6,7.4,20.52,0.9,113.3,-1,2.7,6.4,5,11.9,142,4,1
36.467667,37.292301,65.9,6.8,5.85,1.1,140.5,4.8,8.2,11.6,6.9,13.17,145,2,1
35.908343,37.459547,61.4,7.6,1.11,1.5,145.9,7.8,11.6,15.4,7.5,11.75,146,2,1
36.229151,37.462986,65.9,6.8,5.85,1.1,140.5,4.8,8.2,11.6,6.9,13.17,145,2,1
36.245139,37.472814,65.9,6.8,5.85,1.1,140.5,4.8,8.2,11.6,6.9,13.17,145,2,1
36.226272,37.367775,65.9,6.8,5.85,1.1,140.5,4.8,8.2,11.6,6.9,13.17,145,2,1
36.228105,36.276552,70.5,5.9,3.06,1.4,151.2,6.3,9.2,12.2,8.1,15.46,164,2,1
36.174789,37.360198,65.9,6.8,5.85,1.1,140.5,4.8,8.2,11.6,6.9,13.17,145,2,1
36.251422,37.09736,65.9,6.8,5.85,1.1,140.5,4.8,8.2,11.6,6.9,13.17,145,2,1
43.00058,36.00362,54.5,10.3,10.02,1,48.1,3,8.1,13.3,8.5,13.97,160,2,1
43.00219,36.100174,54.5,10.3,10.02,1,48.1,3,8.1,13.3,8.5,13.97,160,2,1
36.676513,39.591422,72.1,7.2,27.23,0.6,51.6,-6,-2.4,1.2,3.8,13.1,167,2,1
36.230768,37.370657,65.9,6.8,5.85,1.1,140.5,4.8,8.2,11.6,6.9,13.17,145,2,1
35.292358,33.212569,61.1,7.6,0.11,1.7,159.4,9.3,13.1,16.9,10.7,16.59,161,2,1
35.6223,33.282,61.1,8.4,5.23,1.5,114.6,5.1,9.3,13.5,8.7,14.33,187,2,1
35.54362,33.27503,61.1,8.4,5.23,1.5,114.6,5.1,9.3,13.5,8.7,14.33,187,2,1
35.61,33.34,61.1,8.4,5.23,1.5,114.6,5.1,9.3,13.5,8.7,14.33,187,2,1
35.52,33.34,61.1,8.4,5.23,1.5,114.6,5.1,9.3,13.5,8.7,14.33,187,2,1
36.272628,37.415863,65.9,6.8,5.85,1.1,140.5,4.8,8.2,11.6,6.9,13.17,145,2,1
36.248124,37.436141,65.9,6.8,5.85,1.1,140.5,4.8,8.2,11.6,6.9,13.17,145,2,1
36.237266,37.381855,65.9,6.8,5.85,1.1,140.5,4.8,8.2,11.6,6.9,13.17,145,2,1
36.162271,36.223988,70.5,5.9,3.06,1.4,151.2,6.3,9.2,12.2,8.1,15.46,164,2,1
36.197205,36.267529,70.5,5.9,3.06,1.4,151.2,6.3,9.2,12.2,8.1,15.46,164,2,1
36.212053,37.416357,65.9,6.8,5.85,1.1,140.5,4.8,8.2,11.6,6.9,13.17,145,2,1
36.454268,37.252809,65.9,6.8,5.85,1.1,140.5,4.8,8.2,11.6,6.9,13.17,145,2,1
38.302288,38.355792,69.2,6.8,25.47,0.7,55.6,-4.2,-0.8,2.6,4.2,11.42,199,2,1
37.018892,38.158225,72,8.2,28.84,0.6,60.5,-8,-3.9,0.2,3.4,11.59,186,2,1
41.411573,37.719327,62.9,8.3,18.45,1,53.3,-0.2,4,8.2,6,10.89,161,8,1
36.828914,38.344958,70.9,8.3,28.25,0.7,80,-7.2,-3,1.2,3.5,12.69,132,3,1
38.21794,37.809954,66.6,7.3,15.52,1,80.7,0.9,4.5,8.2,5.8,11.88,161,2,1
32.443449,30.598749,41,10.3,0,2.3,2.4,10.4,15.5,20.7,12.3,2.73,145,2,1
29.451783,29.021996,33.8,13.1,1.66,2.7,3,7.3,13.8,20.4,10.2,1.04,162,9,1
31.772195,30.649606,40.1,10.4,0,2.2,2.3,10.1,15.3,20.5,12.2,2.23,147,2,1
31.016285,30.871341,40.1,11.2,0.15,2.1,1.7,9.2,14.8,20.4,11.9,1.49,145,2,1
44.69884,33.1843,44,11.4,4.64,1.6,30.3,5.4,11.1,16.8,10,6.13,147,9,1
44.60615,33.26699,44,11.4,4.64,1.6,30.3,5.4,11.1,16.8,10,6.13,147,9,1
43.1022,36.1844,54.5,10.3,10.02,1,48.1,3,8.1,13.3,8.5,13.97,160,2,1
44.684,33.186,44,11.4,4.64,1.6,30.3,5.4,11.1,16.8,10,6.13,147,9,1
44.68202,33.18973,44,11.4,4.64,1.6,30.3,5.4,11.1,16.8,10,6.13,147,9,1
44.685,33.184,44,11.4,4.64,1.6,30.3,5.4,11.1,16.8,10,6.13,147,9,1
44.68512,33.184132,44,11.4,4.64,1.6,30.3,5.4,11.1,16.8,10,6.13,147,9,1
43.07355,36.21552,54.5,10.3,10.02,1,48.1,3,8.1,13.3,8.5,13.97,160,2,1
44.19396,33.19845,44,11.7,5.85,1.6,27.7,4.8,10.6,16.5,9.6,6.08,147,2,1
43.05252,36.2339,54.5,10.3,10.02,1,48.1,3,8.1,13.3,8.5,13.97,160,2,1
37.75177,38.498743,71.8,7.5,28.32,0.6,60.9,-7.3,-3.5,0.3,3.4,11.6,208,3,1
43.582477,37.348997,54.5,8.5,27.14,0.6,59.7,-5.9,-1.6,2.7,4.4,10.8,202,3,1
36.582446,38.122795,70.9,8.3,28.25,0.7,80,-7.2,-3,1.2,3.5,12.69,132,3,1
41.360116,37.637598,62.9,8.3,18.45,1,53.3,-0.2,4,8.2,6,10.89,161,8,1
35.38291,32.81113,57.2,8.1,0.15,1.7,114.1,9.2,13.2,17.3,11,15.38,167,2,1
34.87033,30.8365,39.9,10.9,2.17,2.2,16.5,6.9,12.3,17.8,9.3,7.44,181,9,1
34.984138,32.636246,57.2,8.1,0.15,1.7,114.1,9.2,13.2,17.3,11,15.38,167,2,1
34.88404,32.06991,49.2,10.2,0.19,2.1,87,9.1,14.2,19.3,10.9,13.46,151,2,1
37.202196,38.263726,72,8.2,28.84,0.6,60.5,-8,-3.9,0.2,3.4,11.59,186,2,1
30.31782,-2.73453,83.1,11,0,2.9,88.8,15.6,21.1,26.6,19.3,16.77,198,2,1
35.9675,31.8067,49.1,8.8,1.31,1.8,57.6,7.6,12,16.4,9.9,10.99,205,2,1
35.82124,32.501358,56.2,8.2,1.21,1.6,87.2,7.7,11.8,15.9,10,13.09,159,2,1
35.292092,32.327683,54,8.3,0.74,1.7,102.9,8.2,12.3,16.5,10.4,14.83,191,3,1
35.25528,32.454007,54,8.3,0.74,1.7,102.9,8.2,12.3,16.5,10.4,14.83,191,3,1
35.199257,32.471219,54,8.3,0.74,1.7,102.9,8.2,12.3,16.5,10.4,14.83,191,3,1
35.229827,32.457572,54,8.3,0.74,1.7,102.9,8.2,12.3,16.5,10.4,14.83,191,3,1
35.187173,32.316595,54,8.3,0.74,1.7,102.9,8.2,12.3,16.5,10.4,14.83,191,3,1
35.187219,32.317493,54,8.3,0.74,1.7,102.9,8.2,12.3,16.5,10.4,14.83,191,3,1
35.262173,32.455588,54,8.3,0.74,1.7,102.9,8.2,12.3,16.5,10.4,14.83,191,3,1
35.232993,32.41534,54,8.3,0.74,1.7,102.9,8.2,12.3,16.5,10.4,14.83,191,3,1
35.207342,32.403422,54,8.3,0.74,1.7,102.9,8.2,12.3,16.5,10.4,14.83,191,3,1
35.090868,32.18173,54,8.3,0.74,1.7,102.9,8.2,12.3,16.5,10.4,14.83,191,3,1
35.271729,32.348894,54,8.3,0.74,1.7,102.9,8.2,12.3,16.5,10.4,14.83,191,3,1
35.345412,32.430414,54,8.3,0.74,1.7,102.9,8.2,12.3,16.5,10.4,14.83,191,3,1
35.294267,32.327341,54,8.3,0.74,1.7,102.9,8.2,12.3,16.5,10.4,14.83,191,3,1
35.280382,32.485282,54,8.3,0.74,1.7,102.9,8.2,12.3,16.5,10.4,14.83,191,3,1
35.102286,31.439142,44.4,10.1,0.45,2.2,49.1,8.6,13.6,18.7,10.1,10.21,148,9,1
35.100292,31.531798,50.5,9.1,1.01,1.8,79.2,7.9,12.4,17,10.2,13.65,160,9,1
35.102286,31.444641,44.4,10.1,0.45,2.2,49.1,8.6,13.6,18.7,10.1,10.21,148,9,1
35.333813,32.209696,54,8.3,0.74,1.7,102.9,8.2,12.3,16.5,10.4,14.83,191,3,1
35.027501,31.506522,50.5,9.1,1.01,1.8,79.2,7.9,12.4,17,10.2,13.65,160,9,1
35.045495,32.152569,54,8.3,0.74,1.7,102.9,8.2,12.3,16.5,10.4,14.83,191,3,1
35.21406,32.199562,54,8.3,0.74,1.7,102.9,8.2,12.3,16.5,10.4,14.83,191,3,1
35.293291,32.19022,54,8.3,0.74,1.7,102.9,8.2,12.3,16.5,10.4,14.83,191,3,1
34.975135,32.18772,54,8.3,0.74,1.7,102.9,8.2,12.3,16.5,10.4,14.83,191,3,1
35.203557,32.442991,54,8.3,0.74,1.7,102.9,8.2,12.3,16.5,10.4,14.83,191,3,1
35.19022,32.19022,54,8.3,0.74,1.7,102.9,8.2,12.3,16.5,10.4,14.83,191,3,1
35.48075985,32.47164937,54,8.3,0.74,1.7,102.9,8.2,12.3,16.5,10.4,14.83,191,3,1
35.36179584,32.56833414,57.2,8.1,0.15,1.7,114.1,9.2,13.2,17.3,11,15.38,167,2,1
35.42186379,32.74947836,57.2,8.1,0.15,1.7,114.1,9.2,13.2,17.3,11,15.38,167,2,1
35.44823639,32.63852634,57.2,8.1,0.15,1.7,114.1,9.2,13.2,17.3,11,15.38,167,2,1
35.386941,32.83736,57.2,8.1,0.15,1.7,114.1,9.2,13.2,17.3,11,15.38,167,2,1
35.41417565,32.65571941,57.2,8.1,0.15,1.7,114.1,9.2,13.2,17.3,11,15.38,167,2,1
35.41508734,32.58989629,57.2,8.1,0.15,1.7,114.1,9.2,13.2,17.3,11,15.38,167,2,1
35.42161045,32.64488683,57.2,8.1,0.15,1.7,114.1,9.2,13.2,17.3,11,15.38,167,2,1
35.29287529,32.8659474,57.2,8.1,0.15,1.7,114.1,9.2,13.2,17.3,11,15.38,167,2,1
35.17003684,32.80466249,57.2,8.1,0.15,1.7,114.1,9.2,13.2,17.3,11,15.38,167,2,1
35.3025,32.469,54,8.3,0.74,1.7,102.9,8.2,12.3,16.5,10.4,14.83,191,3,1
35.2754,32.227,54,8.3,0.74,1.7,102.9,8.2,12.3,16.5,10.4,14.83,191,3,1
35.21919062,33.06343229,61.1,7.6,0.11,1.7,159.4,9.3,13.1,16.9,10.7,16.59,161,2,1
35.43559246,32.6944531,57.2,8.1,0.15,1.7,114.1,9.2,13.2,17.3,11,15.38,167,2,1
35.498106,32.923398,57.2,8.1,0.15,1.7,114.1,9.2,13.2,17.3,11,15.38,167,2,1
35.60209264,33.20705317,61.1,8.4,5.23,1.5,114.6,5.1,9.3,13.5,8.7,14.33,187,2,1
35.40468551,32.70171946,57.2,8.1,0.15,1.7,114.1,9.2,13.2,17.3,11,15.38,167,2,1
35.60296555,32.68591828,56.2,8.2,1.21,1.6,87.2,7.7,11.8,15.9,10,13.09,159,2,1
35.43734898,32.54928174,57.2,8.1,0.15,1.7,114.1,9.2,13.2,17.3,11,15.38,167,2,1
35.14323256,32.96965052,57.2,8.1,0.15,1.7,114.1,9.2,13.2,17.3,11,15.38,167,2,1
35.11346154,32.7956177,57.2,8.1,0.15,1.7,114.1,9.2,13.2,17.3,11,15.38,167,2,1
35.46579109,32.81160777,57.2,8.1,0.15,1.7,114.1,9.2,13.2,17.3,11,15.38,167,2,1
35.09411335,32.90289671,57.2,8.1,0.15,1.7,114.1,9.2,13.2,17.3,11,15.38,167,2,1
35.16141247,32.97687106,57.2,8.1,0.15,1.7,114.1,9.2,13.2,17.3,11,15.38,167,2,1
35.52357267,32.84663754,56.2,8.2,1.21,1.6,87.2,7.7,11.8,15.9,10,13.09,159,2,1
35.59903216,33.00240197,61.1,8.4,5.23,1.5,114.6,5.1,9.3,13.5,8.7,14.33,187,2,1
35.60835779,33.17006832,61.1,8.4,5.23,1.5,114.6,5.1,9.3,13.5,8.7,14.33,187,2,1
35.63866766,33.22947025,61.1,8.4,5.23,1.5,114.6,5.1,9.3,13.5,8.7,14.33,187,2,1
35.5523389,33.08017495,61.1,8.4,5.23,1.5,114.6,5.1,9.3,13.5,8.7,14.33,187,2,1
35.51584562,33.08017495,61.1,8.4,5.23,1.5,114.6,5.1,9.3,13.5,8.7,14.33,187,2,1
35.64671492,33.12305575,61.1,8.4,5.23,1.5,114.6,5.1,9.3,13.5,8.7,14.33,187,2,1
35.5688536,33.20895808,61.1,8.4,5.23,1.5,114.6,5.1,9.3,13.5,8.7,14.33,187,2,1
35.51055654,33.09912155,61.1,8.4,5.23,1.5,114.6,5.1,9.3,13.5,8.7,14.33,187,2,1
35.65871433,33.16448535,61.1,8.4,5.23,1.5,114.6,5.1,9.3,13.5,8.7,14.33,187,2,1
35.64680534,33.14108711,61.1,8.4,5.23,1.5,114.6,5.1,9.3,13.5,8.7,14.33,187,2,1
35.65780483,33.19604383,61.1,8.4,5.23,1.5,114.6,5.1,9.3,13.5,8.7,14.33,187,2,1
35.494445,32.966667,57.2,8.1,0.15,1.7,114.1,9.2,13.2,17.3,11,15.38,167,2,1
-12.06667,11.03333,41.9,14.8,0,4.3,0.2,16.3,23.7,31.1,11.4,0,185,3,1
-12.06667,11.13333,41.9,14.8,0,4.3,0.2,16.3,23.7,31.1,11.4,0,185,3,1
-12.06667,10.98333,42.7,14.5,0,4.4,0.4,16.9,24.1,31.4,13,0,193,4,1
-12,11.15,42.9,15.3,0,4.4,0.1,17,24.6,32.3,11.7,0,170,3,1
-11.88333,11.216667,42.9,15.3,0,4.4,0.1,17,24.6,32.3,11.7,0,170,3,1
80.660804,9.062135,44.1,5,0,4.1,127.7,23.9,26.4,28.9,26.4,7.45,151,4,1
80.04611,8.888178,49.7,6.4,0,4,106.8,23.2,26.4,29.6,26.2,6.9,151,4,1
80.08333,9.75,47.4,9.1,0,4.3,59.4,21.6,26.1,30.7,25.2,3.56,147,4,1
80.029027,9.67349,47.4,9.1,0,4.3,59.4,21.6,26.1,30.7,25.2,3.56,147,4,1
80.164307,9.657901,47.4,9.1,0,4.3,59.4,21.6,26.1,30.7,25.2,3.56,147,4,1
80.066849,9.71517,47.4,9.1,0,4.3,59.4,21.6,26.1,30.7,25.2,3.56,147,4,1
80.6608048,9.0621351,44.1,5,0,4.1,127.7,23.9,26.4,28.9,26.4,7.45,151,4,1
80.04611036,8.888178931,49.7,6.4,0,4,106.8,23.2,26.4,29.6,26.2,6.9,151,4,1
80.0290277,9.6734908,47.4,9.1,0,4.3,59.4,21.6,26.1,30.7,25.2,3.56,147,4,1
80.1643076,9.6579014,47.4,9.1,0,4.3,59.4,21.6,26.1,30.7,25.2,3.56,147,4,1
80.0668497,9.7151701,47.4,9.1,0,4.3,59.4,21.6,26.1,30.7,25.2,3.56,147,4,1
106.961,17.026,48.6,6.9,0,2.6,44.5,14.5,17.9,21.4,15.3,1.64,145,2,1
105.974,37.31539,43.8,9.9,31,0.7,1.3,-13.8,-8.8,-3.9,0.7,1.22,184,2,1
108.99938,23.90763,88.1,3.9,3.39,1.4,17.4,6.1,8,10,7.2,9.12,169,3,1
118.03782,36.30166,35,9.6,30.12,1.5,0,-10.2,-5.4,-0.6,1,0.25,151,2,1
118.3511,45.36139,28.8,9.4,31,0.3,0.8,-26.8,-22.1,-17.4,0.6,0.71,180,3,1
102.26932,30.18072,50.5,9.1,26.96,1.4,6.5,-5.7,-1.1,3.5,1.9,4.71,177,4,1
107.86476,30.19524,78.7,4.5,12.86,1,11.7,1.9,4.1,6.4,5.8,11.53,157,4,1
105.8734,22.5473,86.3,3.6,0.74,1.5,16.3,8.2,10,11.8,8.7,8.57,173,4,1
106.4839,21.6104,86.2,3.3,0,1.6,13.1,10.3,11.9,13.6,10.1,8.51,152,4,1
106.5539,21.927,86.3,3.8,0.06,1.6,14,9.5,11.4,13.3,9.9,7.56,168,4,1
106.7446,22.8109,88.6,3.8,0.52,1.5,16.7,8.5,10.4,12.3,8.9,8.3,175,4,1
106.0684,22.8093,87.8,3.7,0.52,1.5,15.3,8.5,10.3,12.2,8.9,8.08,169,4,1
95.29969788,22.66354942,22.5,12,0,2.5,8.7,13.8,19.8,25.8,15.2,0.21,151,2,1
114.2667,22.3833,66.4,6.9,0.83,2.1,10.4,8.1,11.5,15,8.7,3.87,141,1,1
42.1,11.516665,42.5,10.5,0,3.5,8,18.3,23.5,28.8,22.6,1,158,9,1
106.7957,22.7837,88.6,3.8,0.52,1.5,16.7,8.5,10.4,12.3,8.9,8.3,175,4,1
106.3035,21.6325,86.2,3.3,0,1.6,13.1,10.3,11.9,13.6,10.1,8.51,152,4,1
106.2723,21.6498,86.2,3.3,0,1.6,13.1,10.3,11.9,13.6,10.1,8.51,152,4,1
106.2182,21.6402,86.2,3.3,0,1.6,13.1,10.3,11.9,13.6,10.1,8.51,152,4,1
85.163432,23.656085,27.3,13.6,0.08,2.3,0.6,9.4,16.2,23,13,0.98,158,2,1
86.39301,21.909906,36.9,13.6,0,2.4,1.3,10.8,17.6,24.4,15.5,0.14,192,4,1
89.062259,26.995056,36.5,12.3,0.04,1.8,7.9,9.6,15.7,21.9,13.3,0.6,148,2,1
88.961435,26.995233,33.9,11.7,0,1.8,6.4,10.2,16,21.9,13.4,0.65,151,2,1
88.908976,27.058592,34.7,9.8,17.39,1.3,9.1,0.2,5.1,10,7,0.49,150,4,1
89.116417,26.920233,36.5,12.3,0.04,1.8,7.9,9.6,15.7,21.9,13.3,0.6,148,2,1
89.007111,26.959953,36.5,12.3,0.04,1.8,7.9,9.6,15.7,21.9,13.3,0.6,148,2,1
88.981101,26.96612,33.9,11.7,0,1.8,6.4,10.2,16,21.9,13.4,0.65,151,2,1
88.893197,26.986596,33.9,11.7,0,1.8,6.4,10.2,16,21.9,13.4,0.65,151,2,1
134.906564,48.527472,49.8,6.9,31,0.1,9.3,-23.4,-19.9,-16.5,1.2,5.95,150,3,1
81.967362,56.926858,53.6,7.5,31,0,7.3,-26.9,-23.1,-19.4,1.1,8.68,155,4,1
118.334506,24.45672,72.4,5.8,1.91,1.8,10,7.1,10,12.9,8.5,5.03,145,2,1
118.427993,24.437691,72.4,5.8,1.91,1.8,10,7.1,10,12.9,8.5,5.03,145,2,1
118.316667,24.416667,72.4,5.8,1.91,1.8,10,7.1,10,12.9,8.5,5.03,145,2,1
118.427993,24.481109,72.4,5.8,1.91,1.8,10,7.1,10,12.9,8.5,5.03,145,2,1
135.175988,48.476357,50.6,6.4,31,0.1,12,-21.5,-18.3,-15.1,1.2,5.45,143,4,1
118.32918,24.43935,72.4,5.8,1.91,1.8,10,7.1,10,12.9,8.5,5.03,145,2,1
99.10592,24.86941,32,13.6,12.33,1.9,41.9,2.1,8.9,15.7,7.9,20.83,218,4,1
85.522331,27.576557,31.5,14.7,21.02,1.5,4.2,-1.2,6.2,13.6,6.3,1.04,176,2,1
85.339865,27.759591,33.7,14.5,10.02,1.6,3.8,3,10.2,17.5,8.8,0.6,210,2,1
84.2477,27.9727,27.5,13,0.66,1.8,4.3,8.3,14.8,21.3,11.4,0.69,113,4,1
83.9617,28.2563,33.4,13.8,20.01,1.5,8.1,-0.8,6.1,13,5.4,1.51,178,2,1
77.625997,12.808758,24.4,12.4,0,4.2,0.7,16.1,22.3,28.5,16.8,0,181,2,1
79.0193,18.112437,13.6,13.3,0,3.7,0.3,16.3,22.9,29.6,15.4,0.03,164,2,1
80.558806,51.35587,60.6,9.7,31,0.1,7.3,-26,-21.1,-16.3,1.1,6.09,159,3,1
118.439139,24.449528,72.4,5.8,1.91,1.8,10,7.1,10,12.9,8.5,5.03,145,2,1
118.423056,24.480028,72.4,5.8,1.91,1.8,10,7.1,10,12.9,8.5,5.03,145,2,1
118.321972,24.466472,72.4,5.8,1.91,1.8,10,7.1,10,12.9,8.5,5.03,145,2,1
118.31136,24.48024,72.4,5.8,1.91,1.8,10,7.1,10,12.9,8.5,5.03,145,2,1
118.351056,24.45325,72.4,5.8,1.91,1.8,10,7.1,10,12.9,8.5,5.03,145,2,1
118.423941,24.456177,72.4,5.8,1.91,1.8,10,7.1,10,12.9,8.5,5.03,145,2,1
118.41407,24.520462,72.4,5.8,1.91,1.8,10,7.1,10,12.9,8.5,5.03,145,2,1
118.412714,24.444261,72.4,5.8,1.91,1.8,10,7.1,10,12.9,8.5,5.03,145,2,1
118.32019,24.43036,72.4,5.8,1.91,1.8,10,7.1,10,12.9,8.5,5.03,145,2,1
118.32197,24.46647,72.4,5.8,1.91,1.8,10,7.1,10,12.9,8.5,5.03,145,2,1
118.31628,24.46574,72.4,5.8,1.91,1.8,10,7.1,10,12.9,8.5,5.03,145,2,1
118.313944,24.469444,72.4,5.8,1.91,1.8,10,7.1,10,12.9,8.5,5.03,145,2,1
118.302806,24.424528,72.4,5.8,1.91,1.8,10,7.1,10,12.9,8.5,5.03,145,2,1
118.409361,24.49225,72.4,5.8,1.91,1.8,10,7.1,10,12.9,8.5,5.03,145,2,1
118.314472,24.487083,72.4,5.8,1.91,1.8,10,7.1,10,12.9,8.5,5.03,145,2,1
118.315944,24.467306,72.4,5.8,1.91,1.8,10,7.1,10,12.9,8.5,5.03,145,2,1
118.32716,24.462198,72.4,5.8,1.91,1.8,10,7.1,10,12.9,8.5,5.03,145,2,1
118.33531,24.45463,72.4,5.8,1.91,1.8,10,7.1,10,12.9,8.5,5.03,145,2,1
85.072644,27.380405,28.6,13.4,1.21,1.7,3.3,7.7,14.4,21.1,11.5,0.72,150,4,1
85.338733,26.790316,22.7,13.2,0.01,1.9,2.5,9.8,16.4,23,12.6,0.54,150,2,1
84.610948,27.623619,30.9,13.4,1.31,1.7,3.9,7.6,14.3,21,11.1,0.67,169,2,1
106.157778,24.691944,84.6,4.5,6.71,1.4,18.1,4.4,6.6,8.9,6.6,10.18,192,4,1
106.188889,24.68,84.6,4.5,6.71,1.4,18.1,4.4,6.6,8.9,6.6,10.18,192,4,1
106.2275,24.645556,84.6,4.5,6.71,1.4,18.1,4.4,6.6,8.9,6.6,10.18,192,4,1
106.223867,24.83644,84.6,4.5,6.71,1.4,18.1,4.4,6.6,8.9,6.6,10.18,192,4,1
106.249228,24.849028,84.6,4.5,6.71,1.4,18.1,4.4,6.6,8.9,6.6,10.18,192,4,1
87.383367,26.642475,34,12.6,1.11,1.7,5.7,7.8,14.1,20.4,12.2,0.48,156,4,1
119.5161111,29.059166,68.6,5.5,21.02,1.3,38.2,-1.2,1.6,4.4,4,12.02,133,4,1
118.300009,29.659769,64.7,6.2,23.91,1.4,39.2,-2.8,0.3,3.4,3.4,11.12,154,2,1
116.8633,24.1046,67.3,7.3,5.64,1.9,10.3,4.9,8.5,12.2,7,5.23,141,4,1
116.250072,27.09386,79.5,4.2,16.06,1.3,39,0.7,2.8,4.9,4.6,10.54,186,4,1
118.44759,24.44166,72.4,5.8,1.91,1.8,10,7.1,10,12.9,8.5,5.03,145,2,1
115.901111,25.936111,78.6,5.6,10.78,1.5,25.6,2.7,5.5,8.3,5.2,8.17,168,4,1
116.331818,25.536671,78.4,6.5,11.04,1.5,23.9,2.6,5.8,9.1,5.6,7.88,175,4,1
36.1637,35.6116,71.6,6,4.45,1.4,140.1,5.5,8.5,11.5,7.8,18.11,197,2,1
102.25,23.25,58.6,8.9,2.6,1.9,32.7,6.6,11,15.5,9.2,14.12,215,4,0
102.75,23.25,65.5,7.8,1.66,1.8,28.1,7.3,11.2,15.1,9.2,12.31,181,3,0
103.25,23.25,66.5,6.6,2.31,1.7,30.1,6.8,10.1,13.4,8.6,6.13,151,4,0
103.75,23.25,74,5.4,6.71,1.6,31.8,4.4,7.1,9.8,6.6,9.06,163,3,0
104.25,23.25,76.6,4.7,4.45,1.6,31.8,5.5,7.8,10.2,7,9.03,174,4,0
104.75,23.25,79.4,4.7,3.91,1.5,18.6,5.8,8.1,10.5,7.3,9.05,195,3,0
105.25,23.25,81.8,4.4,3.56,1.5,18.3,6,8.2,10.4,7.5,8.62,174,2,0
105.75,23.25,86.3,3.4,1.91,1.4,17.9,7.1,8.8,10.5,8.1,8.27,156,4,0
106.25,23.25,85.9,3.4,2.75,1.5,15.1,6.5,8.2,9.9,7.4,8.11,175,4,0
106.75,23.25,88.5,3.8,1.66,1.5,15.6,7.3,9.2,11.1,7.8,8.15,169,4,0
107.25,23.25,90.3,4,1.31,1.5,17.7,7.6,9.6,11.6,7.9,7.9,168,4,0
107.75,23.25,90.6,3.8,0.83,1.5,16.3,8.1,10,11.9,8.3,9.06,165,4,0
108.25,23.25,83.7,3.9,1.91,1.4,15.8,7.1,9,11,7.9,9.49,155,4,0
108.75,23.25,85,4,2.6,1.4,13.8,6.6,8.6,10.6,7.7,8.62,155,2,0
109.25,23.25,81.5,3.8,3.06,1.5,15.3,6.3,8.2,10.1,7.3,8.5,150,4,0
102.25,22.75,56.1,7.8,0.74,1.8,33.2,8.2,12.1,16,10.4,16.14,195,4,0
102.75,22.75,62.7,6.8,1.11,1.8,32.9,7.8,11.2,14.6,9.5,13.37,180,4,0
103.25,22.75,72.2,4.9,0,1.8,39.6,10.1,12.5,15,10.2,10.19,178,4,0
103.75,22.75,78.3,3.9,0,1.9,38.5,11.8,13.7,15.7,10.2,9.98,160,4,0
104.25,22.75,79,3.7,0,1.8,31.1,10.6,12.4,14.3,9.3,8.88,154,2,0
104.75,22.75,81.4,3.8,0,1.7,22.2,10.1,12,13.9,9.4,8.86,137,4,0
105.25,22.75,84.8,3.7,0.01,1.6,18,9.8,11.6,13.5,9.5,8.37,162,4,0
105.75,22.75,86.3,3.6,0.74,1.5,16.3,8.2,10,11.8,8.7,8.57,173,4,0
106.25,22.75,87.8,3.7,0.52,1.5,15.3,8.5,10.3,12.2,8.9,8.08,169,4,0
106.75,22.75,88.6,3.8,0.52,1.5,16.7,8.5,10.4,12.3,8.9,8.3,175,4,0
107.25,22.75,89.1,3.9,0.39,1.5,15.5,8.7,10.6,12.6,8.9,8.06,170,4,0
107.75,22.75,87.1,3.9,0.45,1.5,16.4,8.6,10.5,12.5,8.9,8.77,147,4,0
108.25,22.75,88.9,4.4,1.66,1.4,15.7,7.3,9.5,11.7,8.5,2.6,159,4,0
108.75,22.75,86.2,4.5,1.78,1.4,14,7.2,9.4,11.7,8.5,7.62,148,4,0
109.25,22.75,82.2,4.3,2.04,1.5,13.7,7,9.1,11.3,8.3,7.04,152,4,0
102.25,22.25,58.7,7.6,0,1.9,40.4,10.5,14.3,18.1,12.1,17.87,147,3,0
102.75,22.25,64.1,6.5,0,2,40.7,11.7,14.9,18.2,12.1,14.75,150,5,0
103.25,22.25,71.1,5,0,1.9,35.1,12.1,14.6,17.1,11.3,12.4,183,4,0
103.75,22.25,78.8,4.1,0,2,31.8,12.5,14.5,16.6,10.2,11.15,149,5,0
104.25,22.25,77.9,3.7,0,2,29.1,14.4,16.2,18.1,11.8,9.27,161,4,0
104.75,22.25,81.4,3.6,0,1.8,20.9,13.2,15,16.8,11.6,8.34,142,2,0
105.25,22.25,84.8,3.2,0,1.7,16.1,11.9,13.5,15.1,10.8,8.66,162,4,0
105.75,22.25,86.3,3.3,0,1.6,14.4,10.4,12,13.7,9.9,8.61,160,4,0
106.25,22.25,87.8,3.6,0.28,1.5,14.5,8.9,10.7,12.5,9.1,8.62,163,4,0
106.75,22.25,87.2,4.3,0.23,1.5,14.9,9,11.1,13.3,9.6,8.17,140,4,0
107.25,22.25,86.4,4,0.15,1.5,14.6,9.2,11.2,13.2,9.7,7.82,157,4,0
107.75,22.25,85.2,4.2,0.39,1.5,15,8.7,10.8,12.9,9.5,8.41,177,4,0
108.25,22.25,86.7,4.2,1.31,1.4,13.1,7.6,9.7,11.8,9.1,8.16,151,4,0
108.75,22.25,84.6,4.4,1.54,1.4,12.1,7.4,9.6,11.8,9,6.53,153,4,0
109.25,22.25,82.3,4.4,1.78,1.4,12.4,7.2,9.4,11.6,8.8,5.68,149,4,0
102.75,21.75,62.3,6.8,0,2,41,11.5,14.9,18.3,12.3,14.82,154,5,0
103.25,21.75,73.5,5.6,0,2,35.8,12.4,15.2,18,11.9,13.14,138,5,0
103.75,21.75,77.4,4.6,0,2,31.9,13.2,15.5,17.8,11.1,11.63,162,5,0
104.25,21.75,76.3,3.9,0,2,23.5,11.2,13.1,15.1,9.2,12.64,195,4,0
104.75,21.75,79.7,3.4,0,1.9,18.8,13.7,15.4,17.1,11.7,9.39,143,4,0
105.25,21.75,83.4,3,0,1.8,15.7,13.6,15.1,16.6,11.9,8.89,147,2,0
105.75,21.75,86.1,3,0,1.7,14.2,12.1,13.6,15.1,11.1,8.78,148,2,0
106.25,21.75,86.2,3.3,0,1.6,13.1,10.3,11.9,13.6,10.1,8.51,152,4,0
106.75,21.75,86.3,3.8,0.06,1.6,14,9.5,11.4,13.3,9.9,7.56,168,4,0
107.25,21.75,82.5,4.2,0.23,1.6,13.2,9,11.1,13.2,9.8,6.98,183,4,0
107.75,21.75,85.6,4.1,0.45,1.5,13.3,8.6,10.6,12.7,9.5,7.53,103,4,0
108.25,21.75,85.6,4.1,0.59,1.4,11.3,8.4,10.4,12.5,9.8,7.18,141,4,0
108.75,21.75,84.9,4.9,0.52,1.4,12.5,8.5,10.9,13.4,10.3,6.63,144,4,0
109.25,21.75,83.6,5,0.59,1.5,15.8,8.4,10.9,13.4,10.1,4.96,144,2,0
103.25,21.25,66.9,6.5,0,2.1,32.2,12.7,15.9,19.2,12.7,12.45,133,4,0
103.75,21.25,72.6,5.6,0,2,28.1,12.8,15.6,18.4,12.3,10.91,164,2,0
104.25,21.25,73.7,4.2,0,2,25,12.7,14.8,16.9,10.9,12.64,156,4,0
104.75,21.25,77.9,3.7,0,2,20.6,13.1,14.9,16.8,11.2,11.21,182,4,0
105.25,21.25,82,2.8,0,1.9,13.5,14,15.4,16.8,12.2,9.4,152,2,0
105.75,21.25,82.7,2.5,0,1.8,12.4,13.5,14.7,16,11.9,9.17,147,2,0
106.25,21.25,85.9,2.8,0,1.7,12.1,12.1,13.5,14.9,11.4,7.06,154,2,0
106.75,21.25,81.6,3.4,0,1.6,11.9,10.9,12.6,14.3,10.9,6.46,149,4,0
107.25,21.25,81.6,3.8,0,1.6,13.3,10.2,12.1,14,10.5,7.51,150,4,0
104.75,20.75,72,4.2,0,2,24.4,12.2,14.3,16.4,11.1,12.32,122,5,0
105.25,20.75,73,3.5,0,2,19.8,12.7,14.4,16.2,11.3,10.27,159,4,0
105.75,20.75,78.8,2.6,0,1.8,10.3,13.2,14.5,15.8,11.9,9.14,145,2,0
106.25,20.75,82.7,2.8,0,1.7,10.9,12.6,14,15.4,11.8,6.15,145,2,0
106.75,20.75,79,3.3,0,1.8,13.2,12.3,13.9,15.6,11.9,6.09,147,2,0
104.75,20.25,65,4.7,0,2.2,32.3,13.7,16,18.4,12.5,13.18,176,5,0
105.25,20.25,67.8,4.5,0,2.1,27.7,13.4,15.6,17.9,12.2,9.91,169,4,0
105.75,20.25,71.7,3.8,0,2,14.8,13.3,15.2,17.1,12.5,8.29,144,2,0
106.25,20.25,77,3.9,0,1.9,13.9,13,14.9,16.9,12.5,5.4,147,2,0
104.75,19.75,61.4,6.8,0,2.2,29.6,12.2,15.6,19,12.6,11.12,198,4,0
105.25,19.75,62,6.1,0,2.2,31.4,13.4,16.4,19.5,13.1,8.44,156,4,0
105.75,19.75,65.8,5.1,0,2.2,21.5,14.2,16.7,19.3,13.4,7.27,145,2,0
104.25,19.25,51.8,8.4,0,2.2,21,10.6,14.8,19,12.9,10.16,165,4,0
104.75,19.25,55.8,7.9,0,2.3,30.4,12.6,16.5,20.5,13.3,8.74,168,2,0
105.25,19.25,56.4,7.4,0,2.3,33.1,13.3,17,20.7,13.8,6.96,167,2,0
105.75,19.25,59.8,6.5,0,2.3,27.9,13.9,17.1,20.4,13.9,5.26,148,3,0
108.75,19.25,72.7,5.4,0,2,32.2,12.8,15.5,18.2,13.7,5.31,147,2,0
109.25,19.25,73.5,5.9,0,1.9,23.7,11.2,14.1,17.1,12.7,7.01,170,4,0
105.25,18.75,51.6,8.6,0,2.5,32.6,12.7,17,21.3,13.7,5.43,145,4,0
108.75,18.75,71.5,5.5,0,2.1,46.5,13.1,15.8,18.6,13.8,5.71,165,4,0
109.25,18.75,72,5.7,0,2,39,12.1,14.9,17.8,13.1,7.67,163,4,0
105.75,18.25,48.3,9,0,2.6,31.7,13,17.5,22,14,3.4,156,4,0
105.75,17.75,43.2,10,0,2.6,30.2,11.6,16.6,21.6,14.2,2.6,123,4,0
106.25,17.75,48.1,8.5,0,2.6,31.5,12.9,17.1,21.4,14,2.16,161,4,0
106.25,17.25,45.8,9,0,2.6,24.1,12.3,16.8,21.3,14.2,1.47,180,4,0
106.75,17.25,48.6,6.9,0,2.6,44.5,14.5,17.9,21.4,15.3,1.64,145,2,0
106.75,16.75,47.2,7.5,0,2.5,34.3,13.2,16.9,20.7,15,1.56,126,4,0
107.25,16.75,50.4,4.7,0,2.4,83.2,15.7,18,20.4,16.7,2.08,145,2,0
107.25,16.25,48.8,6.9,0,2.4,52.8,13.2,16.6,20.1,15.2,2.41,161,2,0
107.75,16.25,53.1,5.4,0,2.4,83.1,15.2,17.9,20.6,16.4,3.23,178,4,0
107.25,15.75,49.4,8.4,0,2.4,35.2,11.5,15.7,19.9,14.8,2.63,160,4,0
107.75,15.75,51.1,6.7,0,2.4,65.1,13.8,17.1,20.5,16.1,3.72,183,4,0
108.25,15.75,53.1,5,0,2.6,78.2,17.1,19.6,22.1,17.8,3.55,130,5,0
107.75,15.25,49.1,7.6,0,2.4,44.3,12.7,16.5,20.3,16,3.5,190,4,0
108.25,15.25,51.9,6,0,2.4,66.7,15.1,18.1,21.1,17.6,4.34,180,4,0
108.75,15.25,54.2,4.6,0,2.6,76.6,18,20.3,22.6,19,4.77,151,2,0
107.75,14.75,48.1,7.8,0,2.5,33.2,13.8,17.7,21.6,17.1,3.02,170,2,0
108.25,14.75,51.1,6.8,0,2.4,49,13.8,17.2,20.6,16.9,4.44,181,5,0
108.75,14.75,52.8,5.2,0,2.6,62.8,16.7,19.3,21.9,18.4,4.71,159,4,0
107.75,14.25,48.3,8,0,2.7,29.8,15.1,19.1,23.1,18.4,2.84,164,4,0
108.25,14.25,50.2,7,0,2.5,40.8,14.7,18.2,21.7,17.9,4.34,182,4,0
108.75,14.25,53,5.4,0,2.6,54.6,17,19.7,22.4,19,4.66,143,4,0
107.75,13.75,47.2,7.8,0,2.9,29.1,17.2,21.1,25,20.3,2.99,159,2,0
108.25,13.75,49.2,6.6,0,2.7,40.4,17.1,20.4,23.7,19.9,3.95,160,2,0
108.75,13.75,51.2,5.6,0,2.6,46,17.3,20.1,22.9,20,4.7,160,4,0
107.75,13.25,48.2,7.8,0,3.1,28.6,18.8,22.7,26.6,21.5,2.86,158,2,0
108.25,13.25,51.1,7,0,2.8,35.5,17.2,20.7,24.2,20.4,4.64,178,4,0
108.75,13.25,51.8,5.7,0,2.8,42,18.3,21.1,24,20.9,4.8,140,2,0
109.25,13.25,53.7,4.7,0,2.9,48,19.9,22.2,24.6,21.2,4.8,147,2,0
107.75,12.75,50.3,8,0,3.1,25.3,18.3,22.3,26.3,21.2,3.99,168,4,0
108.25,12.75,51.6,7.1,0,2.8,33,17.6,21.1,24.7,20.8,5,169,5,0
108.75,12.75,53.2,6.3,0,2.7,38,17.8,20.9,24.1,20.8,5.6,180,2,0
109.25,12.75,54.8,5.2,0,2.9,46,19.5,22.1,24.7,21.3,5.6,100,2,0
107.25,12.25,51.1,9.1,0,3.2,15.7,18,22.5,27.1,21.3,4.02,180,4,0
107.75,12.25,52.4,8.3,0,2.9,24,17.2,21.3,25.5,20.7,5.1,188,4,0
108.25,12.25,53.7,7.7,0,2.7,29,16.3,20.1,24,20,5.9,170,5,0
108.75,12.25,55,7,0,2.6,34,16.1,19.6,23.1,19.7,6.7,161,4,0
106.75,11.75,53,9.5,0,3.5,12,20.3,25,29.8,23.1,3.59,145,2,0
107.25,11.75,54.5,8.6,0,3.3,19,19.7,24,28.3,22.4,4.2,164,4,0
107.75,11.75,55.7,8.1,0,3,25,17.7,21.7,25.8,20.9,5.9,180,4,0
108.25,11.75,57,7.5,0,2.7,32,16.5,20.2,24,20.1,6.7,165,2,0
108.75,11.75,56.8,6.5,0,2.8,41,18.1,21.3,24.6,21.3,6.8,116,2,0
106.25,11.25,53.8,9.7,0,3.7,11,21.1,25.9,30.8,24,3.8,145,2,0
106.75,11.25,56.8,9.4,0,3.5,14,20.7,25.4,30.1,23.4,4.4,148,2,0
107.25,11.25,60.4,8,0,3.3,23,20.8,24.8,28.8,23,5.2,147,11,0
107.75,11.25,59.4,7.3,0,3,31,19.2,22.8,26.5,21.8,6.3,156,5,0
108.25,11.25,59.1,6.3,0,3.1,42,20.4,23.5,26.7,22.7,6.8,140,2,0
108.75,11.25,59.8,5.7,0,3,51,20.8,23.6,26.5,23.1,6.9,140,2,0
105.25,10.75,50,8.7,0,3.8,26,22.2,26.5,30.9,25.3,3.94,145,2,0
105.75,10.75,54.3,8.9,0,3.7,23,22,26.4,30.9,24.8,4.4,147,2,0
106.25,10.75,58.9,9.1,0,3.6,21,21.7,26.2,30.8,24.2,5,145,2,0
106.75,10.75,62,8.8,0,3.5,21,21.5,25.9,30.3,23.7,5.6,145,2,0
107.25,10.75,62,6.7,0,3.3,31,21.7,25,28.4,23.4,6.2,160,5,0
107.75,10.75,62.7,5.9,0,3.2,42,21.9,24.8,27.8,23.7,6.9,143,2,0
104.75,10.25,52.7,8,0,3.7,44.1,22.6,26.6,30.6,25.7,5.25,145,2,0
105.25,10.25,54.6,8,0,3.7,40.9,22.6,26.6,30.6,25.4,5.59,147,2,0
105.75,10.25,58,7.9,0,3.6,39,22.5,26.4,30.4,25.1,6,145,2,0
106.25,10.25,61.3,7.8,0,3.6,36,22.6,26.5,30.4,24.6,6.3,147,2,0
105.25,9.75,55.3,7.5,0,3.7,57,22.9,26.6,30.4,25.6,7.2,145,2,0
105.75,9.75,61.1,7.4,0,3.6,56,23,26.7,30.4,25.3,7.4,145,2,0
106.25,9.75,64.2,6.8,0,3.5,56,23.1,26.5,29.9,25,7.9,147,2,0
105.25,9.25,58.4,7.1,0,3.7,74,23.2,26.7,30.3,25.9,8.6,147,2,0
105.75,9.25,63.8,6.8,0,3.5,74,23.2,26.6,30,25.8,9,144,2,0
25.75,41.75,76,7.3,22.97,0.6,39,-2,1.7,5.4,5.6,8.09,170,2,0
26.25,41.75,78.1,7,20.27,0.6,37.6,-0.9,2.6,6.1,6.1,8.99,150,2,0
26.75,41.75,78,7.2,18.71,0.7,44.1,-0.3,3.3,6.9,6.4,9.74,153,2,0
27.25,41.75,72.9,6.7,18.19,0.7,53.6,-0.1,3.3,6.7,6.3,10.47,154,2,0
27.75,41.75,74.7,6.8,18.98,0.7,60,-0.4,3,6.4,6.2,11.14,148,4,0
32.75,41.75,75.1,6.8,18.19,0.7,83.1,-0.1,3.3,6.7,6.2,14.53,206,4,0
33.25,41.75,75.2,6.1,24.49,0.7,70.6,-3.3,-0.2,2.9,4.6,14.86,198,4,0
33.75,41.75,76.4,6.1,24.26,0.7,65.9,-3.1,0,3.1,4.7,15.35,188,4,0
34.25,41.75,76.4,5.7,23.56,0.7,71.2,-2.5,0.4,3.3,4.7,15.22,150,4,0
34.75,41.75,75,5.6,22.01,0.9,69.2,-1.6,1.2,4,4.6,15.41,190,2,0
35.25,41.75,76.2,5.2,9.77,1.1,78.8,3.1,5.7,8.3,6.2,15.84,137,11,0
41.75,41.75,68.3,6.9,9.03,1.2,168.2,3.4,6.8,10.3,6,11.2,153,4,0
42.25,41.75,65.2,9.3,29.37,0.6,89.4,-8.8,-4.1,0.6,3.3,8.7,112,4,0
42.75,41.75,66.4,9.8,30.78,0.5,62.8,-12.1,-7.2,-2.3,2.7,8.37,149,2,0
43.25,41.75,68.9,9.6,30.84,0.4,37.8,-12.4,-7.6,-2.8,2.8,8.85,197,4,0
43.75,41.75,72.3,9.9,30.93,0.4,36.4,-12.9,-7.9,-3,2.6,9.31,210,4,0
44.25,41.75,74.7,8.9,29.49,0.4,38.4,-9,-4.5,-0.1,3.6,9.07,181,4,0
44.75,41.75,75.9,7.7,25.36,0.6,32.5,-4.1,-0.2,3.7,4.8,8.09,148,4,0
25.75,41.25,72.7,6.9,22.25,0.8,45.2,-1.7,1.8,5.3,5.2,8.97,161,2,0
26.25,41.25,74.9,6.9,18.19,0.7,40.2,-0.1,3.4,6.9,6.4,9.76,160,2,0
26.75,41.25,78.4,6.8,18.19,0.7,48,-0.1,3.3,6.7,6.4,11.23,153,2,0
27.25,41.25,73.9,7.5,17.13,0.7,54.4,0.3,4,7.8,6.8,12.59,151,2,0
27.75,41.25,72.7,6.9,15.26,0.8,50.1,1,4.4,7.9,7,13.2,158,2,0
28.25,41.25,74.5,6.4,12.6,0.9,65.4,2,5.2,8.4,7.2,13.43,153,4,0
28.75,41.25,75.4,6.1,9.77,0.9,81.2,3.1,6.1,9.2,7.6,14.43,153,4,0
31.75,41.25,75.4,6.3,13.12,0.8,73.8,1.8,4.9,8.1,6.3,14.41,177,2,0
32.25,41.25,69.7,5.6,21.02,0.6,94.4,-1.2,1.6,4.4,5.4,13.1,160,4,0
32.75,41.25,72.3,6.3,24.26,0.6,78.5,-3.1,0.1,3.3,4.9,13.48,143,2,0
33.25,41.25,74.8,6.2,25.15,0.6,56.6,-3.9,-0.8,2.3,4.5,13.84,148,2,0
33.75,41.25,76.1,6,25.88,0.6,45.6,-4.6,-1.6,1.4,4.1,14.46,185,2,0
34.25,41.25,74.9,5.6,25.15,0.6,56.8,-3.9,-1.1,1.7,4.2,15.24,195,4,0
34.75,41.25,74.4,5.9,24.15,0.7,54.4,-3,0,3,4.4,15.38,209,4,0
35.25,41.25,74.3,6,19.75,0.8,57.4,-0.7,2.3,5.3,5.1,15.1,159,4,0
35.75,41.25,74.2,6.1,19.5,0.8,63.7,-0.6,2.5,5.6,5.1,15.05,173,4,0
36.25,41.25,75.3,6.1,11.81,1,74.4,2.3,5.3,8.4,5.9,14.44,161,3,0
36.75,41.25,73.7,6.2,5.85,1.1,90.8,4.8,7.9,11,6.9,14.11,147,2,0
41.25,41.25,62.8,7.5,20.27,0.8,94.5,-0.9,2.9,6.7,4.9,9.77,190,4,0
41.75,41.25,62.4,8.3,27.5,0.6,56.7,-6.3,-2.1,2.1,3.6,8.27,124,4,0
42.25,41.25,60.7,9.9,30.73,0.5,60.2,-11.9,-6.9,-2,2.6,8.28,202,4,0
42.75,41.25,61.6,10.3,31,0.4,42.4,-15,-9.8,-4.7,2.1,8.81,152,3,0
43.25,41.25,65.3,10.1,31,0.4,35.8,-15,-9.9,-4.9,2.2,8.96,200,2,0
43.75,41.25,67.4,9.8,31,0.5,46,-15.9,-11,-6.1,1.7,9.3,203,4,0
44.25,41.25,74.8,9.5,30.52,0.4,31,-11.2,-6.4,-1.7,3.2,9.2,197,4,0
44.75,41.25,76,8.2,26.87,0.5,30.2,-5.6,-1.5,2.6,4.4,8.08,155,2,0
26.25,40.75,71,6.8,14.99,0.8,46.5,1.1,4.5,7.9,6.8,10.88,169,2,0
26.75,40.75,73.4,7.2,18.19,0.8,55.2,-0.1,3.5,7.1,6.4,12.05,166,4,0
27.25,40.75,75.3,6.9,15.26,0.9,66.7,1,4.4,7.9,6.7,13.13,152,4,0
30.25,40.75,77.5,7.2,13.39,0.9,67.2,1.7,5.3,8.9,6.7,14.02,138,11,0
30.75,40.75,76.5,7.2,20.52,0.7,65.4,-1,2.6,6.2,5.6,13.88,160,4,0
31.25,40.75,74.6,7.7,22.97,0.7,52.1,-2,1.9,5.8,5.4,13.86,187,4,0
31.75,40.75,72.9,7.1,25.57,0.7,59.6,-4.3,-0.7,2.9,4.3,12.89,187,2,0
32.25,40.75,71.6,6.7,25.04,0.6,70.8,-3.8,-0.4,3,4.5,12.77,174,3,0
32.75,40.75,73.4,6.8,26.58,0.6,69.1,-5.3,-1.9,1.5,3.9,13.13,161,2,0
33.25,40.75,74.5,6.6,26.96,0.6,57.5,-5.7,-2.4,0.9,3.8,13.74,176,3,0
33.75,40.75,74.3,6.1,25.99,0.6,45.4,-4.7,-1.6,1.5,4.1,14.25,134,2,0
34.25,40.75,74.3,6,25.04,0.6,54.7,-3.8,-0.8,2.2,4.3,14.91,157,4,0
34.75,40.75,74.3,6.5,23.21,0.6,47,-2.2,1.1,4.4,4.9,15.18,137,4,0
35.25,40.75,74.2,6.7,24.26,0.7,48.2,-3.1,0.3,3.7,4.5,15.71,183,2,0
35.75,40.75,74,6.8,23.56,0.7,51.5,-2.5,0.9,4.3,4.6,15.39,176,2,0
36.25,40.75,75.1,6.9,23.68,0.8,58.1,-2.6,0.9,4.4,4.4,15.39,130,2,0
36.75,40.75,74.8,7.3,23.68,0.8,61.9,-2.6,1.1,4.8,4.4,13.55,181,4,0
37.25,40.75,73.3,8.1,24.82,0.8,63.4,-3.6,0.5,4.6,4.3,13.37,159,2,0
37.75,40.75,72.8,8.7,25.36,0.7,66,-4.1,0.3,4.7,4.2,13.14,199,4,0
38.25,40.75,71,7.9,26.39,0.7,62.7,-5.1,-1.1,2.9,3.7,12.96,192,4,0
38.75,40.75,69.4,7.9,25.47,0.7,62.7,-4.2,-0.2,3.8,4,12.55,186,4,0
39.25,40.75,66.6,8.2,25.99,0.7,53.1,-4.7,-0.6,3.5,3.8,11.2,200,4,0
39.75,40.75,63.6,9,26.58,0.7,44.4,-5.3,-0.8,3.7,3.8,10.22,218,3,0
40.25,40.75,62,8.8,27.67,0.6,41,-6.5,-2.1,2.3,3.7,10.6,162,2,0
40.75,40.75,60.9,9,30.25,0.7,41.2,-10.5,-6,-1.5,2.2,9.91,225,3,0
41.25,40.75,60.5,8.9,30.62,0.8,43,-11.5,-7,-2.6,1.7,8.73,110,8,0
41.75,40.75,60.1,8.9,29.18,0.7,35.4,-8.5,-4,0.5,2.8,7.67,207,8,0
42.25,40.75,59.7,9.6,30.45,0.5,35.9,-11,-6.2,-1.4,2.8,7.77,175,2,0
42.75,40.75,59.4,10.1,31,0.4,34.4,-13.8,-8.7,-3.7,2.5,8.81,221,3,0
43.25,40.75,61.6,9.4,30.98,0.4,27,-13.5,-8.8,-4.1,2.7,9.03,194,2,0
43.75,40.75,71.3,9.9,30.95,0.3,28.3,-13.1,-8.1,-3.2,3.1,9.51,176,2,0
44.25,40.75,67.4,9.4,31,0.5,39.1,-14.8,-10.1,-5.4,1.6,10.88,213,3,0
44.75,40.75,68.5,9.4,30.93,0.5,31.7,-12.9,-8.2,-3.5,2,11.9,119,4,0
26.75,40.25,71.5,7.1,15.26,1,75.5,1,4.5,8.1,6.5,12.51,174,2,0
27.25,40.25,73.9,7.2,13.39,1,74.2,1.7,5.3,8.9,6.8,13.16,147,2,0
27.75,40.25,76.6,7.1,12.07,0.9,74.5,2.2,5.7,9.3,7.2,13.22,155,2,0
28.25,40.25,76.2,7.6,12.07,1,84.4,2.2,6,9.8,7.2,13.37,144,2,0
28.75,40.25,75,8,12.6,0.9,78,2,6,10,7.1,12.82,150,2,0
29.25,40.25,74.3,7.7,17.66,0.9,86.9,0.1,3.9,7.8,6.1,12.94,139,2,0
29.75,40.25,75.9,7.3,17.66,0.8,59.6,0.1,3.7,7.4,6.1,12.83,168,4,0
30.25,40.25,77.3,7.3,20.77,0.7,52.2,-1.1,2.6,6.3,5.7,12.85,183,4,0
30.75,40.25,76.4,7.2,23.45,0.7,51.1,-2.4,1.2,4.8,5,13.05,170,2,0
31.25,40.25,74.2,7.4,24.6,0.7,49,-3.4,0.3,4,4.6,12.74,196,4,0
31.75,40.25,73.3,7.4,24.71,0.6,49.9,-3.5,0.2,3.9,4.7,12.54,192,8,0
32.25,40.25,74.9,7.7,24.93,0.7,55.6,-3.7,0.2,4.1,4.6,12.33,138,3,0
32.75,40.25,74.2,7.3,25.78,0.7,56.2,-4.5,-0.8,2.9,4.2,12.79,170,2,0
33.25,40.25,75.4,6.9,26.39,0.6,50.3,-5.1,-1.6,1.9,4,13.36,198,2,0
33.75,40.25,77.9,6.5,24.37,0.6,48.3,-3.2,0.1,3.4,4.7,13.72,183,3,0
34.25,40.25,74.2,6.5,23.68,0.6,48,-2.6,0.7,4,4.7,14.59,183,2,0
34.75,40.25,74.2,7,24.26,0.7,53.8,-3.1,0.4,3.9,4.6,15.45,177,2,0
35.25,40.25,72.2,7.4,25.25,0.6,56.8,-4,-0.3,3.4,4.3,15.86,155,8,0
35.75,40.25,73.2,7.5,24.93,0.7,53.9,-3.7,0.1,3.9,4.4,15.36,170,8,0
36.25,40.25,74.1,7.3,25.25,0.7,54.4,-4,-0.3,3.4,4.3,14.96,199,2,0
36.75,40.25,74.1,7.4,25.88,0.7,51.5,-4.6,-0.9,2.8,4,13.2,199,4,0
37.25,40.25,72.6,8.2,27.5,0.7,49.6,-6.3,-2.2,1.9,3.6,12.88,216,4,0
37.75,40.25,70.7,8.3,28.17,0.7,48.1,-7.1,-2.9,1.3,3.3,12.84,203,2,0
38.25,40.25,71.3,7.5,26.77,0.6,53.2,-5.5,-1.7,2.1,3.7,12.95,190,11,0
38.75,40.25,68.5,8.1,28.17,0.7,47.1,-7.1,-3,1.1,3,12.26,212,9,0
39.25,40.25,65.6,8.4,26.96,0.7,40.4,-5.7,-1.5,2.7,3.7,11.27,149,4,0
39.75,40.25,62.7,9.5,28.48,0.6,31.3,-7.5,-2.7,2.1,3.5,11.33,148,2,0
40.25,40.25,61.4,10,30.45,0.7,37.7,-11,-6,-1,2.3,10.99,198,8,0
40.75,40.25,61,8.7,30.8,0.7,40.3,-12.2,-7.8,-3.5,1.5,10.73,185,9,0
41.25,40.25,60.6,8.5,30.52,0.7,32.3,-11.2,-6.9,-2.7,2,9.97,210,3,0
41.75,40.25,60.2,8.7,30.03,0.6,29.1,-10,-5.6,-1.3,2.6,8.95,163,2,0
42.25,40.25,61,9.2,30.12,0.5,27.1,-10.2,-5.6,-1,3,8.7,152,2,0
42.75,40.25,60.5,9.6,30.68,0.5,31.8,-11.7,-6.9,-2.1,2.9,9.11,150,3,0
43.25,40.25,61.4,9.3,30.98,0.4,33.8,-13.4,-8.7,-4.1,2.5,9.25,102,8,0
43.75,40.25,66.9,9.1,30.17,0.4,23.8,-10.3,-5.7,-1.2,3.6,8.79,175,3,0
44.25,40.25,69.3,8.8,29.43,0.4,20.5,-8.9,-4.5,-0.1,3.6,8.61,157,2,0
44.75,40.25,65.2,9.1,30.49,0.5,24.3,-11.1,-6.5,-2,2.5,10.53,208,3,0
26.25,39.75,69.3,5.9,6.49,1.3,74.6,4.5,7.4,10.4,7.9,11.46,170,5,0
26.75,39.75,69.6,7.5,12.6,1.1,86.7,2,5.7,9.5,6.9,12.14,191,2,0
27.25,39.75,70.8,7.3,14.45,1,88.3,1.3,4.9,8.6,6.5,12.42,179,4,0
27.75,39.75,73.5,7.7,13.92,0.8,76.8,1.5,5.3,9.2,7.1,12.42,171,2,0
28.25,39.75,72.5,7.8,16.59,0.8,77.2,0.5,4.4,8.3,6.5,12.34,169,2,0
28.75,39.75,71.8,8.2,18.45,0.8,77.7,-0.2,3.9,8,6.1,12.15,164,2,0
29.25,39.75,73.4,8.5,22.49,0.8,88.3,-1.8,2.5,6.8,5.5,11.95,193,4,0
29.75,39.75,75,8.1,24.15,0.7,79.8,-3,1.1,5.2,5,12.45,195,4,0
30.25,39.75,76.6,8,24.15,0.7,50,-3,1,5,5.1,12.31,167,2,0
30.75,39.75,76.8,7.5,23.68,0.7,40.5,-2.6,1.2,5,5.1,12.26,194,8,0
31.25,39.75,73.4,7.2,23.68,0.7,42.4,-2.6,1,4.6,4.9,11.79,166,3,0
31.75,39.75,73.5,7,22.49,0.7,38.8,-1.8,1.7,5.2,5.2,11.51,157,8,0
32.25,39.75,74.3,7.7,23.68,0.7,40.7,-2.6,1.3,5.2,5.1,11.94,145,2,0
32.75,39.75,72.1,7.3,24.6,0.7,45.5,-3.4,0.3,4,4.7,11.66,166,2,0
33.25,39.75,75.7,6.9,24.49,0.7,48.9,-3.3,0.2,3.7,4.7,11.85,194,8,0
33.75,39.75,75.7,6.3,23.45,0.7,52.7,-2.4,0.8,4,4.9,13.02,156,2,0
34.25,39.75,73.1,6.6,22.73,0.7,52.2,-1.9,1.4,4.7,5,14.1,182,2,0
34.75,39.75,71.9,7,23.91,0.7,63.7,-2.8,0.7,4.2,4.8,15.36,180,2,0
35.25,39.75,71.2,7.8,25.36,0.7,59.9,-4.1,-0.2,3.7,4.4,15.79,172,3,0
35.75,39.75,70.9,8.1,26.68,0.6,60.1,-5.4,-1.3,2.8,4.1,14.84,184,2,0
36.25,39.75,72.3,7.9,27.41,0.6,54.9,-6.2,-2.2,1.8,3.8,13.67,202,8,0
36.75,39.75,72.1,7.2,27.23,0.6,51.6,-6,-2.4,1.2,3.8,13.1,167,2,0
37.25,39.75,71.6,7.9,28.17,0.6,45.7,-7.1,-3.1,0.9,3.6,12.51,198,8,0
37.75,39.75,70.9,8,28.09,0.6,43.5,-7,-3,1,3.5,12.05,197,3,0
38.25,39.75,70.2,7.4,27.05,0.7,48.3,-5.8,-2.1,1.6,3.7,12.12,152,3,0
38.75,39.75,68.7,7.7,28.09,0.6,52.5,-7,-3.1,0.8,3.3,12.09,203,9,0
39.25,39.75,65.9,8.8,29.18,0.6,54,-8.5,-4.1,0.3,3,12.03,141,9,0
39.75,39.75,65.4,9.1,29.88,0.6,51.2,-9.7,-5.1,-0.6,2.8,11.54,78,4,0
40.25,39.75,64,9.1,29.37,0.6,48.8,-8.8,-4.2,0.4,3.1,10.82,168,2,0
40.75,39.75,62.3,9.1,29.88,0.6,38.5,-9.7,-5.1,-0.6,2.9,10.07,215,3,0
41.25,39.75,61.9,8.1,30.21,0.5,28.5,-10.4,-6.3,-2.3,2.7,9.08,209,3,0
41.75,39.75,61.5,8.5,30.03,0.5,25.3,-10,-5.7,-1.5,3,8.29,164,3,0
42.25,39.75,62.4,8.6,30.3,0.5,29.1,-10.6,-6.3,-2,2.8,8.4,206,9,0
42.75,39.75,64.4,9.1,30.55,0.5,27.6,-11.3,-6.7,-2.2,3,9.01,200,2,0
43.25,39.75,62.7,9.3,30.88,0.4,37.7,-12.6,-7.9,-3.3,2.7,9.42,189,3,0
43.75,39.75,59.4,8.8,30.38,0.5,27.1,-10.8,-6.4,-2,2.8,8.98,119,2,0
44.25,39.75,59.8,8.5,28.32,0.5,17.2,-7.3,-3,1.3,3.7,7.4,233,9,0
44.75,39.75,62.7,8.3,27.76,0.5,19.4,-6.6,-2.4,1.8,3.8,8.09,176,4,0
26.25,39.25,66.2,6,4.45,1.4,104.7,5.5,8.5,11.5,8.2,11.39,132,2,0
26.75,39.25,64.2,7.3,5.64,1.3,97.9,4.9,8.5,12.2,8,11.28,145,11,0
27.25,39.25,66.5,8,11.81,1.1,94.8,2.3,6.3,10.3,7.1,11.36,131,8,0
27.75,39.25,68.2,8.4,14.19,0.9,85.1,1.4,5.6,9.8,7,11.28,158,4,0
28.25,39.25,68.8,8.2,17.13,0.8,84,0.3,4.4,8.5,6.4,11.24,178,2,0
28.75,39.25,69.5,8.3,18.98,0.8,98.4,-0.4,3.8,8,6.1,11.29,173,4,0
29.25,39.25,71.4,8.7,22.25,0.8,96.1,-1.7,2.7,7.1,5.4,11.2,182,3,0
29.75,39.25,72.9,8.5,23.91,0.8,76.6,-2.8,1.5,5.8,5,11.57,184,8,0
30.25,39.25,75.4,8.1,24.26,0.8,54.4,-3.1,1,5.1,4.9,11.68,185,2,0
30.75,39.25,75.4,7.5,24.26,0.8,40.4,-3.1,0.7,4.5,4.8,11.49,177,2,0
31.25,39.25,73,7.1,22.73,0.8,35.9,-1.9,1.7,5.3,5,10.79,179,2,0
31.75,39.25,74.1,7.3,22.25,0.8,35.1,-1.7,2,5.7,5.2,10.45,173,2,0
32.25,39.25,73.7,7.5,23.56,0.7,38.3,-2.5,1.3,5.1,5.1,10.34,177,3,0
32.75,39.25,72.3,7.3,24.93,0.7,46.4,-3.7,0,3.7,4.6,10.98,167,3,0
33.25,39.25,73.4,7,24.15,0.7,57.6,-3,0.5,4,4.9,11.52,191,8,0
33.75,39.25,72.2,6.5,23.68,0.8,64.7,-2.6,0.7,4,4.8,12.43,180,2,0
34.25,39.25,72.1,7.1,24.03,0.7,61.5,-2.9,0.7,4.3,4.8,14.74,191,2,0
34.75,39.25,70.7,7.7,24.15,0.8,62.9,-3,0.9,4.8,4.7,15.04,186,2,0
35.25,39.25,70,9.1,26.48,0.7,60.2,-5.2,-0.6,4,4.2,14.53,167,2,0
35.75,39.25,68.7,9,28.25,0.6,54.3,-7.2,-2.7,1.8,3.7,14.42,215,3,0
36.25,39.25,68.8,8.6,27.23,0.6,55.6,-6,-1.7,2.6,4.1,12.91,197,2,0
36.75,39.25,69.8,8.3,27.76,0.6,46.9,-6.6,-2.4,1.8,4,12.25,198,2,0
37.25,39.25,72.1,8.7,28.98,0.6,41.9,-8.2,-3.8,0.6,3.7,11.67,179,2,0
37.75,39.25,71.4,8,28.01,0.6,40.6,-6.9,-2.9,1.1,3.7,11.52,207,3,0
38.25,39.25,71,6.9,25.99,0.7,50.7,-4.7,-1.2,2.3,4.1,11.71,171,8,0
38.75,39.25,67.6,7.8,28.55,0.7,56.5,-7.6,-3.7,0.2,3.1,11.92,107,8,0
39.25,39.25,66.1,9.4,29.05,0.6,68.4,-8.3,-3.6,1.1,3.3,11.49,173,4,0
39.75,39.25,67.2,10.1,30.08,0.6,57.9,-10.1,-5,0.1,2.9,10.96,143,4,0
40.25,39.25,66.7,9.6,28.01,0.7,74.2,-6.9,-2.1,2.7,3.4,10.66,161,4,0
40.75,39.25,64.9,9.5,29.49,0.6,56.7,-9,-4.2,0.6,3,10.4,175,2,0
41.25,39.25,64.5,8.6,29.93,0.6,43.9,-9.8,-5.5,-1.2,2.9,9.9,164,8,0
41.75,39.25,65.4,9,30.08,0.5,38.5,-10.1,-5.6,-1.1,3.2,8.97,187,8,0
42.25,39.25,64.9,8.1,28.48,0.5,36.2,-7.5,-3.4,0.7,3.8,8.25,184,2,0
42.75,39.25,63.2,8,28.91,0.5,32.9,-8.1,-4.1,-0.1,3.6,8.81,157,3,0
43.25,39.25,59,9,30.03,0.6,28.2,-10,-5.5,-1,3,8.99,144,8,0
43.75,39.25,55.5,8.9,30.21,0.6,32.5,-10.4,-5.9,-1.5,2.7,8.89,160,3,0
44.25,39.25,54.2,8.3,30.03,0.5,25.5,-10,-5.8,-1.7,2.8,8.31,197,5,0
44.75,39.25,57.8,8.5,28.09,0.5,22.6,-7,-2.7,1.6,3.8,7.69,183,5,0
27.25,38.75,64.7,8.1,9.52,1.2,107.1,3.2,7.2,11.3,7.3,10.91,160,4,0
27.75,38.75,65.7,9.1,12.86,1,95.7,1.9,6.4,11,7,10.41,156,2,0
28.25,38.75,66.3,8.9,15.79,0.9,89.4,0.8,5.2,9.7,6.6,10.1,185,2,0
28.75,38.75,66.9,8.5,18.19,0.9,99,-0.1,4.2,8.5,6.1,10.28,156,2,0
29.25,38.75,67.9,8.4,19.5,0.9,82.9,-0.6,3.6,7.8,5.7,10.31,180,4,0
29.75,38.75,70.9,8.4,21.52,0.9,62.6,-1.4,2.8,7,5.4,10.4,148,2,0
30.25,38.75,74.9,8,23.45,0.9,49.6,-2.4,1.6,5.6,4.9,10.93,184,2,0
30.75,38.75,75.3,7.7,23.45,0.9,40.1,-2.4,1.5,5.4,4.9,11.26,172,2,0
31.25,38.75,73.9,7.2,22.97,0.9,42.9,-2,1.6,5.2,4.7,11.19,124,8,0
31.75,38.75,73.4,7.8,23.33,0.8,40.9,-2.3,1.6,5.5,4.9,10.01,170,2,0
32.25,38.75,74.3,8.2,24.26,0.8,33.4,-3.1,1,5.1,4.8,8.94,191,3,0
32.75,38.75,72.4,8.2,24.93,0.8,42.1,-3.7,0.4,4.5,4.7,9.87,174,2,0
33.25,38.75,73.6,7.8,24.03,0.7,50.1,-2.9,1,4.9,5.1,10.7,180,11,0
33.75,38.75,71,7.5,24.15,0.8,53.9,-3,0.8,4.6,4.8,12.69,170,2,0
34.25,38.75,70.8,7.3,23.45,0.9,60.2,-2.4,1.3,5,4.8,13.81,188,3,0
34.75,38.75,69.4,7.2,23.8,0.9,60.5,-2.7,0.9,4.5,4.6,15,183,2,0
35.25,38.75,67.6,9,25.88,0.8,51.5,-4.6,-0.1,4.4,4.3,14.71,166,2,0
35.75,38.75,67.8,9.7,27.84,0.7,52,-6.7,-1.8,3.1,4.1,12.95,208,4,0
36.25,38.75,66.5,9.2,28.4,0.6,55.7,-7.4,-2.8,1.8,3.8,12.2,181,2,0
36.75,38.75,70,8.5,27.92,0.6,55.1,-6.8,-2.5,1.8,3.9,11.89,210,3,0
37.25,38.75,71.1,8.3,28.55,0.6,47.3,-7.6,-3.4,0.8,3.8,11.48,167,9,0
37.75,38.75,71.5,7.5,27.92,0.6,46.8,-6.8,-3,0.8,3.7,11.32,205,3,0
38.25,38.75,69.9,6.6,24.82,0.7,58.2,-3.6,-0.3,3,4.5,11.57,162,3,0
38.75,38.75,67.8,6.9,25.78,0.6,64.9,-4.5,-1,2.5,4.2,11.55,200,4,0
39.25,38.75,69.1,8,24.26,0.7,40.5,-3.1,0.9,4.9,4.8,11.1,200,8,0
39.75,38.75,68.6,8.7,25.99,0.6,49.7,-4.7,-0.3,4.1,4.4,10.47,167,8,0
40.25,38.75,68.1,8.8,26.19,0.7,57.3,-4.9,-0.5,3.9,4.2,10.77,196,4,0
40.75,38.75,67.6,8.7,26.77,0.7,58.2,-5.5,-1.1,3.3,4,10.62,216,3,0
41.25,38.75,69.6,8.9,28.98,0.6,53.4,-8.2,-3.7,0.8,3.5,10.47,199,8,0
41.75,38.75,69.2,7.8,28.84,0.5,55.5,-8,-4.1,-0.2,3.6,9.62,182,2,0
42.25,38.75,63.7,6.7,26.19,0.7,50.1,-4.9,-1.5,1.9,4,9.29,213,3,0
42.75,38.75,60.2,7.2,26.19,0.7,36.5,-4.9,-1.3,2.3,4,8.97,186,11,0
43.25,38.75,54.8,7.9,26.77,0.7,34.1,-5.5,-1.5,2.5,4,9.07,209,8,0
43.75,38.75,51.6,8.7,29.55,0.5,35,-9.1,-4.7,-0.4,3.3,9.08,204,3,0
44.25,38.75,51.7,9,30.62,0.5,26.2,-11.5,-7,-2.5,2.5,9.01,217,8,0
44.75,38.75,56.6,8.8,29.18,0.5,25.8,-8.5,-4.1,0.3,3.5,8.4,177,5,0
26.75,38.25,63,7.5,3.91,1.5,127.2,5.8,9.5,13.3,8.3,11.83,143,4,0
27.25,38.25,62.5,8.5,6.49,1.4,117.2,4.5,8.7,13,7.7,11.08,150,4,0
27.75,38.25,64.4,9.4,10.02,1.1,112.1,3,7.7,12.4,7.5,10.25,154,2,0
28.25,38.25,64.1,9,14.99,1,105.2,1.1,5.6,10.1,6.7,9.94,124,2,0
28.75,38.25,65,8.2,14.99,1,93.9,1.1,5.2,9.3,6.3,9.54,167,2,0
29.25,38.25,66.1,8.4,15.79,1,73.4,0.8,5,9.2,6.1,9.31,167,8,0
29.75,38.25,69.7,8.7,18.71,1,54.6,-0.3,4.1,8.5,5.7,9.61,171,3,0
30.25,38.25,70.6,8.3,21.02,1,56,-1.2,3,7.2,5.1,10.27,186,2,0
30.75,38.25,73.7,7.6,21.77,0.9,62.5,-1.5,2.3,6.1,4.9,11.28,138,11,0
31.25,38.25,73.1,7.5,22.25,0.9,62.8,-1.7,2.1,5.9,4.8,12.11,190,3,0
31.75,38.25,73.6,8.1,24.15,0.8,51.3,-3,1.1,5.2,4.5,10.44,192,2,0
32.25,38.25,74.2,8.4,24.93,0.7,42.8,-3.7,0.5,4.7,4.6,9.01,186,2,0
32.75,38.25,73.6,8.2,24.37,0.8,37.6,-3.2,0.9,5,4.9,9.11,180,2,0
33.25,38.25,72.2,7.8,23.8,0.8,40.9,-2.7,1.2,5.1,5,9.7,182,2,0
33.75,38.25,71.1,7.8,23.45,0.8,43.8,-2.4,1.5,5.4,5,10.89,183,2,0
34.25,38.25,69.7,7.1,24.03,0.9,40.5,-2.9,0.7,4.3,4.5,12.11,194,2,0
34.75,38.25,68.4,7.1,24.15,0.9,50.1,-3,0.6,4.2,4.5,14.1,186,1,0
35.25,38.25,67.8,7.2,24.71,0.8,60,-3.5,0.1,3.7,4.4,12.23,183,8,0
35.75,38.25,68.6,8,26.87,0.7,64.3,-5.6,-1.6,2.4,4.1,11.46,188,2,0
36.25,38.25,69.3,8.4,28.48,0.7,83.1,-7.5,-3.3,0.9,3.5,12.73,172,2,0
36.75,38.25,70.9,8.3,28.25,0.7,80,-7.2,-3,1.2,3.5,12.69,132,3,0
37.25,38.25,72,8.2,28.84,0.6,60.5,-8,-3.9,0.2,3.4,11.59,186,2,0
37.75,38.25,71.8,7.5,28.32,0.6,60.9,-7.3,-3.5,0.3,3.4,11.6,208,3,0
38.25,38.25,69.2,6.8,25.47,0.7,55.6,-4.2,-0.8,2.6,4.2,11.42,199,2,0
38.75,38.25,68.9,6.7,23.91,0.8,53.6,-2.8,0.6,4,4.6,11.17,93,3,0
39.25,38.25,67.6,7.3,24.15,0.8,47.7,-3,0.7,4.4,4.6,11.03,118,8,0
39.75,38.25,66.9,7.5,16.59,0.9,48.9,0.5,4.2,8,5.5,10.93,162,2,0
40.25,38.25,66.2,8.3,20.27,0.8,48.9,-0.9,3.3,7.5,5.6,10.37,180,3,0
40.75,38.25,66.8,9.1,23.21,0.8,52,-2.2,2.4,7,5.6,10.29,146,9,0
41.25,38.25,67.5,8.8,24.49,0.7,53.8,-3.3,1.1,5.5,5.1,10.29,166,2,0
41.75,38.25,66.9,8,25.88,0.7,71.9,-4.6,-0.6,3.4,4.4,10.41,193,4,0
42.25,38.25,61.2,6.1,24.82,0.8,69.2,-3.6,-0.5,2.6,4.2,10.32,215,4,0
42.75,38.25,56.3,6.6,25.99,0.8,47.8,-4.7,-1.4,1.9,3.9,9.67,228,9,0
43.25,38.25,51.2,7.6,27.14,0.7,37.9,-5.9,-2.1,1.7,3.9,9.83,190,4,0
43.75,38.25,50.5,8.1,29.18,0.6,36.5,-8.5,-4.4,-0.4,3.3,9.31,178,2,0
44.25,38.25,51.6,8.5,30.3,0.5,28.5,-10.6,-6.3,-2.1,2.9,9.1,157,2,0
44.75,38.25,59,8.8,28.98,0.5,31,-8.2,-3.8,0.6,3.9,8.88,151,5,0
26.75,37.75,67.7,7.6,4.84,1.6,103.2,5.3,9.1,12.9,8.4,13.03,175,2,0
27.25,37.75,59.8,8.8,5.23,1.6,120.6,5.1,9.5,13.9,8,11.85,155,11,0
27.75,37.75,63.4,8.7,11.04,1.1,128,2.6,6.9,11.3,7,11.57,158,4,0
28.25,37.75,64.1,8.8,13.39,1,129.5,1.7,6.1,10.5,6.8,10.84,202,3,0
28.75,37.75,65.1,8.4,17.13,1,117.2,0.3,4.5,8.7,6,10.15,162,2,0
29.25,37.75,66.5,8.7,19.75,1,84,-0.7,3.7,8.1,5.6,9.65,208,4,0
29.75,37.75,68,8.6,20.52,1,63.3,-1,3.3,7.6,5.4,9.77,197,2,0
30.25,37.75,69.4,8.9,14.99,1.1,55,1.1,5.5,10,6.1,10.13,183,2,0
30.75,37.75,71.4,8,21.02,1,71.4,-1.2,2.8,6.8,5.1,11.5,134,4,0
31.25,37.75,73.2,7.7,24.6,0.9,74.9,-3.4,0.5,4.4,4.3,11.73,154,4,0
31.75,37.75,74.9,8,23.56,0.8,72.1,-2.5,1.5,5.5,4.9,10.92,181,2,0
32.25,37.75,72.8,7.3,24.37,0.8,66.4,-3.2,0.5,4.2,4.6,10.11,172,8,0
32.75,37.75,72.3,7.8,23.45,0.8,50.3,-2.4,1.5,5.4,5.2,8.8,180,2,0
33.25,37.75,72.9,8.1,24.26,0.8,37.8,-3.1,1,5.1,5,8.82,181,2,0
33.75,37.75,71.9,8.3,24.03,0.9,38.5,-2.9,1.3,5.5,5,9.22,212,8,0
34.25,37.75,70.9,7.8,23.09,0.9,43.7,-2.1,1.8,5.7,5,9.84,183,8,0
34.75,37.75,69.7,6.9,24.6,0.9,51.4,-3.4,0.1,3.6,4.3,11.31,186,3,0
35.25,37.75,69.4,6.7,26.39,0.9,75.9,-5.1,-1.7,1.7,3.6,12.25,71,4,0
35.75,37.75,67.6,7.4,20.52,0.9,113.3,-1,2.7,6.4,5,11.9,142,4,0
36.25,37.75,69.6,7.2,24.03,0.8,115.6,-2.9,0.7,4.3,4.7,12.69,182,3,0
36.75,37.75,70.3,7.6,25.25,0.7,114.1,-4,-0.2,3.6,4.5,12.7,184,4,0
37.25,37.75,71.2,8.1,26.39,0.7,81.8,-5.1,-1,3.1,4.1,11.77,140,9,0
37.75,37.75,69.5,7.5,23.21,0.8,73.6,-2.2,1.6,5.4,5,12.18,185,2,0
38.25,37.75,66.6,7.3,15.52,1,80.7,0.9,4.5,8.2,5.8,11.88,161,2,0
38.75,37.75,64.2,7.5,12.07,1.1,63.6,2.2,5.9,9.7,6.2,11.19,178,2,0
39.25,37.75,63.7,7.9,13.65,1.2,58.2,1.6,5.5,9.5,6.1,10.87,169,2,0
39.75,37.75,63.8,7.9,18.71,1,60.3,-0.3,3.7,7.7,5.5,10.63,195,3,0
40.25,37.75,62.9,8.7,18.45,0.9,54.7,-0.2,4.2,8.6,6.1,10.7,174,2,0
40.75,37.75,63.4,8.2,17.92,1,56.9,0,4.1,8.2,6,10.58,180,2,0
41.25,37.75,62.9,8.3,18.45,1,53.3,-0.2,4,8.2,6,10.89,161,8,0
41.75,37.75,61.2,8.2,15.52,1,59.7,0.9,5,9.1,5.9,11.17,160,3,0
42.25,37.75,57.6,7,18.45,0.9,66.6,-0.2,3.3,6.8,5.3,11.02,202,4,0
42.75,37.75,54.7,6.9,24.15,0.8,64.8,-3,0.5,4,4.4,10.49,157,4,0
43.25,37.75,50.6,7.6,28.63,0.7,51.7,-7.7,-3.9,-0.1,3,10.25,187,4,0
43.75,37.75,50.2,8.2,29.72,0.6,51.6,-9.4,-5.3,-1.2,3,9.04,154,8,0
44.25,37.75,56.5,9.5,30.76,0.5,46.6,-12,-7.2,-2.5,3,9.95,220,9,0
44.75,37.75,59.9,9.4,30.52,0.4,35.7,-11.2,-6.5,-1.8,3.3,9.33,168,5,0
27.75,37.25,61.8,8.4,5.85,1.4,137.5,4.8,9,13.2,8,12.97,156,2,0
28.25,37.25,64.9,8.1,10.78,1.1,173.5,2.7,6.7,10.8,7.1,12.88,172,2,0
28.75,37.25,64.8,8.8,15.52,1,145.4,0.9,5.3,9.7,6.4,11,171,4,0
29.25,37.25,65.7,9.4,22.01,1,99.8,-1.6,3.1,7.8,5.4,10.09,101,2,0
29.75,37.25,67.7,9.1,23.45,1,74.3,-2.4,2.2,6.8,4.9,10.02,166,8,0
30.25,37.25,66.3,9.2,18.98,1.1,60.2,-0.4,4.2,8.8,5.6,9.74,133,2,0
30.75,37.25,67.2,8.7,11.29,1.2,110.5,2.5,6.8,11.2,6.5,10.98,109,8,0
31.25,37.25,70.4,7.8,21.52,0.9,98,-1.4,2.5,6.4,5.1,12.13,164,5,0
31.75,37.25,72.1,6.6,24.6,0.8,89.6,-3.4,-0.1,3.2,4.2,11.96,185,5,0
32.25,37.25,70,6.8,23.45,0.9,105.9,-2.4,1,4.4,4.7,12.59,189,2,0
32.75,37.25,70.5,7.3,23.09,0.9,82.8,-2.1,1.6,5.3,5.1,11.84,202,4,0
33.25,37.25,73.1,7.7,22.97,0.9,48.9,-2,1.9,5.8,5.2,10.21,182,3,0
33.75,37.25,72,7.4,24.26,0.9,58.7,-3.1,0.6,4.3,4.5,10.07,197,3,0
34.25,37.25,72.2,6.1,26.96,0.9,73.8,-5.7,-2.6,0.5,3.1,11.47,221,8,0
34.75,37.25,67.3,7.2,17.39,1.1,128.6,0.2,3.8,7.4,5.4,11.54,120,4,0
35.25,37.25,61.4,6.7,2.31,1.4,176.7,6.8,10.1,13.5,6.9,11.07,148,11,0
35.75,37.25,61.4,7.6,1.11,1.5,145.9,7.8,11.6,15.4,7.5,11.75,146,2,0
36.25,37.25,65.9,6.8,5.85,1.1,140.5,4.8,8.2,11.6,6.9,13.17,145,2,0
36.75,37.25,70.9,6.6,14.72,0.9,131.4,1.2,4.5,7.8,5.9,13.52,108,2,0
37.25,37.25,69.4,7.2,16.06,0.9,99.9,0.7,4.3,7.9,5.9,13.65,186,2,0
37.75,37.25,67.5,7.6,13.92,1,77.3,1.5,5.3,9.1,6.3,12.64,179,2,0
38.25,37.25,64.5,8.4,11.81,1.1,69.7,2.3,6.5,10.7,6.7,11.78,178,2,0
38.75,37.25,62.1,8.2,11.04,1.1,63,2.6,6.7,10.8,6.7,11.56,167,3,0
39.25,37.25,62.9,8.9,12.86,1.1,58,1.9,6.3,10.8,6.7,10.67,175,3,0
39.75,37.25,62.2,9.4,15.52,1.1,59.8,0.9,5.6,10.3,6.5,9.96,168,1,0
40.25,37.25,61,9.5,14.72,1.1,57.1,1.2,5.9,10.7,6.7,10.48,166,2,0
40.75,37.25,60.2,8,13.39,1.2,62.5,1.7,5.7,9.7,6.3,10.92,163,2,0
41.25,37.25,58.2,7.5,12.33,1.3,60.5,2.1,5.8,9.6,6.2,11.61,163,8,0
41.75,37.25,57.6,8.4,11.81,1.2,61.5,2.3,6.5,10.7,6.6,10.85,159,3,0
42.25,37.25,56.8,8.6,10.02,1.2,67.2,3,7.3,11.6,6.9,10.83,164,2,0
42.75,37.25,55.1,8.5,16.86,0.9,65,0.4,4.6,8.9,6.1,10.74,180,3,0
43.25,37.25,53.8,7.9,23.56,0.8,61.8,-2.5,1.5,5.5,5.2,10.64,126,3,0
43.75,37.25,54.5,8.5,27.14,0.6,59.7,-5.9,-1.6,2.7,4.4,10.8,202,3,0
44.25,37.25,57.8,9.8,29.49,0.5,56,-9,-4.1,0.8,4,10.47,78,3,0
44.75,37.25,60.1,9.4,30.52,0.5,45.7,-11.2,-6.5,-1.8,3,10.23,217,2,0
27.75,36.75,65.3,7.8,2.75,1.6,89.7,6.5,10.4,14.3,8.5,11.63,141,11,0
28.25,36.75,63.1,7.8,1.01,1.4,150.7,7.9,11.8,15.7,9.3,13.14,123,4,0
28.75,36.75,62.5,9.5,3.22,1.3,165.6,6.2,10.9,15.7,9,11.86,135,2,0
29.25,36.75,63.6,9.7,13.65,1.1,131,1.6,6.4,11.3,6.9,11.13,183,5,0
29.75,36.75,65.8,9.1,24.37,1,84.7,-3.2,1.4,6,4.4,9.97,132,5,0
30.25,36.75,64.6,9.3,21.52,1.1,76,-1.4,3.3,8,5.1,10.12,210,8,0
31.75,36.75,66.6,6.9,5.23,1.3,148.5,5.1,8.5,12,7.4,13.21,169,4,0
32.25,36.75,69.4,6.6,23.09,1,133.2,-2.1,1.2,4.5,4.6,13.36,176,4,0
32.75,36.75,69.4,6.9,23.33,1,120,-2.3,1.2,4.7,4.7,13.85,122,4,0
33.25,36.75,70.5,7.4,18.19,1,104.3,-0.1,3.6,7.3,5.7,12.63,177,8,0
33.75,36.75,70.8,6.8,23.45,1,108.1,-2.4,1,4.4,4.5,12.09,141,5,0
34.25,36.75,65.9,7.3,9.03,1.3,146.7,3.4,7,10.7,6.5,12.13,134,4,0
35.25,36.75,61.5,8,2.17,1.6,165.1,6.9,10.9,14.9,8.4,11.86,145,2,0
36.25,36.75,67.3,6.4,4.27,1.3,140.4,5.6,8.8,12,7.4,14.48,186,4,0
36.75,36.75,71.1,6.1,5.64,1.2,106.4,4.9,7.9,11,7.3,15.11,176,2,0
37.25,36.75,70.4,7,9.77,1.1,81.3,3.1,6.6,10.1,6.8,14.33,153,2,0
37.75,36.75,67.6,7.9,10.27,1.1,67.6,2.9,6.8,10.8,7,13.58,169,2,0
38.25,36.75,64.6,9.3,11.55,1.2,57.5,2.4,7,11.7,7.1,12.32,171,8,0
38.75,36.75,63.8,9.4,11.04,1.1,50.7,2.6,7.3,12,7.2,10.88,164,2,0
39.25,36.75,63.3,10,12.07,1.1,45.8,2.2,7.2,12.2,7.2,10.19,166,2,0
39.75,36.75,61.3,10.6,12.6,1.1,47.1,2,7.3,12.6,7.1,10.25,170,2,0
40.25,36.75,59,10.8,13.12,1.1,47.1,1.8,7.2,12.6,7.2,10.61,166,2,0
40.75,36.75,55.7,9.9,10.78,1.3,43.8,2.7,7.6,12.6,7.4,12.59,163,2,0
41.25,36.75,54.9,8.9,8.79,1.4,48.6,3.5,7.9,12.4,7.4,13.04,162,2,0
41.75,36.75,55.4,9,8.08,1.3,53.9,3.8,8.3,12.8,7.5,12.42,167,2,0
42.25,36.75,56,9.2,9.03,1.2,58.1,3.4,8,12.6,7.6,12.99,163,2,0
42.75,36.75,55.7,9.5,9.52,1,55,3.2,7.9,12.7,7.9,13.22,162,11,0
43.25,36.75,55.8,9.6,15.52,0.8,53.8,0.9,5.7,10.5,7.3,12.05,139,9,0
43.75,36.75,54.7,8.9,21.27,0.7,60.2,-1.3,3.2,7.7,6.3,10.98,167,2,0
44.25,36.75,56.9,9.1,24.49,0.6,54,-3.3,1.3,5.9,5.7,10.01,167,5,0
44.75,36.75,59.4,9.9,27.84,0.6,46.8,-6.7,-1.7,3.3,4.6,9.95,212,5,0
29.75,36.25,65.1,9.4,7.38,1.3,137.6,4.1,8.8,13.5,7.7,11.34,185,2,0
32.75,36.25,69.5,6.4,14.72,1.2,142.7,1.2,4.4,7.6,5.8,13.87,81,4,0
33.25,36.25,66.8,7,8.79,1.4,137,3.5,7,10.5,6.7,12.99,134,2,0
33.75,36.25,64.6,6.8,2.75,1.7,152.5,6.5,9.9,13.3,7.6,12.42,113,5,0
36.25,36.25,70.5,5.9,3.06,1.4,151.2,6.3,9.2,12.2,8.1,15.46,164,2,0
36.75,36.25,71.5,6.3,4.84,1.3,96,5.3,8.4,11.6,7.9,15.94,171,2,0
37.25,36.25,72.6,7.2,8.55,1.1,60.6,3.6,7.2,10.8,7.6,17.77,171,8,0
37.75,36.25,69.1,8.2,9.52,1.2,52.1,3.2,7.3,11.4,7.5,14.32,163,2,0
38.25,36.25,63.9,8.9,9.77,1.2,47.8,3.1,7.5,12,7.5,13.07,169,9,0
38.75,36.25,61.9,10,10.78,1.2,42.4,2.7,7.7,12.7,7.6,11.65,162,9,0
39.25,36.25,59.9,10.2,11.04,1.2,35.4,2.6,7.7,12.8,7.5,11.94,165,9,0
39.75,36.25,57.9,10.5,13.39,1.1,38.9,1.7,6.9,12.2,7.2,11.87,169,9,0
40.25,36.25,56.2,10.7,14.19,1.2,41,1.4,6.7,12.1,7,12.52,162,9,0
40.75,36.25,53.1,10.5,11.55,1.3,35.3,2.4,7.6,12.9,7.5,13.24,158,2,0
41.25,36.25,53.6,9.7,10.53,1.3,41.6,2.8,7.6,12.5,7.5,13.56,165,9,0
41.75,36.25,53,9.5,9.52,1.3,47.3,3.2,7.9,12.7,7.4,13.48,162,9,0
42.25,36.25,53.7,9.6,8.31,1.2,48.4,3.7,8.5,13.3,8,13.65,160,8,0
42.75,36.25,54.3,10.1,9.28,1.1,49,3.3,8.3,13.4,8.3,14.03,161,2,0
43.25,36.25,54.5,10.3,10.02,1,48.1,3,8.1,13.3,8.5,13.97,160,2,0
43.75,36.25,53.7,9.9,11.81,0.9,52.6,2.3,7.2,12.2,8.1,11.73,176,2,0
44.25,36.25,54.8,9.3,16.59,0.8,53.1,0.5,5.1,9.8,6.8,10.49,173,5,0
44.75,36.25,55.8,9.6,19.24,0.8,47.9,-0.5,4.3,9.1,6.4,10.13,158,2,0
36.25,35.75,71.6,6,4.45,1.4,140.1,5.5,8.5,11.5,7.8,18.11,197,2,0
36.75,35.75,72.6,6.5,6.71,1.2,87.1,4.4,7.6,10.9,7.7,17.44,160,2,0
37.25,35.75,71,7.4,7.15,1.2,57.5,4.2,7.9,11.6,8,16.38,168,8,0
37.75,35.75,66.9,8.2,8.79,1.2,43.7,3.5,7.6,11.7,7.7,14.88,163,9,0
38.25,35.75,62.3,9.1,9.03,1.3,37.7,3.4,7.9,12.5,7.6,13.85,169,9,0
38.75,35.75,60.6,10,9.77,1.3,31.5,3.1,8.1,13.1,7.7,12.4,160,9,0
39.25,35.75,58.1,10.3,10.78,1.3,30.4,2.7,7.8,13,7.5,11.76,162,9,0
39.75,35.75,56.3,10.4,10.78,1.3,27.7,2.7,7.9,13.1,7.5,12.43,164,9,0
40.25,35.75,54.5,10.6,11.81,1.3,29.3,2.3,7.6,12.9,7.4,12.8,163,9,0
40.75,35.75,52.6,10,9.28,1.3,29.7,3.3,8.3,13.3,7.6,11.6,156,2,0
41.25,35.75,50.8,10.2,9.52,1.3,34.4,3.2,8.3,13.4,7.7,11.76,159,9,0
41.75,35.75,52.8,10.2,7.84,1.4,37.1,3.9,9,14.1,8.1,11.61,157,9,0
42.25,35.75,51,10.3,8.31,1.2,41.2,3.7,8.8,14,8.3,11.67,159,8,0
36.25,35.25,69.9,6.6,3.73,1.6,119.1,5.9,9.2,12.5,7.9,17.51,190,2,0
36.75,35.25,71.1,7.3,6.06,1.2,71.6,4.7,8.3,12,8.3,16.7,169,2,0
37.25,35.25,67.7,7.7,8.79,1.2,51.5,3.5,7.3,11.2,7.8,16.24,175,8,0
37.75,35.25,63.6,8.5,11.04,1.2,38.9,2.6,6.8,11.1,7.2,14.96,178,9,0
38.25,35.25,59.4,9.2,11.29,1.3,29.9,2.5,7.1,11.7,7.1,14.05,175,9,0
38.75,35.25,56.4,9.6,11.04,1.3,29,2.6,7.4,12.2,7.1,13.02,172,9,0
39.25,35.25,55.4,10.2,13.65,1.3,27,1.6,6.7,11.8,6.8,11.76,170,9,0
39.75,35.25,53.2,10.4,10.78,1.4,23.5,2.7,7.9,13.1,7.3,11.72,160,9,0
40.25,35.25,51.2,10.4,8.79,1.4,21.1,3.5,8.7,13.9,7.7,11.53,158,2,0
40.75,35.25,49.4,10.2,8.08,1.4,24.8,3.8,8.9,14,7.8,11.42,159,9,0
41.25,35.25,48.9,10.8,8.31,1.5,28.5,3.7,9.1,14.5,7.9,11.43,161,9,0
41.75,35.25,48.4,10.6,9.28,1.4,33.8,3.3,8.6,13.9,8,11.16,164,9,0
42.25,35.25,49.1,10.6,8.79,1.3,37.5,3.5,8.8,14.1,8.3,11.22,162,9,0
36.25,34.75,67.4,7.4,4.27,1.4,122.7,5.6,9.3,13,8.7,17.87,171,2,0
