AREA,PERIMETER,MAJOR_AXIS,MINOR_AXIS,ECCENTRICITY,EQDIASQ,SOLIDITY,CONVEX_AREA,EXTENT,ASPECT_RATIO,ROUNDNESS,COMPACTNESS,SHAPEFACTOR_1,SHAPEFACTOR_2,SHAPEFACTOR_3,SHAPEFACTOR_4,Class
76110,1721.329,469.6335,224.6636,0.8782,311.2977,0.8485,89701,0.6471,2.0904,0.3228,0.6629,0.0062,0.003,0.4394,0.9185,1
48825,1095.2321,369.8846,172.9719,0.8839,249.3309,0.9236,52865,0.6802,2.1384,0.5115,0.6741,0.0076,0.0035,0.4544,0.9717,1
60052,1109.887,406.9545,193.4755,0.8798,276.5151,0.9358,64170,0.7233,2.1034,0.6126,0.6795,0.0068,0.0032,0.4617,0.9711,1
83068,1194.953,472.6163,232.1761,0.871,325.216,0.9297,89346,0.7602,2.0356,0.731,0.6881,0.0057,0.0028,0.4735,0.9639,1
88422,1228.655,491.7816,232.7189,0.8809,335.533,0.9805,90184,0.7828,2.1132,0.7361,0.6823,0.0056,0.0026,0.4655,0.9837,1
53305,1360.2791,391.9669,181.4,0.8865,260.5188,0.9008,59173,0.6715,2.1608,0.362,0.6646,0.0074,0.0034,0.4418,0.9545,1
65471,1888.229,401.476,215.7959,0.8433,288.7218,0.91,71950,0.7343,1.8604,0.2308,0.7192,0.0061,0.0033,0.5172,0.9622,1
73525,1146.691,433.863,225.662,0.8541,305.9656,0.9371,78462,0.7119,1.9226,0.7027,0.7052,0.0059,0.0031,0.4973,0.9562,1
73305,1286.464,439.9381,214.2885,0.8734,305.5075,0.9681,75722,0.759,2.053,0.5566,0.6944,0.006,0.0029,0.4822,0.99,1
75858,2226.1299,457.2219,231.9447,0.8618,310.7819,0.8915,85093,0.5994,1.9713,0.1924,0.6797,0.006,0.0031,0.462,0.9108,1
83252,2418.3091,507.1465,229.1038,0.8921,325.576,0.8694,95756,0.7075,2.2136,0.1789,0.642,0.0061,0.0028,0.4121,0.9123,1
71308,2007.626,423.6988,245.6564,0.8148,301.3174,0.8691,82046,0.6809,1.7248,0.2223,0.7112,0.0059,0.0034,0.5057,0.8723,1
75673,1377.975,434.4699,237.145,0.8379,310.4027,0.913,82882,0.7315,1.8321,0.5008,0.7144,0.0057,0.0031,0.5104,0.9351,1
74356,2528.801,474.0894,229.4486,0.8751,307.6898,0.8248,90148,0.6428,2.0662,0.1461,0.649,0.0064,0.0031,0.4212,0.8703,1
58786,2212.365,432.6855,217.2868,0.8648,273.5848,0.7627,77076,0.602,1.9913,0.1509,0.6323,0.0074,0.0037,0.3998,0.7961,1
81524,1336.546,454.9424,232.0323,0.8602,322.1794,0.9618,84760,0.7146,1.9607,0.5735,0.7082,0.0056,0.0028,0.5015,0.9833,1
67458,1792.79,418.4832,228.1802,0.8383,293.0703,0.8805,76613,0.6471,1.834,0.2637,0.7003,0.0062,0.0034,0.4904,0.8995,1
84628,1392.062,479.9708,230.7856,0.8768,328.2556,0.9375,90268,0.7362,2.0797,0.5488,0.6839,0.0057,0.0027,0.4677,0.9727,1
81530,1987.7841,463.7215,236.5881,0.8601,322.1913,0.9201,88606,0.7304,1.96,0.2593,0.6948,0.0057,0.0029,0.4827,0.9462,1
90180,1188.213,452.9105,254.3419,0.8274,338.8521,0.9865,91412,0.7636,1.7807,0.8027,0.7482,0.005,0.0028,0.5598,0.9968,1
67223,1359.09,418.6153,217.6125,0.8543,292.5594,0.9303,72259,0.6915,1.9237,0.4573,0.6989,0.0062,0.0032,0.4884,0.9396,1
96425,1347.23,513.5703,243.3371,0.8806,350.3885,0.9759,98802,0.7015,2.1105,0.6676,0.6823,0.0053,0.0025,0.4655,0.9824,1
84292,1238.2,428.8432,255.9749,0.8023,327.6033,0.9621,87609,0.7599,1.6753,0.6909,0.7639,0.0051,0.003,0.5836,0.9777,1
53286,1253.347,403.966,176.8418,0.8991,260.4724,0.8709,61184,0.634,2.2843,0.4263,0.6448,0.0076,0.0033,0.4158,0.9497,1
74424,1205.576,445.501,227.3165,0.86,307.8304,0.8941,83235,0.6622,1.9598,0.6435,0.691,0.006,0.0031,0.4774,0.9357,1
70689,2024.5959,460.4317,208.2718,0.8918,300.0067,0.897,78808,0.7161,2.2107,0.2167,0.6516,0.0065,0.0029,0.4246,0.9386,1
81460,2009.209,470.2433,252.9894,0.8429,322.0529,0.8651,94167,0.6763,1.8587,0.2536,0.6849,0.0058,0.0031,0.469,0.8718,1
77441,2748.8569,428.3756,274.7805,0.7672,314.0079,0.8114,95443,0.6529,1.559,0.1288,0.733,0.0055,0.0035,0.5373,0.8377,1
91081,1296.701,513.0668,231.2566,0.8927,340.5406,0.9708,93820,0.7511,2.2186,0.6807,0.6637,0.0056,0.0025,0.4405,0.9774,1
75635,1561.036,446.4532,229.405,0.8579,310.3248,0.8969,84327,0.5822,1.9461,0.39,0.6951,0.0059,0.003,0.4831,0.9403,1
73119,1161.65,459.8024,207.723,0.8921,305.1197,0.965,75774,0.7663,2.2135,0.6809,0.6636,0.0063,0.0028,0.4403,0.9747,1
65537,1738.9969,422.4373,221.3358,0.8517,288.8673,0.8709,75252,0.6886,1.9086,0.2723,0.6838,0.0064,0.0034,0.4676,0.8924,1
86114,1275.5,482.045,230.2585,0.8785,331.125,0.9709,88698,0.6016,2.0935,0.6652,0.6869,0.0056,0.0027,0.4719,0.9878,1
43934,1850.2111,361.9039,174.2819,0.8764,236.5132,0.8064,54479,0.6403,2.0765,0.1613,0.6535,0.0082,0.004,0.4271,0.8869,1
73362,1100.2889,428.7806,221.174,0.8567,305.6263,0.9843,74530,0.7755,1.9387,0.7615,0.7128,0.0058,0.003,0.5081,0.9849,1
85526,1333.933,479.3066,233.0093,0.8739,329.9926,0.9506,89969,0.7304,2.057,0.604,0.6885,0.0056,0.0027,0.474,0.975,1
63121,1589.677,447.8658,192.5081,0.9029,283.4928,0.8905,70880,0.6375,2.3265,0.3139,0.633,0.0071,0.003,0.4007,0.9322,1
81333,1221.348,506.2325,214.2905,0.906,321.8018,0.936,86896,0.6167,2.3624,0.6852,0.6357,0.0062,0.0026,0.4041,0.9546,1
55508,1029.842,396.2707,191.7932,0.8751,265.8477,0.9104,60968,0.7225,2.0661,0.6577,0.6709,0.0071,0.0035,0.4501,0.9299,1
70579,1399.671,432.6053,211.7505,0.872,299.7732,0.9514,74186,0.718,2.043,0.4527,0.6929,0.0061,0.003,0.4802,0.981,1
67625,1157.953,413.7079,216.2977,0.8524,293.4328,0.9468,71427,0.681,1.9127,0.6338,0.7093,0.0061,0.0032,0.5031,0.9622,1
75330,1214.089,436.8484,222.0092,0.8612,309.6985,0.9702,77640,0.7731,1.9677,0.6422,0.7089,0.0058,0.0029,0.5026,0.989,1
76164,1123.151,457.5223,214.1462,0.8837,311.4081,0.9788,77811,0.7506,2.1365,0.7587,0.6806,0.006,0.0028,0.4633,0.9898,1
65570,2071.4451,418.0258,217.1458,0.8545,288.94,0.8976,73054,0.5945,1.9251,0.192,0.6912,0.0064,0.0033,0.4778,0.9197,1
64771,1478.691,446.959,190.6946,0.9044,287.1742,0.9285,69756,0.7067,2.3438,0.3723,0.6425,0.0069,0.0029,0.4128,0.9676,1
71771,1425.094,445.004,211.9985,0.8792,302.294,0.9294,77220,0.745,2.0991,0.4441,0.6793,0.0062,0.003,0.4615,0.9686,1
84232,1528.723,484.7547,229.0246,0.8814,327.4867,0.9417,89443,0.615,2.1166,0.4529,0.6756,0.0058,0.0027,0.4564,0.966,1
75031,1159.2629,456.2571,222.0204,0.8736,309.0832,0.9331,80407,0.6655,2.055,0.7016,0.6774,0.0061,0.003,0.4589,0.9431,1
71407,1176.4659,443.3218,211.6084,0.8787,301.5265,0.9437,75664,0.7116,2.095,0.6483,0.6802,0.0062,0.003,0.4626,0.9692,1
75516,1731.484,411.7352,245.762,0.8023,310.0806,0.9148,82546,0.7169,1.6753,0.3165,0.7531,0.0055,0.0033,0.5672,0.9502,1
84529,1169.575,476.1964,228.5816,0.8773,328.0635,0.9888,85490,0.787,2.0833,0.7765,0.6889,0.0056,0.0027,0.4746,0.9888,1
62238,1814.608,405.7151,205.6124,0.8621,281.5029,0.8895,69971,0.6034,1.9732,0.2375,0.6938,0.0065,0.0033,0.4814,0.9499,1
74244,2004.193,431.8755,249.3853,0.8164,307.4579,0.8425,88119,0.657,1.7318,0.2323,0.7119,0.0058,0.0034,0.5068,0.8777,1
72577,1765.828,503.3036,194.4765,0.9223,303.9867,0.8879,81744,0.7244,2.588,0.2925,0.604,0.0069,0.0027,0.3648,0.9441,1
65565,1115.9399,438.7311,197.1891,0.8933,288.929,0.9378,69915,0.7139,2.2249,0.6616,0.6586,0.0067,0.003,0.4337,0.9649,1
65994,2394.1021,437.4028,213.106,0.8733,289.8727,0.8685,75987,0.6656,2.0525,0.1447,0.6627,0.0066,0.0032,0.4392,0.9014,1
63050,1649.811,394.5666,230.5279,0.8116,283.3333,0.8815,71526,0.6735,1.7116,0.2911,0.7181,0.0063,0.0037,0.5156,0.8826,1
78830,1525.908,418.7831,243.061,0.8143,316.8114,0.9528,82738,0.7454,1.723,0.4254,0.7565,0.0053,0.0031,0.5723,0.986,1
67873,1328.665,444.0167,200.4494,0.8923,293.9704,0.9549,71081,0.6245,2.2151,0.4831,0.6621,0.0065,0.003,0.4383,0.971,1
60519,1036.614,417.9505,187.7278,0.8934,277.5882,0.9837,61520,0.746,2.2264,0.7077,0.6642,0.0069,0.0031,0.4411,0.9821,1
69417,1199.814,442.4721,202.4234,0.8892,297.2953,0.9777,70998,0.7603,2.1859,0.606,0.6719,0.0064,0.0029,0.4514,0.9868,1
85660,1188.316,474.8121,234.9223,0.869,330.251,0.9873,86763,0.753,2.0211,0.7623,0.6955,0.0055,0.0027,0.4838,0.9778,1
64046,1431.364,409.9027,207.0709,0.863,285.5624,0.9182,69755,0.6562,1.9795,0.3928,0.6967,0.0064,0.0032,0.4853,0.9607,1
72064,1151.364,436.2237,213.0541,0.8726,302.9104,0.9781,73679,0.767,2.0475,0.6831,0.6944,0.0061,0.003,0.4822,0.9873,1
51626,1030.5439,381.8336,178.0177,0.8847,256.3831,0.9589,53839,0.6754,2.1449,0.6109,0.6715,0.0074,0.0034,0.4508,0.967,1
77603,1137.225,418.1591,245.092,0.8102,314.3362,0.981,79102,0.6393,1.7061,0.754,0.7517,0.0054,0.0032,0.5651,0.9641,1
81733,1291.535,467.2177,226.7052,0.8744,322.5921,0.949,86121,0.6764,2.0609,0.6157,0.6905,0.0057,0.0028,0.4767,0.9825,1
71560,1225.517,426.2491,218.7881,0.8582,301.8493,0.9492,75387,0.7279,1.9482,0.5987,0.7082,0.006,0.0031,0.5015,0.977,1
75944,1206.291,409.6142,239.2557,0.8117,310.958,0.9749,77897,0.7338,1.712,0.6558,0.7591,0.0054,0.0032,0.5763,0.9867,1
53898,999.22,354.2534,202.1277,0.8212,261.9639,0.9235,58360,0.5984,1.7526,0.6784,0.7395,0.0066,0.0038,0.5468,0.9584,1
58747,1323.016,462.1706,166.2839,0.933,273.4941,0.9328,62980,0.5789,2.7794,0.4218,0.5918,0.0079,0.0028,0.3502,0.9733,1
74993,1128.313,448.2543,215.2649,0.8771,309.0049,0.9805,76486,0.761,2.0823,0.7402,0.6894,0.006,0.0029,0.4752,0.9895,1
67543,1130.658,451.7998,193.119,0.904,293.2549,0.9568,70591,0.7381,2.3395,0.6639,0.6491,0.0067,0.0029,0.4213,0.9856,1
77892,1448.8051,436.2948,243.0868,0.8304,314.9209,0.9088,85709,0.7049,1.7948,0.4663,0.7218,0.0056,0.0031,0.521,0.9351,1
73389,1098.171,385.104,244.8001,0.772,305.6825,0.9828,74673,0.7478,1.5731,0.7647,0.7938,0.0052,0.0033,0.6301,0.9912,1
67270,1084.45,425.1971,204.9928,0.8761,292.6616,0.9711,69272,0.7504,2.0742,0.7188,0.6883,0.0063,0.003,0.4738,0.9827,1
67479,1129.502,408.6271,214.1121,0.8517,293.1159,0.969,69635,0.7443,1.9085,0.6647,0.7173,0.0061,0.0032,0.5145,0.982,1
87728,1916.079,466.1459,267.3908,0.8191,334.2137,0.8576,102293,0.6723,1.7433,0.3003,0.717,0.0053,0.003,0.514,0.8961,1
65887,1226.8669,438.0079,201.4647,0.8879,289.6376,0.9184,71743,0.6786,2.1741,0.5501,0.6613,0.0066,0.0031,0.4373,0.9507,1
78148,1867.463,438.0012,235.8488,0.8426,315.438,0.9302,84013,0.735,1.8571,0.2816,0.7202,0.0056,0.003,0.5187,0.9632,1
71972,1093.48,437.0005,217.7932,0.867,302.717,0.9517,75625,0.7441,2.0065,0.7564,0.6927,0.0061,0.003,0.4799,0.9628,1
66182,1127.674,407.3528,214.0756,0.8508,290.2853,0.9645,68621,0.7303,1.9028,0.654,0.7126,0.0062,0.0032,0.5078,0.9663,1
80428,1528.296,464.1943,224.5781,0.8752,320.0064,0.9721,82734,0.7409,2.067,0.4327,0.6894,0.0058,0.0028,0.4752,0.9823,1
67549,1263.192,431.1825,213.6102,0.8687,293.2679,0.9117,74089,0.6853,2.0185,0.532,0.6801,0.0064,0.0032,0.4626,0.9338,1
82580,1201.869,471.6422,226.6239,0.877,324.2593,0.9738,84804,0.7367,2.0812,0.7184,0.6875,0.0057,0.0027,0.4727,0.9837,1
78827,2755.0491,498.7084,233.7637,0.8833,316.8054,0.8542,92287,0.6831,2.1334,0.1305,0.6353,0.0063,0.003,0.4035,0.8609,1
73197,1383.817,432.2907,226.5098,0.8517,305.2823,0.9269,78972,0.6413,1.9085,0.4803,0.7062,0.0059,0.0031,0.4987,0.9518,1
67486,1254.58,435.8694,204.1778,0.8835,293.1311,0.9468,71280,0.7509,2.1348,0.5388,0.6725,0.0065,0.003,0.4523,0.9655,1
67297,1135.11,422.0551,206.534,0.8721,292.7203,0.9607,70053,0.7059,2.0435,0.6563,0.6936,0.0063,0.0031,0.481,0.983,1
82148,1233.542,485.0299,220.6042,0.8906,323.4101,0.9609,85489,0.7492,2.1986,0.6784,0.6668,0.0059,0.0027,0.4446,0.9775,1
48770,2225.429,375.4734,199.815,0.8466,249.1905,0.7681,63495,0.5746,1.8791,0.1237,0.6637,0.0077,0.0041,0.4405,0.8277,1
70106,1115.47,432.6415,217.0622,0.865,298.767,0.9455,74144,0.7325,1.9932,0.708,0.6906,0.0062,0.0031,0.4769,0.9505,1
60694,2086.55,423.8828,194.9007,0.888,277.9892,0.8996,67467,0.7255,2.1749,0.1752,0.6558,0.007,0.0032,0.4301,0.9354,1
73508,1485.879,472.5662,210.5107,0.8953,305.9302,0.9328,78807,0.6938,2.2449,0.4184,0.6474,0.0064,0.0029,0.4191,0.9408,1
71848,1138.556,462.0606,206.0044,0.8951,302.4561,0.9411,76343,0.7149,2.243,0.6965,0.6546,0.0064,0.0029,0.4285,0.9611,1
75029,1459.381,421.1766,240.2017,0.8214,309.0791,0.936,80155,0.6927,1.7534,0.4427,0.7338,0.0056,0.0032,0.5385,0.9443,1
53594,1321.155,386.377,182.4593,0.8815,261.224,0.928,57755,0.7157,2.1176,0.3858,0.6761,0.0072,0.0034,0.4571,0.9679,1
81061,1692.101,457.3645,236.0149,0.8566,321.2632,0.8837,91729,0.6486,1.9379,0.3558,0.7024,0.0056,0.0029,0.4934,0.9561,1
72169,1779.605,447.7899,218.2805,0.8731,303.131,0.9037,79861,0.6959,2.0514,0.2864,0.6769,0.0062,0.003,0.4583,0.9401,1
72129,1988.524,427.3333,230.5246,0.842,303.047,0.8418,85686,0.6516,1.8537,0.2292,0.7092,0.0059,0.0032,0.5029,0.9323,1
88064,1329.155,460.8669,245.5073,0.8463,334.8531,0.9734,90472,0.7548,1.8772,0.6264,0.7266,0.0052,0.0028,0.5279,0.991,1
77232,1117.431,439.6949,230.5794,0.8515,313.5839,0.9518,81139,0.7547,1.9069,0.7773,0.7132,0.0057,0.003,0.5086,0.9699,1
86454,1206.754,459.0285,252.7641,0.8347,331.778,0.9234,93621,0.7365,1.816,0.746,0.7228,0.0053,0.0029,0.5224,0.9487,1
66146,1116.3879,439.9942,200.2433,0.8904,290.2063,0.9361,70660,0.7105,2.1973,0.6669,0.6596,0.0067,0.003,0.435,0.9559,1
73828,1987.047,457.0342,266.923,0.8117,306.5954,0.7965,92690,0.5934,1.7122,0.235,0.6708,0.0062,0.0036,0.45,0.7705,1
67664,1218.5291,439.3765,198.2363,0.8924,293.5174,0.9616,70366,0.7544,2.2164,0.5727,0.668,0.0065,0.0029,0.4463,0.9891,1
76212,1184.293,457.3364,219.2388,0.8776,311.5062,0.9665,78850,0.7664,2.086,0.6828,0.6811,0.006,0.0029,0.4639,0.9678,1
78202,2082.624,444.6622,250.8203,0.8257,315.547,0.885,88363,0.7176,1.7728,0.2266,0.7096,0.0057,0.0032,0.5036,0.8928,1
74947,1074.4301,407.2418,238.3277,0.8109,308.9102,0.9794,76522,0.6641,1.7087,0.8158,0.7585,0.0054,0.0032,0.5754,0.9832,1
72594,1199.269,438.1911,213.6348,0.8731,304.0223,0.9703,74818,0.789,2.0511,0.6343,0.6938,0.006,0.0029,0.4814,0.9874,1
73893,1104.075,437.978,217.0961,0.8685,306.7303,0.9807,75345,0.7864,2.0174,0.7618,0.7003,0.0059,0.0029,0.4905,0.9895,1
55933,1065.739,364.35,200.6012,0.8348,266.8635,0.9568,58457,0.7136,1.8163,0.6188,0.7324,0.0065,0.0036,0.5365,0.9744,1
71193,1147.624,422.2492,219.2613,0.8546,301.0743,0.9629,73938,0.7072,1.9258,0.6793,0.713,0.0059,0.0031,0.5084,0.9791,1
60789,1036.1479,412.5437,190.2175,0.8874,278.2067,0.9793,62075,0.7766,2.1688,0.7115,0.6744,0.0068,0.0031,0.4548,0.9863,1
71173,1650.584,394.5998,240.7359,0.7923,301.032,0.9181,77524,0.725,1.6391,0.3283,0.7629,0.0055,0.0034,0.582,0.954,1
54675,1863.24,370.5511,289.2766,0.6249,263.8454,0.6839,79942,0.5844,1.281,0.1979,0.712,0.0068,0.0053,0.507,0.6494,1
63714,1652.208,415.7028,222.0418,0.8454,284.8213,0.8545,74563,0.6452,1.8722,0.2933,0.6852,0.0065,0.0035,0.4694,0.8789,1
74823,1724.351,435.1196,227.8139,0.852,308.6545,0.954,78432,0.7313,1.91,0.3162,0.7094,0.0058,0.003,0.5032,0.9611,1
70394,1238.661,435.3858,211.9258,0.8735,299.3801,0.9535,73828,0.7509,2.0544,0.5766,0.6876,0.0062,0.003,0.4728,0.9714,1
79386,1257.4659,462.4738,231.0645,0.8662,317.9267,0.9291,85445,0.7082,2.0015,0.6309,0.6874,0.0058,0.0029,0.4726,0.9459,1
75669,1436.559,415.8894,239.3196,0.8178,310.3945,0.9406,80444,0.7388,1.7378,0.4608,0.7463,0.0055,0.0032,0.557,0.968,1
79239,1404.689,477.6644,214.9409,0.893,317.6322,0.9535,83099,0.7731,2.2223,0.5046,0.665,0.006,0.0027,0.4422,0.9827,1
71187,1247.153,429.8573,221.4667,0.8571,301.0616,0.9273,76772,0.7332,1.941,0.5751,0.7004,0.006,0.0031,0.4905,0.9521,1
78980,1123.162,453.9165,223.2982,0.8706,317.1127,0.988,79939,0.7749,2.0328,0.7868,0.6986,0.0057,0.0028,0.4881,0.9921,1
85974,1202.751,478.2428,235.4068,0.8705,330.8557,0.9537,90150,0.7376,2.0316,0.7468,0.6918,0.0056,0.0027,0.4786,0.9723,1
89960,1213.4139,474.2642,249.1864,0.8508,338.4385,0.9591,93799,0.7509,1.9033,0.7678,0.7136,0.0053,0.0028,0.5092,0.9692,1
91253,1257.923,488.4753,246.1486,0.8638,340.862,0.9548,95574,0.733,1.9845,0.7247,0.6978,0.0054,0.0027,0.4869,0.9663,1
70929,1181.103,409.9395,228.543,0.8302,300.5156,0.9574,74083,0.7485,1.7937,0.6389,0.7331,0.0058,0.0032,0.5374,0.9639,1
61816,1103.546,409.6489,201.6053,0.8705,280.5469,0.9454,65384,0.6297,2.0319,0.6379,0.6848,0.0066,0.0033,0.469,0.953,1
82234,1223.542,532.0884,199.1675,0.9273,323.5793,0.982,83742,0.8033,2.6716,0.6903,0.6081,0.0065,0.0024,0.3698,0.988,1
64524,1033.183,399.925,218.3169,0.8379,286.6261,0.9465,68168,0.7239,1.8319,0.7596,0.7167,0.0062,0.0034,0.5137,0.9409,1
75322,1100.254,429.3439,227.7799,0.8477,309.682,0.9727,77438,0.7473,1.8849,0.7819,0.7213,0.0057,0.003,0.5203,0.9806,1
85842,1185.7321,494.4196,223.8443,0.8916,330.6016,0.9792,87663,0.7891,2.2088,0.7672,0.6687,0.0058,0.0026,0.4471,0.9876,1
75728,1080.582,431.7364,224.4065,0.8543,310.5155,0.9911,76410,0.7184,1.9239,0.815,0.7192,0.0057,0.003,0.5173,0.9952,1
83311,1208.881,473.0142,228.6437,0.8754,325.6913,0.9687,86004,0.7708,2.0688,0.7164,0.6885,0.0057,0.0027,0.4741,0.9808,1
43219,1409.616,321.4255,210.8289,0.7548,234.5808,0.8082,53478,0.6842,1.5246,0.2733,0.7298,0.0074,0.0049,0.5326,0.812,1
52670,986.601,352.5237,195.5612,0.832,258.9624,0.9496,55464,0.757,1.8026,0.68,0.7346,0.0067,0.0037,0.5396,0.9728,1
86591,1244.09,473.9036,238.4917,0.8641,332.0408,0.9581,90376,0.6263,1.9871,0.703,0.7007,0.0055,0.0028,0.4909,0.9755,1
72527,1143.349,437.5953,217.2991,0.868,303.882,0.9626,75343,0.6825,2.0138,0.6972,0.6944,0.006,0.003,0.4822,0.9711,1
82856,1126.554,445.3152,240.9795,0.8409,324.8008,0.9818,84394,0.7706,1.8479,0.8204,0.7294,0.0054,0.0029,0.532,0.9831,1
93411,1219.114,481.9766,249.5084,0.8556,344.8689,0.9761,95702,0.717,1.9317,0.7898,0.7155,0.0052,0.0027,0.512,0.989,1
83314,1369.2321,469.6188,231.982,0.8695,325.6972,0.9517,87540,0.7047,2.0244,0.5584,0.6935,0.0056,0.0028,0.481,0.9737,1
72714,1151.325,432.3479,217.9682,0.8636,304.2735,0.9809,74133,0.7431,1.9835,0.6893,0.7038,0.0059,0.003,0.4953,0.9824,1
80982,1198.704,484.6619,217.9012,0.8932,321.1067,0.9682,83644,0.7887,2.2242,0.7082,0.6625,0.006,0.0027,0.439,0.9763,1
83454,1212.9399,478.7658,228.1468,0.8792,325.9708,0.9643,86540,0.7338,2.0985,0.7128,0.6809,0.0057,0.0027,0.4636,0.9728,1
88120,1266.137,462.0862,246.7303,0.8455,334.9595,0.9753,90350,0.7594,1.8728,0.6908,0.7249,0.0052,0.0028,0.5255,0.9841,1
83685,2178.189,476.7235,236.4716,0.8683,326.4216,0.9119,91770,0.7235,2.016,0.2216,0.6847,0.0057,0.0028,0.4688,0.9452,1
69946,1169.307,409.3998,226.302,0.8333,298.4259,0.9418,74269,0.7199,1.8091,0.6429,0.7289,0.0059,0.0032,0.5313,0.9613,1
86365,1212.532,473.9468,237.2193,0.8657,331.6072,0.9656,89440,0.7608,1.9979,0.7382,0.6997,0.0055,0.0027,0.4895,0.9781,1
75231,1118.512,436.2821,224.8806,0.8569,309.4949,0.964,78041,0.7559,1.9401,0.7557,0.7094,0.0058,0.003,0.5032,0.9763,1
81341,1399.952,466.1084,228.336,0.8718,321.8176,0.9204,88378,0.7105,2.0413,0.5215,0.6904,0.0057,0.0028,0.4767,0.9731,1
83847,1201.149,471.1476,232.1412,0.8702,326.7374,0.9622,87139,0.681,2.0296,0.7303,0.6935,0.0056,0.0028,0.4809,0.9761,1
66313,1090.271,408.4583,209.4825,0.8585,290.5724,0.9786,67766,0.7091,1.9498,0.701,0.7114,0.0062,0.0032,0.5061,0.9868,1
80147,1168.076,480.6037,214.6958,0.8947,319.4469,0.9809,81709,0.767,2.2385,0.7382,0.6647,0.006,0.0027,0.4418,0.989,1
79711,1419.0811,488.5091,217.491,0.8954,318.5768,0.9506,83855,0.7406,2.2461,0.4974,0.6521,0.0061,0.0027,0.4253,0.9552,1
69805,1110.311,445.9509,204.7685,0.8883,298.1249,0.9464,73757,0.6956,2.1778,0.7116,0.6685,0.0064,0.0029,0.4469,0.9733,1
74408,1743.986,431.6846,238.0546,0.8342,307.7974,0.9321,79829,0.7392,1.8134,0.3074,0.713,0.0058,0.0032,0.5084,0.9219,1
78877,1146.632,451.318,226.8393,0.8645,316.9059,0.9699,81322,0.7539,1.9896,0.7539,0.7022,0.0057,0.0029,0.4931,0.981,1
86398,1205.1851,492.846,228.7165,0.8858,331.6705,0.983,87888,0.7272,2.1548,0.7475,0.673,0.0057,0.0026,0.4529,0.9759,1
57739,1851.574,438.8182,261.1837,0.8036,271.1376,0.717,80524,0.5507,1.6801,0.2116,0.6179,0.0076,0.0045,0.3818,0.6414,1
66982,1265.803,435.8916,202.3306,0.8857,292.0345,0.9255,72375,0.7004,2.1544,0.5253,0.67,0.0065,0.003,0.4489,0.967,1
58016,1036.5551,395.7145,203.5236,0.8576,271.7872,0.9218,62937,0.6936,1.9443,0.6785,0.6868,0.0068,0.0035,0.4717,0.9172,1
89379,1250.196,480.1813,242.6649,0.8629,337.3438,0.9573,93365,0.7632,1.9788,0.7186,0.7025,0.0054,0.0027,0.4936,0.9766,1
57694,1651.339,401.092,205.9514,0.8581,271.0319,0.8647,66724,0.643,1.9475,0.2659,0.6757,0.007,0.0036,0.4566,0.8893,1
60132,1328.838,398.2455,198.4854,0.8669,276.6992,0.9362,64231,0.7244,2.0064,0.4279,0.6948,0.0066,0.0033,0.4827,0.9686,1
69461,1166.494,447.1423,204.6202,0.8891,297.3895,0.9481,73263,0.7225,2.1852,0.6415,0.6651,0.0064,0.0029,0.4423,0.9666,1
53105,1768.442,393.6612,197.0717,0.8657,260.0296,0.8509,62407,0.6244,1.9976,0.2134,0.6605,0.0074,0.0037,0.4363,0.8716,1
65943,1063.584,404.3267,210.2949,0.8541,289.7607,0.9672,68181,0.7463,1.9227,0.7325,0.7166,0.0061,0.0032,0.5136,0.9875,1
96240,1427.5699,476.6801,264.1641,0.8324,350.0522,0.9703,99186,0.7946,1.8045,0.5934,0.7344,0.005,0.0027,0.5393,0.9731,1
73889,1094.196,449.0313,211.399,0.8822,306.722,0.99,74633,0.6707,2.1241,0.7755,0.6831,0.0061,0.0029,0.4666,0.9911,1
70612,1054.33,406.9619,223.881,0.8351,299.8433,0.9807,71999,0.7202,1.8178,0.7982,0.7368,0.0058,0.0032,0.5429,0.9868,1
78579,1162.452,451.8687,226.4848,0.8653,316.3066,0.9749,80602,0.7796,1.9951,0.7307,0.7,0.0058,0.0029,0.49,0.9776,1
57152,1573.3101,383.3381,200.1306,0.8529,269.7558,0.8976,63674,0.72,1.9154,0.2901,0.7037,0.0067,0.0035,0.4952,0.9485,1
50502,902.946,332.1136,205.3672,0.7859,253.5767,0.924,54657,0.7095,1.6172,0.7784,0.7635,0.0066,0.0041,0.583,0.9428,1
62031,1033.151,405.0654,201.6227,0.8673,281.0344,0.961,64549,0.7328,2.009,0.7303,0.6938,0.0065,0.0033,0.4814,0.9671,1
75517,1195.338,441.0006,229.5919,0.8538,310.0826,0.958,78827,0.723,1.9208,0.6642,0.7031,0.0058,0.003,0.4944,0.9496,1
79678,1465.2791,496.3692,224.7613,0.8916,318.5109,0.9265,86002,0.7619,2.2084,0.4663,0.6417,0.0062,0.0028,0.4118,0.9093,1
78934,1145.325,463.9708,224.5346,0.8751,317.0203,0.9763,80847,0.724,2.0664,0.7562,0.6833,0.0059,0.0028,0.4669,0.9647,1
74947,1106.288,434.2367,224.2601,0.8563,308.9102,0.9614,77960,0.7833,1.9363,0.7695,0.7114,0.0058,0.003,0.5061,0.9799,1
59860,1536.377,426.6246,189.4967,0.8959,276.0727,0.8997,66536,0.6971,2.2514,0.3187,0.6471,0.0071,0.0032,0.4188,0.9428,1
93962,1588.455,493.8718,249.8349,0.8626,345.8846,0.9453,99398,0.7502,1.9768,0.468,0.7004,0.0053,0.0027,0.4905,0.9696,1
72353,1711.048,425.3286,243.441,0.82,303.5172,0.8778,82427,0.6734,1.7472,0.3106,0.7136,0.0059,0.0034,0.5092,0.8897,1
82561,1155.201,473.5714,225.8126,0.879,324.222,0.9812,84144,0.7872,2.0972,0.7774,0.6846,0.0057,0.0027,0.4687,0.983,1
70959,1185.301,411.6615,224.4651,0.8383,300.5791,0.958,74073,0.7419,1.834,0.6347,0.7302,0.0058,0.0032,0.5331,0.9778,1
77153,1120.837,449.6405,222.7506,0.8687,313.4234,0.9755,79088,0.7671,2.0186,0.7718,0.6971,0.0058,0.0029,0.4859,0.9808,1
73958,1096.207,431.001,225.0645,0.8528,306.8652,0.9645,76683,0.7968,1.915,0.7734,0.712,0.0058,0.003,0.5069,0.9708,1
73575,1607.095,393.5164,251.2209,0.7697,306.0696,0.9454,77822,0.711,1.5664,0.358,0.7778,0.0053,0.0034,0.6049,0.9476,1
78524,1121.854,449.9406,225.9792,0.8647,316.1959,0.983,79880,0.7807,1.9911,0.784,0.7028,0.0057,0.0029,0.4939,0.9833,1
58434,1050.3979,416.4825,180.3239,0.9014,272.7645,0.9809,59570,0.7556,2.3096,0.6655,0.6549,0.0071,0.0031,0.4289,0.9907,1
69554,1802.277,431.8987,215.1097,0.8671,297.5885,0.9313,74684,0.709,2.0078,0.2691,0.689,0.0062,0.0031,0.4748,0.9532,1
80287,1442.082,451.6958,233.3839,0.8562,319.7258,0.9434,85101,0.7366,1.9354,0.4851,0.7078,0.0056,0.0029,0.501,0.9697,1
61458,1268.522,380.2,216.3935,0.8222,279.7334,0.9132,67303,0.7291,1.757,0.4799,0.7358,0.0062,0.0035,0.5413,0.9511,1
73406,1149.161,432.67,218.6794,0.8629,305.7179,0.9714,75571,0.7501,1.9786,0.6985,0.7066,0.0059,0.003,0.4993,0.9878,1
66244,1056.386,409.1532,209.4531,0.859,290.4212,0.972,68153,0.7885,1.9534,0.746,0.7098,0.0062,0.0032,0.5038,0.9842,1
79450,1231.0129,453.9435,252.1095,0.8316,318.0548,0.8903,89238,0.672,1.8006,0.6588,0.7006,0.0057,0.0032,0.4909,0.8839,1
72913,1257.577,443.1351,222.087,0.8653,304.6895,0.9238,78924,0.7233,1.9953,0.5794,0.6876,0.0061,0.003,0.4728,0.9433,1
70954,1366.3621,430.3386,214.8055,0.8665,300.5685,0.9637,73626,0.7484,2.0034,0.4776,0.6984,0.0061,0.003,0.4878,0.9773,1
64076,1009.698,374.4415,224.9661,0.7994,285.6293,0.9485,67552,0.6936,1.6644,0.7898,0.7628,0.0058,0.0035,0.5819,0.9685,1
77532,1084.235,443.7108,223.7128,0.8636,314.1923,0.9919,78163,0.8064,1.9834,0.8288,0.7081,0.0057,0.0029,0.5014,0.9945,1
70984,1781.9561,435.9559,215.0228,0.8699,300.632,0.9328,76099,0.7417,2.0275,0.2809,0.6896,0.0061,0.003,0.4755,0.9641,1
81224,1304.1281,474.4166,223.6945,0.8819,321.5861,0.9679,83918,0.7404,2.1208,0.6001,0.6779,0.0058,0.0028,0.4595,0.9745,1
71196,1283.203,459.1897,199.6058,0.9006,301.0807,0.9759,72955,0.7349,2.3005,0.5433,0.6557,0.0064,0.0028,0.4299,0.989,1
80375,1185.635,478.1623,218.505,0.8895,319.901,0.9648,83304,0.7931,2.1883,0.7185,0.669,0.0059,0.0027,0.4476,0.9795,1
76621,1647.156,443.207,228.3114,0.8571,312.341,0.9492,80722,0.7451,1.9412,0.3549,0.7047,0.0058,0.003,0.4966,0.9641,1
90806,1261.681,490.5851,246.7837,0.8643,340.0262,0.953,95285,0.7151,1.9879,0.7168,0.6931,0.0054,0.0027,0.4804,0.955,1
77732,2198.8049,431.0561,253.5455,0.8087,314.5973,0.8998,86390,0.7072,1.7001,0.202,0.7298,0.0055,0.0033,0.5327,0.9056,1
78170,1247.084,457.3434,219.2182,0.8776,315.4824,0.979,79849,0.7268,2.0862,0.6316,0.6898,0.0059,0.0028,0.4758,0.9927,1
75537,1130.6541,476.3574,203.2011,0.9045,310.1237,0.9848,76701,0.7764,2.3443,0.7425,0.651,0.0063,0.0027,0.4238,0.9936,1
93052,1209.527,470.668,257.616,0.8369,344.2056,0.9595,96978,0.7569,1.827,0.7993,0.7313,0.0051,0.0028,0.5348,0.9771,1
74511,1180.35,485.0927,201.3102,0.9098,308.0103,0.9628,77389,0.6244,2.4097,0.6721,0.635,0.0065,0.0027,0.4032,0.9715,1
56812,1848.333,421.5977,210.0969,0.867,268.9522,0.8006,70961,0.6587,2.0067,0.209,0.6379,0.0074,0.0037,0.407,0.8166,1
73916,1118.736,445.6265,215.1767,0.8757,306.778,0.9764,75706,0.7336,2.071,0.7422,0.6884,0.006,0.0029,0.4739,0.9815,1
73069,2222.7971,432.1001,250.9296,0.8141,305.0153,0.8754,83471,0.7058,1.722,0.1858,0.7059,0.0059,0.0034,0.4983,0.858,1
29808,1687.61,339.0541,138.5344,0.9127,194.8146,0.7584,39306,0.4372,2.4474,0.1315,0.5746,0.0114,0.0046,0.3301,0.808,1
73633,1077.489,419.5704,228.1218,0.8393,306.1902,0.9823,74959,0.7496,1.8392,0.797,0.7298,0.0057,0.0031,0.5326,0.9795,1
79179,1101.115,434.6501,232.7365,0.8446,317.5119,0.991,79902,0.8006,1.8676,0.8206,0.7305,0.0055,0.0029,0.5336,0.9966,1
60774,1101.7209,414.708,190.6734,0.888,278.1724,0.9625,63142,0.6233,2.175,0.6292,0.6708,0.0068,0.0031,0.4499,0.9786,1
73139,1852.666,419.584,237.5267,0.8243,305.1614,0.8891,82258,0.6828,1.7665,0.2678,0.7273,0.0057,0.0032,0.529,0.9344,1
72798,1259.91,473.3427,212.1377,0.8939,304.4492,0.905,80437,0.6253,2.2313,0.5763,0.6432,0.0065,0.0029,0.4137,0.9231,1
78195,1202.542,462.1558,236.5855,0.859,315.5328,0.8876,88093,0.6845,1.9534,0.6795,0.6827,0.0059,0.003,0.4661,0.9106,1
62110,1340.755,454.7017,177.1531,0.921,281.2133,0.9563,64949,0.7497,2.5667,0.4342,0.6185,0.0073,0.0029,0.3825,0.9817,1
64299,1555.183,433.5082,197.8069,0.8898,286.1259,0.9325,68951,0.7473,2.1916,0.3341,0.66,0.0067,0.0031,0.4356,0.9547,1
77225,1909.5909,443.3553,256.3559,0.8159,313.5696,0.8581,89995,0.6479,1.7295,0.2661,0.7073,0.0057,0.0033,0.5002,0.8651,1
61882,1113.624,415.3977,193.6772,0.8847,280.6967,0.9435,65589,0.7461,2.1448,0.627,0.6757,0.0067,0.0031,0.4566,0.9793,1
71894,1259.405,462.1832,209.7576,0.8911,302.5529,0.917,78404,0.6902,2.2034,0.5696,0.6546,0.0064,0.0029,0.4285,0.9442,1
63698,1806.11,434.0487,221.3838,0.8601,284.7856,0.8302,76723,0.6395,1.9606,0.2454,0.6561,0.0068,0.0035,0.4305,0.844,1
72405,1150.848,470.9488,198.5195,0.9068,303.6263,0.9654,74997,0.7682,2.3723,0.687,0.6447,0.0065,0.0027,0.4157,0.9861,1
53446,1814.176,379.4,191.585,0.8631,260.8631,0.8937,59800,0.7345,1.9803,0.2041,0.6876,0.0071,0.0036,0.4727,0.9362,1
60008,935.789,351.9654,221.9567,0.7761,276.4138,0.9903,60596,0.7006,1.5857,0.8611,0.7853,0.0059,0.0037,0.6168,0.978,1
60847,1760.171,371.3661,230.194,0.7847,278.3394,0.8449,72021,0.6548,1.6133,0.2468,0.7495,0.0061,0.0038,0.5618,0.9063,1
82017,2699.074,426.5246,273.5291,0.7673,323.1521,0.8479,96733,0.6657,1.5593,0.1415,0.7576,0.0052,0.0033,0.574,0.8951,1
52600,1148.283,361.6876,193.2737,0.8453,258.7903,0.9081,57923,0.7242,1.8714,0.5013,0.7155,0.0069,0.0037,0.512,0.9581,1
77869,1853.884,421.2526,240.8186,0.8205,314.8744,0.9544,81591,0.7079,1.7493,0.2847,0.7475,0.0054,0.0031,0.5587,0.9773,0
94948,1184.8521,456.392,267.6631,0.81,347.6946,0.9908,95826,0.7605,1.7051,0.8499,0.7618,0.0048,0.0028,0.5804,0.9896,0
92639,1792.027,456.4867,275.1674,0.7979,343.4409,0.9226,100409,0.7494,1.6589,0.3625,0.7524,0.0049,0.003,0.566,0.939,0
84309,1524.917,442.2157,246.1724,0.8307,327.6363,0.9648,87388,0.7535,1.7964,0.4556,0.7409,0.0052,0.0029,0.5489,0.9861,0
74673,1955.649,450.7327,237.1064,0.8505,308.345,0.8704,85791,0.6051,1.901,0.2454,0.6841,0.006,0.0032,0.468,0.8896,0
83267,1113.1121,438.4269,243.7511,0.8312,325.6053,0.993,83855,0.7199,1.7987,0.8445,0.7427,0.0053,0.0029,0.5516,0.9921,0
106985,1239.329,464.8901,294.273,0.7742,369.0766,0.9917,107881,0.7514,1.5798,0.8753,0.7939,0.0043,0.0028,0.6303,0.9957,0
93344,2049.689,436.4037,289.1247,0.749,344.7452,0.9277,100616,0.6573,1.5094,0.2792,0.79,0.0047,0.0031,0.6241,0.9419,0
95646,1201.899,473.984,259.0962,0.8374,348.9703,0.9846,97146,0.7337,1.8294,0.832,0.7362,0.005,0.0027,0.5421,0.9916,0
78516,1735.157,430.8831,247.1158,0.8192,316.1798,0.8993,87307,0.6943,1.7436,0.3277,0.7338,0.0055,0.0031,0.5385,0.9389,0
98748,1202.085,443.2601,284.5458,0.7668,354.5841,0.988,99952,0.7643,1.5578,0.8588,0.7999,0.0045,0.0029,0.6399,0.9968,0
84925,1264.473,463.559,235.1811,0.8617,328.8311,0.9751,87098,0.6506,1.9711,0.6675,0.7094,0.0055,0.0028,0.5032,0.9918,0
79779,1489.546,456.6506,249.1166,0.8381,318.7127,0.8874,89901,0.5989,1.8331,0.4518,0.6979,0.0057,0.0031,0.4871,0.8929,0
69990,1146.668,460.8859,196.0485,0.905,298.5197,0.9836,71156,0.7233,2.3509,0.6689,0.6477,0.0066,0.0028,0.4195,0.9863,0
78122,2067.521,427.5836,319.6553,0.6642,315.3855,0.7377,105901,0.5854,1.3376,0.2297,0.7376,0.0055,0.0041,0.5441,0.7277,0
84116,1185.657,436.4557,250.6591,0.8186,327.2611,0.9579,87812,0.7727,1.7412,0.7519,0.7498,0.0052,0.003,0.5622,0.979,0
85071,2231.4341,478.1784,268.8441,0.827,329.1136,0.8331,102111,0.5591,1.7786,0.2147,0.6883,0.0056,0.0032,0.4737,0.8426,0
78161,2427.2271,433.29,273.8688,0.7749,315.4642,0.8389,93175,0.6549,1.5821,0.1667,0.7281,0.0055,0.0035,0.5301,0.8386,0
90816,2626.7109,427.4768,299.7759,0.7129,340.0449,0.8778,103459,0.6646,1.426,0.1654,0.7955,0.0047,0.0033,0.6328,0.9023,0
73636,2017.968,441.1263,310.9279,0.7094,306.1964,0.7366,99970,0.5035,1.4187,0.2272,0.6941,0.006,0.0042,0.4818,0.6836,0
82217,1127.793,433.8209,248.6817,0.8194,323.5459,0.9581,85812,0.7423,1.7445,0.8123,0.7458,0.0053,0.003,0.5562,0.9703,0
107677,1348.151,486.6298,282.8282,0.8138,370.2683,0.9848,109334,0.7706,1.7206,0.7445,0.7609,0.0045,0.0026,0.5789,0.9961,0
79688,1165.88,421.96,241.5242,0.82,318.5309,0.9836,81016,0.78,1.7471,0.7367,0.7549,0.0053,0.003,0.5698,0.9956,0
95049,1432.092,455.4469,267.4241,0.8095,347.8795,0.979,97091,0.7213,1.7031,0.5824,0.7638,0.0048,0.0028,0.5834,0.9936,0
69720,2097.374,439.0517,282.6853,0.7651,297.9434,0.7442,93680,0.5664,1.5531,0.1992,0.6786,0.0063,0.0041,0.4605,0.7152,0
97287,1349.113,451.3698,280.0938,0.7842,351.9512,0.9558,101790,0.6436,1.6115,0.6717,0.7797,0.0046,0.0029,0.608,0.9798,0
85833,1663.244,431.85,279.9519,0.7614,330.5843,0.9059,94748,0.6788,1.5426,0.3899,0.7655,0.005,0.0033,0.586,0.904,0
83296,1148.04,418.787,254.3169,0.7945,325.662,0.9837,84677,0.7406,1.6467,0.7942,0.7776,0.005,0.0031,0.6047,0.9958,0
96857,1219.075,478.2539,259.9478,0.8394,351.1725,0.977,99135,0.7409,1.8398,0.819,0.7343,0.0049,0.0027,0.5392,0.992,0
71581,1464.892,351.6846,275.7096,0.6208,301.8936,0.9179,77983,0.6848,1.2756,0.4192,0.8584,0.0049,0.0039,0.7369,0.9399,0
86383,2266.781,424.9349,283.5623,0.7448,331.6418,0.8891,97156,0.7221,1.4986,0.2113,0.7805,0.0049,0.0033,0.6091,0.9128,0
91551,2015.593,462.1863,264.305,0.8204,341.4182,0.9273,98725,0.7426,1.7487,0.2832,0.7387,0.005,0.0029,0.5457,0.9542,0
83638,1297.019,440.1802,242.8554,0.834,326.3299,0.9859,84835,0.7738,1.8125,0.6248,0.7414,0.0053,0.0029,0.5496,0.9962,0
84510,1160.535,427.4981,253.0739,0.8059,328.0266,0.9883,85512,0.7941,1.6892,0.7885,0.7673,0.0051,0.003,0.5888,0.9946,0
92918,1398.022,452.122,263.2379,0.813,343.9577,0.9807,94745,0.7565,1.7175,0.5974,0.7608,0.0049,0.0028,0.5788,0.994,0
76791,1936.09,426.5441,334.0877,0.6217,312.6873,0.7467,102843,0.5869,1.2767,0.2574,0.7331,0.0056,0.0044,0.5374,0.6861,0
99320,1427.223,491.8833,260.1354,0.8487,355.6096,0.9688,102517,0.7763,1.8909,0.6127,0.723,0.005,0.0026,0.5227,0.9883,0
87510,1563.703,395.9266,298.9806,0.6556,333.7981,0.9084,96336,0.7162,1.3243,0.4497,0.8431,0.0045,0.0034,0.7108,0.9413,0
98876,1222.9139,461.0934,276.0963,0.8009,354.8138,0.9818,100708,0.7272,1.67,0.8308,0.7695,0.0047,0.0028,0.5921,0.9889,0
92631,1260.752,468.0538,255.6497,0.8377,343.4261,0.9791,94609,0.7977,1.8308,0.7323,0.7337,0.0051,0.0028,0.5384,0.9857,0
79084,1239.109,446.011,227.0342,0.8607,317.3214,0.978,80866,0.7445,1.9645,0.6473,0.7115,0.0056,0.0029,0.5062,0.9944,0
96001,1209.672,473.9945,259.3766,0.837,349.6173,0.9932,96663,0.7563,1.8274,0.8244,0.7376,0.0049,0.0027,0.5441,0.9942,0
103994,1308.547,504.0231,263.6865,0.8522,363.8809,0.985,105579,0.7584,1.9114,0.7632,0.722,0.0048,0.0025,0.5212,0.9963,0
80972,1121.2209,430.2227,243.0307,0.8252,321.0868,0.9711,83385,0.7236,1.7702,0.8094,0.7463,0.0053,0.003,0.557,0.986,0
85950,1240.156,440.127,252.0768,0.8197,330.8095,0.9672,88869,0.7606,1.746,0.7023,0.7516,0.0051,0.0029,0.5649,0.9864,0
83708,1231.9399,444.9516,243.7199,0.8366,326.4664,0.9713,86185,0.7498,1.8257,0.6931,0.7337,0.0053,0.0029,0.5383,0.9828,0
98468,1281.744,474.5663,264.8584,0.8298,354.081,0.9854,99926,0.7473,1.7918,0.7532,0.7461,0.0048,0.0027,0.5567,0.9975,0
88178,1770.2791,442.576,266.8698,0.7977,335.0697,0.9281,95009,0.7341,1.6584,0.3536,0.7571,0.005,0.003,0.5732,0.9506,0
99319,1336.0389,485.2657,263.9267,0.8392,355.6078,0.9805,101299,0.7532,1.8386,0.6992,0.7328,0.0049,0.0027,0.537,0.9874,0
92868,1163.1219,435.7098,273.1259,0.7791,343.8651,0.992,93616,0.7304,1.5953,0.8626,0.7892,0.0047,0.0029,0.6228,0.9936,0
108521,1563.876,460.6884,306.4981,0.7466,371.7166,0.956,113510,0.7458,1.5031,0.5576,0.8069,0.0042,0.0028,0.651,0.9786,0
86307,2163.01,470.5336,267.7501,0.8223,331.4958,0.8747,98675,0.5767,1.7574,0.2318,0.7045,0.0055,0.0031,0.4963,0.8722,0
77386,1956.4351,450.4819,269.9047,0.8006,313.8963,0.8211,94245,0.6407,1.669,0.2541,0.6968,0.0058,0.0035,0.4855,0.8104,0
75586,1062.678,418.0323,231.1406,0.8332,310.2242,0.9911,76261,0.7593,1.8086,0.8411,0.7421,0.0055,0.0031,0.5507,0.996,0
99009,1199.3459,462.7371,275.226,0.8039,355.0524,0.994,99611,0.7096,1.6813,0.865,0.7673,0.0047,0.0028,0.5887,0.9898,0
90931,1124.2371,418.739,277.8192,0.7482,340.2601,0.9933,91545,0.7387,1.5072,0.9041,0.8126,0.0046,0.0031,0.6603,0.9952,0
89272,1173.181,460.2551,251.9546,0.8369,337.1419,0.9641,92598,0.7584,1.8267,0.8151,0.7325,0.0052,0.0028,0.5366,0.9802,0
94813,1183.624,457.7638,265.0254,0.8154,347.4474,0.9926,95523,0.7556,1.7272,0.8505,0.759,0.0048,0.0028,0.5761,0.9951,0
90092,1168.9091,424.2695,272.9402,0.7656,338.6867,0.9723,92658,0.7482,1.5544,0.8286,0.7983,0.0047,0.003,0.6373,0.9906,0
82814,2589.687,441.893,263.9256,0.802,324.7184,0.8914,92899,0.652,1.6743,0.1552,0.7348,0.0053,0.0032,0.54,0.9041,0
94554,1323.192,471.8111,262.4769,0.831,346.9725,0.9611,98382,0.7936,1.7975,0.6786,0.7354,0.005,0.0028,0.5408,0.9721,0
105052,1645.708,482.7813,289.5465,0.8002,365.7272,0.9399,111775,0.7191,1.6674,0.4874,0.7575,0.0046,0.0028,0.5739,0.9569,0
104872,1330.42,492.244,274.5856,0.83,365.4137,0.9675,108394,0.7543,1.7927,0.7445,0.7423,0.0047,0.0026,0.5511,0.9879,0
93612,1220.072,458.8475,260.5799,0.8231,345.2398,0.9887,94682,0.7801,1.7609,0.7903,0.7524,0.0049,0.0028,0.5661,0.9969,0
95548,2225.053,481.343,266.6153,0.8326,348.7915,0.9202,103838,0.7395,1.8054,0.2425,0.7246,0.005,0.0028,0.5251,0.948,0
97655,1329.3571,473.6825,264.9027,0.829,352.6162,0.9721,100459,0.7749,1.7881,0.6944,0.7444,0.0049,0.0027,0.5542,0.9909,0
97806,1301.2679,478.9996,263.3344,0.8353,352.8887,0.9726,100560,0.7663,1.819,0.7258,0.7367,0.0049,0.0027,0.5428,0.9873,0
99690,1210.12,454.6655,280.5211,0.787,356.2713,0.989,100797,0.7117,1.6208,0.8555,0.7836,0.0046,0.0028,0.614,0.9952,0
107831,1380.111,436.3386,320.24,0.6792,370.533,0.9619,112106,0.7476,1.3625,0.7114,0.8492,0.004,0.003,0.7211,0.9825,0
79562,1198.744,409.6232,253.7053,0.7851,318.2789,0.9695,82063,0.7404,1.6146,0.6958,0.777,0.0051,0.0032,0.6037,0.9748,0
92053,2746.7729,457.8702,295.9154,0.7631,342.3529,0.8668,106195,0.6856,1.5473,0.1533,0.7477,0.005,0.0032,0.5591,0.865,0
124008,2581.25,535.6422,307.1895,0.8192,397.3561,0.9361,132478,0.6855,1.7437,0.2339,0.7418,0.0043,0.0025,0.5503,0.9596,0
88086,2140.543,434.0049,280.0678,0.7639,334.8949,0.9114,96648,0.6344,1.5496,0.2416,0.7716,0.0049,0.0032,0.5954,0.9227,0
81625,1184.317,425.0785,248.45,0.8114,322.3789,0.9689,84248,0.7731,1.7109,0.7313,0.7584,0.0052,0.003,0.5752,0.9841,0
70736,1125.762,353.8412,256.9032,0.6877,300.1064,0.9714,72818,0.725,1.3773,0.7014,0.8481,0.005,0.0036,0.7193,0.9908,0
82086,1965.697,426.4612,289.211,0.7349,323.288,0.8634,95078,0.693,1.4746,0.267,0.7581,0.0052,0.0035,0.5747,0.8474,0
101538,2028.552,450.0862,300.9217,0.7436,359.5583,0.9308,109091,0.708,1.4957,0.3101,0.7989,0.0044,0.003,0.6382,0.9545,0
73040,2473.311,465.684,302.6644,0.76,304.9548,0.6975,104720,0.5385,1.5386,0.15,0.6549,0.0064,0.0041,0.4288,0.6598,0
109620,1279.4301,470.0632,297.6283,0.774,373.5941,0.9911,110603,0.7697,1.5794,0.8415,0.7948,0.0043,0.0027,0.6317,0.9976,0
77579,1171.609,409.9445,244.976,0.8018,314.2875,0.9626,80590,0.763,1.6734,0.7102,0.7667,0.0053,0.0032,0.5878,0.9836,0
62299,2065.304,404.3921,221.6103,0.8365,281.6408,0.8585,72570,0.6691,1.8248,0.1835,0.6965,0.0065,0.0036,0.485,0.8851,0
92363,1283.306,448.3569,263.7464,0.8087,342.9289,0.978,94442,0.7357,1.7,0.7048,0.7649,0.0049,0.0029,0.585,0.9945,0
83344,1579.481,458.4065,239.1979,0.8531,325.7559,0.9447,88226,0.7224,1.9164,0.4198,0.7106,0.0055,0.0029,0.505,0.9678,0
90317,2515.9939,489.0473,255.8651,0.8522,339.1094,0.8991,100448,0.7071,1.9113,0.1793,0.6934,0.0054,0.0028,0.4808,0.919,0
84846,1140.067,449.3629,241.3961,0.8435,328.6781,0.9898,85723,0.7474,1.8615,0.8203,0.7314,0.0053,0.0028,0.535,0.9959,0
67869,1748.365,403.0282,242.8356,0.7981,293.9617,0.8821,76939,0.6773,1.6597,0.279,0.7294,0.0059,0.0036,0.532,0.8829,0
104952,1309.203,470.0492,295.9375,0.7769,365.5531,0.9348,112267,0.7297,1.5883,0.7695,0.7777,0.0045,0.0028,0.6048,0.9606,0
86022,1314.343,466.0594,246.8569,0.8482,330.9481,0.93,92493,0.6602,1.888,0.6258,0.7101,0.0054,0.0029,0.5042,0.952,0
98828,1384.476,484.4311,261.0739,0.8424,354.7277,0.9847,100362,0.7856,1.8555,0.6479,0.7323,0.0049,0.0026,0.5362,0.9949,0
72466,1142.896,411.3409,227.908,0.8325,303.7542,0.9596,75520,0.7244,1.8049,0.6972,0.7384,0.0057,0.0031,0.5453,0.9842,0
75732,1959.224,426.8614,271.8388,0.771,310.5237,0.8196,92401,0.6432,1.5703,0.2479,0.7275,0.0056,0.0036,0.5292,0.831,0
92765,2088.561,462.1984,302.1831,0.7567,343.6743,0.8718,106412,0.6751,1.5295,0.2672,0.7436,0.005,0.0033,0.5529,0.8457,0
104138,1752.265,447.6554,316.7318,0.7067,364.1327,0.9179,113448,0.6514,1.4134,0.4262,0.8134,0.0043,0.003,0.6617,0.9352,0
92173,1324.228,493.4748,257.175,0.8535,342.576,0.924,99749,0.7063,1.9188,0.6605,0.6942,0.0054,0.0028,0.4819,0.9247,0
91766,1402.017,458.1723,259.6049,0.824,341.8188,0.9581,95776,0.7486,1.7649,0.5867,0.746,0.005,0.0028,0.5566,0.9823,0
83503,1990.199,449.6774,252.0933,0.8281,326.0664,0.9172,91040,0.7033,1.7838,0.2649,0.7251,0.0054,0.003,0.5258,0.9379,0
94442,1688.476,444.9857,272.5977,0.7904,346.7669,0.976,96765,0.7442,1.6324,0.4163,0.7793,0.0047,0.0029,0.6073,0.9913,0
72581,1884.7,430.123,229.6598,0.8455,303.9951,0.9351,77622,0.7234,1.8729,0.2568,0.7068,0.0059,0.0032,0.4995,0.9355,0
83504,1148.184,435.527,244.6119,0.8274,326.0684,0.9878,84535,0.7328,1.7805,0.796,0.7487,0.0052,0.0029,0.5605,0.998,0
74588,2208.238,465.0613,260.1631,0.8289,308.1694,0.7857,94927,0.6119,1.7876,0.1922,0.6626,0.0062,0.0035,0.4391,0.7849,0
84124,1540.0909,424.5667,262.0786,0.7867,327.2766,0.9365,89831,0.7376,1.62,0.4457,0.7708,0.005,0.0031,0.5942,0.9626,0
84710,1382.0341,463.5832,233.7686,0.8635,328.4146,0.9774,86669,0.7348,1.9831,0.5573,0.7084,0.0055,0.0028,0.5019,0.9952,0
112405,1324.533,522.2956,276.4228,0.8485,378.3101,0.9838,114251,0.7585,1.8895,0.8051,0.7243,0.0046,0.0025,0.5246,0.9913,0
83043,2538.2429,431.0484,269.7324,0.78,325.1671,0.8798,94393,0.6348,1.5981,0.162,0.7544,0.0052,0.0032,0.5691,0.9094,0
85854,1297,405.9485,273.5265,0.7389,330.6247,0.9571,89706,0.7301,1.4841,0.6413,0.8144,0.0047,0.0032,0.6633,0.9845,0
93151,1172.6121,457.2625,261.0984,0.8209,344.3886,0.9941,93707,0.7048,1.7513,0.8513,0.7532,0.0049,0.0028,0.5672,0.9934,0
89860,1214.767,457.44,250.5591,0.8366,338.2504,0.9898,90787,0.7713,1.8257,0.7652,0.7394,0.0051,0.0028,0.5468,0.9982,0
94177,1656.006,467.089,260.4421,0.8301,346.2801,0.9668,97415,0.7526,1.7934,0.4315,0.7414,0.005,0.0028,0.5496,0.9857,0
95744,1344.74,486.1907,273.9415,0.8262,349.149,0.8889,107705,0.728,1.7748,0.6653,0.7181,0.0051,0.0029,0.5157,0.9153,0
101208,1277.932,489.2357,266.3607,0.8388,358.9736,0.9845,102805,0.7223,1.8367,0.7788,0.7337,0.0048,0.0026,0.5384,0.9889,0
91533,1915.9561,451.7373,267.9266,0.8051,341.3846,0.9395,97432,0.7333,1.686,0.3133,0.7557,0.0049,0.0029,0.5711,0.9629,0
90125,1821.601,464.186,255.759,0.8345,338.7487,0.9505,94816,0.708,1.8149,0.3413,0.7298,0.0052,0.0028,0.5326,0.9666,0
96253,1281.894,474.9414,275.0134,0.8153,350.0759,0.9325,103224,0.6724,1.727,0.7361,0.7371,0.0049,0.0029,0.5433,0.9383,0
88421,2138.689,454.0674,285.3913,0.7778,335.5311,0.8616,102622,0.6509,1.591,0.2429,0.7389,0.0051,0.0032,0.546,0.8688,0
79291,1166.0179,463.1125,218.9712,0.8812,317.7364,0.9823,80721,0.766,2.1149,0.7329,0.6861,0.0058,0.0028,0.4707,0.9955,0
80792,1166.574,449.6163,230.3301,0.8588,320.7297,0.9811,82352,0.7544,1.9521,0.746,0.7133,0.0056,0.0029,0.5089,0.9933,0
100658,1199.985,448.7871,286.8687,0.769,357.9969,0.993,101364,0.7231,1.5644,0.8784,0.7977,0.0045,0.0028,0.6363,0.9955,0
76331,1127.647,386.0785,265.0077,0.7272,311.7493,0.9502,80330,0.7188,1.4569,0.7543,0.8075,0.0051,0.0035,0.652,0.9499,0
77610,2529.5061,468.3093,275.3095,0.8089,314.3503,0.7914,98064,0.6101,1.701,0.1524,0.6712,0.006,0.0035,0.4506,0.7664,0
94645,2238.136,437.3349,298.0869,0.7317,347.1394,0.9072,104323,0.6587,1.4671,0.2374,0.7938,0.0046,0.0031,0.6301,0.9244,0
78502,1142.004,430.097,238.9188,0.8315,316.1516,0.9534,82343,0.7486,1.8002,0.7564,0.7351,0.0055,0.003,0.5403,0.9727,0
100334,1993.053,447.9268,298.6092,0.7454,357.4202,0.9359,107202,0.7714,1.5,0.3174,0.7979,0.0045,0.003,0.6367,0.9551,0
84808,1248.8621,483.3014,235.8735,0.8728,328.6045,0.9318,91015,0.6554,2.049,0.6833,0.6799,0.0057,0.0028,0.4623,0.9472,0
84968,1354.766,474.9597,236.1567,0.8676,328.9143,0.9371,90671,0.727,2.0112,0.5818,0.6925,0.0056,0.0028,0.4796,0.9645,0
88906,1175.347,440.6005,258.5942,0.8096,336.45,0.9854,90221,0.7665,1.7038,0.8087,0.7636,0.005,0.0029,0.5831,0.9935,0
81027,1084.517,417.0494,248.2852,0.8035,321.1959,0.9927,81623,0.7683,1.6797,0.8657,0.7702,0.0051,0.0031,0.5932,0.9963,0
82744,2236.5449,456.3524,244.885,0.8438,324.5812,0.92,89937,0.7185,1.8635,0.2079,0.7113,0.0055,0.003,0.5059,0.9427,0
86534,1176.656,439.8831,258.3506,0.8094,331.9315,0.9545,90662,0.745,1.7027,0.7854,0.7546,0.0051,0.003,0.5694,0.9695,0
96825,1296.358,491.1752,270.524,0.8347,351.1145,0.9026,107270,0.7302,1.8156,0.724,0.7148,0.0051,0.0028,0.511,0.9278,0
85841,1186.51,466.222,239.9589,0.8574,330.5997,0.9704,88463,0.7551,1.9429,0.7662,0.7091,0.0054,0.0028,0.5028,0.977,0
103155,1304.504,498.4672,270.8754,0.8395,362.41,0.954,108134,0.7631,1.8402,0.7617,0.727,0.0048,0.0026,0.5286,0.9727,0
100409,1219.521,467.7817,275.7984,0.8077,357.5538,0.992,101215,0.7639,1.6961,0.8484,0.7644,0.0047,0.0027,0.5842,0.9909,0
82939,1166.26,436.4992,244.8998,0.8278,324.9634,0.9861,84111,0.7453,1.7824,0.7663,0.7445,0.0053,0.003,0.5542,0.9879,0
78879,2580.9409,452.5663,254.4487,0.827,316.9099,0.8887,88762,0.6982,1.7786,0.1488,0.7003,0.0057,0.0032,0.4904,0.8721,0
92902,1569.4189,454.7281,264.4788,0.8135,343.928,0.9657,96199,0.7548,1.7193,0.474,0.7563,0.0049,0.0028,0.572,0.9835,0
85436,1072.366,388.1068,281.5912,0.6882,329.8189,0.9932,86021,0.7491,1.3783,0.9336,0.8498,0.0045,0.0033,0.7222,0.9954,0
97016,1251.105,454.2195,278.7213,0.7896,351.4607,0.9538,101717,0.7578,1.6297,0.7789,0.7738,0.0047,0.0029,0.5987,0.9757,0
86209,1154.542,429.7482,255.8428,0.8035,331.3076,0.9904,87043,0.7687,1.6797,0.8127,0.7709,0.005,0.003,0.5943,0.9983,0
84839,2476.2419,464.7022,251.1368,0.8414,328.6645,0.9127,92958,0.7131,1.8504,0.1739,0.7073,0.0055,0.003,0.5002,0.9256,0
80039,2340.4561,436.4743,272.2351,0.7817,319.2316,0.8573,93362,0.6467,1.6033,0.1836,0.7314,0.0055,0.0034,0.5349,0.8576,0
98475,1315.5601,483.5079,268.0578,0.8322,354.0936,0.9504,103618,0.759,1.8037,0.715,0.7323,0.0049,0.0027,0.5363,0.9674,0
84944,1162.719,420.212,261.0954,0.7835,328.8679,0.9639,88125,0.7583,1.6094,0.7896,0.7826,0.0049,0.0031,0.6125,0.9858,0
82442,2455.748,452.9133,274.1462,0.796,323.9883,0.86,95865,0.6383,1.6521,0.1718,0.7153,0.0055,0.0033,0.5117,0.8454,0
102311,2161.666,485.4601,279.3563,0.8178,360.9244,0.941,108725,0.7232,1.7378,0.2751,0.7435,0.0047,0.0027,0.5527,0.9606,0
81632,1301.9969,445.4909,235.2594,0.8492,322.3928,0.9739,83820,0.7546,1.8936,0.6051,0.7237,0.0055,0.0029,0.5237,0.9917,0
88111,2569.4829,420.8587,289.3067,0.7263,334.9424,0.9184,95937,0.7422,1.4547,0.1677,0.7959,0.0048,0.0033,0.6334,0.9214,0
90270,1370.538,428.9636,269.8232,0.7774,339.0211,0.9722,92847,0.74,1.5898,0.6039,0.7903,0.0048,0.003,0.6246,0.993,0
99297,1365.795,475.0481,269.5776,0.8234,355.5684,0.9854,100769,0.7223,1.7622,0.6689,0.7485,0.0048,0.0027,0.5602,0.9872,0
90627,1157.038,448.3503,258.7116,0.8167,339.6909,0.9861,91901,0.7904,1.733,0.8507,0.7576,0.0049,0.0029,0.574,0.9948,0
85250,1989.498,448.3463,271.5034,0.7958,329.4597,0.8892,95870,0.709,1.6513,0.2707,0.7348,0.0053,0.0032,0.54,0.8917,0
91103,1270.084,480.812,242.1371,0.8639,340.5818,0.9825,92724,0.7605,1.9857,0.7097,0.7083,0.0053,0.0027,0.5018,0.9963,0
94511,2069.553,463.567,275.8159,0.8037,346.8936,0.9229,102404,0.7212,1.6807,0.2773,0.7483,0.0049,0.0029,0.56,0.9412,0
83005,1122.7841,414.8105,255.9364,0.787,325.0927,0.9874,84064,0.726,1.6208,0.8274,0.7837,0.005,0.0031,0.6142,0.9955,0
84775,2203.3621,460.1037,280.1624,0.7932,328.5405,0.8533,99355,0.6691,1.6423,0.2194,0.7141,0.0054,0.0033,0.5099,0.8374,0
72602,2734.137,462.5924,236.962,0.8588,304.039,0.8461,85808,0.608,1.9522,0.122,0.6573,0.0064,0.0033,0.432,0.8433,0
82463,2182.4021,444.5504,282.1806,0.7727,324.0295,0.8725,94513,0.6909,1.5754,0.2176,0.7289,0.0054,0.0034,0.5313,0.837,0
74756,1106.542,373.2378,256.2109,0.7272,308.5163,0.9772,76502,0.7633,1.4568,0.7672,0.8266,0.005,0.0034,0.6833,0.9953,0
92622,1246.8101,440.5182,274.9561,0.7813,343.4094,0.9469,97815,0.7474,1.6021,0.7487,0.7796,0.0048,0.003,0.6077,0.9736,0
80701,1240.082,417.4089,250.9569,0.7991,320.5491,0.9586,84184,0.7698,1.6633,0.6595,0.7679,0.0052,0.0031,0.5897,0.9809,0
76093,1138.8781,424.5136,244.2908,0.8178,311.2629,0.9335,81516,0.6189,1.7377,0.7372,0.7332,0.0056,0.0032,0.5376,0.9342,0
85339,1373.15,441.409,247.7803,0.8276,329.6316,0.9743,87589,0.7246,1.7815,0.5688,0.7468,0.0052,0.0029,0.5577,0.9935,0
70508,1172.8311,415.4944,217.7195,0.8517,299.6224,0.9759,72251,0.7533,1.9084,0.6441,0.7211,0.0059,0.0031,0.52,0.9924,0
66318,1910.406,415.2187,240.6568,0.8149,290.5834,0.8513,77900,0.6505,1.7254,0.2283,0.6998,0.0063,0.0036,0.4898,0.845,0
90038,1285.9919,455.4125,253.3102,0.831,338.5852,0.9763,92227,0.7398,1.7978,0.6842,0.7435,0.0051,0.0028,0.5527,0.9938,0
79846,1376.293,472.9795,218.9997,0.8863,318.8465,0.9537,83726,0.7815,2.1597,0.5297,0.6741,0.0059,0.0027,0.4544,0.9815,0
70893,1603.609,404.6346,244.2402,0.7973,300.4393,0.87,81485,0.6574,1.6567,0.3464,0.7425,0.0057,0.0034,0.5513,0.9133,0
60571,1894.291,389.9319,239.6307,0.7889,277.7074,0.8091,74866,0.5966,1.6272,0.2121,0.7122,0.0064,0.004,0.5072,0.8254,0
85098,1326.608,453.3024,243.177,0.8439,329.1658,0.9524,89350,0.7455,1.8641,0.6076,0.7262,0.0053,0.0029,0.5273,0.9829,0
91730,1232.899,465.6707,252.9734,0.8396,341.7518,0.9883,92814,0.7707,1.8408,0.7583,0.7339,0.0051,0.0028,0.5386,0.9914,0
106514,1405.6541,473.1535,291.6611,0.7874,368.2633,0.9651,110364,0.7885,1.6223,0.6774,0.7783,0.0044,0.0027,0.6058,0.9827,0
82728,1541.515,424.8433,251.267,0.8064,324.5498,0.9646,85765,0.7249,1.6908,0.4375,0.7639,0.0051,0.003,0.5836,0.9867,0
69640,1018.376,398.9455,222.8999,0.8294,297.7724,0.9903,70321,0.7113,1.7898,0.8438,0.7464,0.0057,0.0032,0.5571,0.9971,0
95119,2062.6731,450.6327,282.3159,0.7794,348.0076,0.9272,102589,0.738,1.5962,0.2809,0.7723,0.0047,0.003,0.5964,0.952,0
79209,1251.63,391.5358,262.6503,0.7416,317.5721,0.9624,82300,0.6968,1.4907,0.6354,0.8111,0.0049,0.0033,0.6579,0.9807,0
87341,1223.04,463.3287,241.1915,0.8538,333.4756,0.9803,89097,0.8083,1.921,0.7337,0.7197,0.0053,0.0028,0.518,0.9951,0
110303,1546.769,457.5266,313.0015,0.7294,374.7561,0.9641,114405,0.7794,1.4617,0.5794,0.8191,0.0041,0.0028,0.6709,0.9807,0
90360,1305.957,445.8581,259.071,0.8139,339.1901,0.9824,91980,0.7703,1.721,0.6658,0.7608,0.0049,0.0029,0.5788,0.996,0
97942,1295.588,483.2561,259.9262,0.843,353.134,0.9751,100441,0.7674,1.8592,0.7332,0.7307,0.0049,0.0027,0.534,0.9928,0
106614,2191.052,496.1061,285.3656,0.818,368.4361,0.9444,112889,0.7441,1.7385,0.2791,0.7427,0.0047,0.0027,0.5515,0.9588,0
87349,1146.321,412.4142,272.7985,0.75,333.4909,0.982,88950,0.7682,1.5118,0.8353,0.8086,0.0047,0.0031,0.6539,0.9885,0
105631,1251.149,483.7486,280.8895,0.8142,366.7336,0.9923,106450,0.6845,1.7222,0.848,0.7581,0.0046,0.0027,0.5747,0.9898,0
90674,1205.551,463.2462,250.5961,0.8411,339.7789,0.9816,92375,0.7658,1.8486,0.784,0.7335,0.0051,0.0028,0.538,0.9945,0
89823,1266.802,450.1794,264.6333,0.809,338.1807,0.9356,96010,0.717,1.7011,0.7034,0.7512,0.005,0.0029,0.5643,0.96,0
89084,2043.235,424.6149,284.7247,0.7419,336.7867,0.9113,97758,0.7534,1.4913,0.2681,0.7932,0.0048,0.0032,0.6291,0.9382,0
94816,1210.531,486.3299,253.0745,0.8539,347.4529,0.984,96354,0.7289,1.9217,0.8131,0.7144,0.0051,0.0027,0.5104,0.9809,0
98290,2058.9761,437.2366,303.0911,0.7207,353.7608,0.928,105919,0.738,1.4426,0.2914,0.8091,0.0044,0.0031,0.6546,0.9443,0
84198,2138.2739,456.4354,253.3319,0.8318,327.4206,0.9122,92301,0.6809,1.8017,0.2314,0.7173,0.0054,0.003,0.5146,0.9271,0
87051,1207.609,425.294,275.8212,0.7612,332.9216,0.9368,92926,0.6308,1.5419,0.7501,0.7828,0.0049,0.0032,0.6128,0.9449,0
99449,1200.6021,456.6979,279.8051,0.7903,355.8404,0.9803,101447,0.7192,1.6322,0.867,0.7792,0.0046,0.0028,0.6071,0.9909,0
96452,1199.712,458.1165,271.4386,0.8056,350.4376,0.9716,99270,0.7725,1.6877,0.8421,0.765,0.0047,0.0028,0.5852,0.9876,0
88465,1134.158,448.4564,252.524,0.8264,335.6146,0.9935,89044,0.7494,1.7759,0.8642,0.7484,0.0051,0.0029,0.5601,0.9946,0
93543,1556.7419,467.6827,266.8364,0.8213,345.1125,0.9359,99955,0.7561,1.7527,0.4851,0.7379,0.005,0.0029,0.5445,0.9544,0
95011,1236.037,441.5882,281.9649,0.7696,347.8099,0.96,98973,0.7412,1.5661,0.7815,0.7876,0.0046,0.003,0.6204,0.9716,0
79307,1147.151,425.3987,249.9247,0.8092,317.7685,0.935,84816,0.6384,1.7021,0.7573,0.747,0.0054,0.0032,0.558,0.9498,0
97686,2266.385,474.3841,292.3679,0.7875,352.6722,0.8989,108671,0.6967,1.6226,0.239,0.7434,0.0049,0.003,0.5527,0.8968,0
101987,2245.0081,480.5264,282.3969,0.8091,360.3524,0.9446,107963,0.7172,1.7016,0.2543,0.7499,0.0047,0.0028,0.5624,0.9569,0
88683,1623.535,457.3598,275.4008,0.7984,336.0278,0.8623,102844,0.6646,1.6607,0.4228,0.7347,0.0052,0.0031,0.5398,0.8965,0
97474,1891.667,472.6911,270.9238,0.8194,352.2893,0.9475,102878,0.7669,1.7447,0.3423,0.7453,0.0048,0.0028,0.5554,0.9691,0
101830,1654.688,482.0597,276.0974,0.8197,360.075,0.9356,108843,0.726,1.746,0.4674,0.747,0.0047,0.0027,0.5579,0.9741,0
90638,1165.7321,466.5579,248.9237,0.8458,339.7115,0.9889,91658,0.7516,1.8743,0.8382,0.7281,0.0051,0.0027,0.5302,0.9937,0
104783,1258.2271,507.1621,264.8014,0.8529,365.2586,0.9934,105481,0.752,1.9153,0.8317,0.7202,0.0048,0.0025,0.5187,0.9934,0
84923,1199.219,469.3299,232.0247,0.8692,328.8272,0.9816,86519,0.6558,2.0228,0.7421,0.7006,0.0055,0.0027,0.4909,0.9929,0
95819,1201.66,472.6712,258.5608,0.8371,349.2858,0.9879,96989,0.7603,1.8281,0.8339,0.739,0.0049,0.0027,0.5461,0.9983,0
76256,1479.574,422.1981,249.2024,0.8072,311.5961,0.9147,83363,0.7071,1.6942,0.4377,0.738,0.0055,0.0033,0.5447,0.9228,0
81267,1095.214,427.2219,244.7146,0.8197,321.6712,0.9931,81834,0.7363,1.7458,0.8514,0.7529,0.0053,0.003,0.5669,0.9897,0
91594,2203.262,463.4515,264.5464,0.8211,341.4983,0.9367,97782,0.7464,1.7519,0.2371,0.7369,0.0051,0.0029,0.543,0.9512,0
72587,1089.3199,404.8062,241.2709,0.803,304.0076,0.9255,78430,0.7322,1.6778,0.7687,0.751,0.0056,0.0033,0.564,0.9463,0
105901,1342.899,502.0544,273.5204,0.8386,367.2021,0.9626,110019,0.7318,1.8355,0.7379,0.7314,0.0047,0.0026,0.5349,0.9819,0
76437,1181.916,457.7971,216.4241,0.8812,311.9657,0.9707,78747,0.5818,2.1153,0.6876,0.6814,0.006,0.0028,0.4644,0.9823,0
92504,1344.2419,464.9281,255.6932,0.8352,343.1906,0.9685,95514,0.6751,1.8183,0.6433,0.7382,0.005,0.0028,0.5449,0.9908,0
82668,1208.691,435.6503,242.6651,0.8305,324.4321,0.9791,84435,0.6522,1.7953,0.7111,0.7447,0.0053,0.0029,0.5546,0.9956,0
97587,1485.163,484.8851,260.8294,0.843,352.4934,0.9492,102813,0.6696,1.859,0.556,0.727,0.005,0.0027,0.5285,0.9824,0
94328,1187.499,468.946,257.9542,0.8351,346.5576,0.9863,95643,0.7801,1.8179,0.8406,0.739,0.005,0.0027,0.5461,0.9929,0
82074,1908.745,394.2888,286.9658,0.6858,323.2644,0.9127,89920,0.7167,1.374,0.2831,0.8199,0.0048,0.0035,0.6722,0.9236,0
91246,1285.021,452.9094,257.401,0.8228,340.849,0.9818,92938,0.6681,1.7595,0.6944,0.7526,0.005,0.0028,0.5664,0.9966,0
101482,1271.807,483.5645,269.1414,0.8308,359.4592,0.9897,102538,0.6833,1.7967,0.7884,0.7434,0.0048,0.0027,0.5526,0.9928,0
73590,1088.728,419.1899,224.427,0.8446,306.1008,0.9842,74769,0.6997,1.8678,0.7802,0.7302,0.0057,0.003,0.5332,0.996,0
79984,1119.152,422.6817,241.7404,0.8203,319.1219,0.9884,80923,0.7116,1.7485,0.8025,0.755,0.0053,0.003,0.57,0.9967,0
80425,1099.2,432.3026,238.8206,0.8336,320.0005,0.989,81322,0.7421,1.8102,0.8365,0.7402,0.0054,0.003,0.5479,0.9918,0
85994,1146.311,451.9298,242.7397,0.8435,330.8942,0.9905,86823,0.78,1.8618,0.8224,0.7322,0.0053,0.0028,0.5361,0.9981,0
85876,1153.936,457.1008,240.745,0.8501,330.6671,0.9919,86580,0.7176,1.8987,0.8104,0.7234,0.0053,0.0028,0.5233,0.9936,0
99259,1248.684,496.0889,255.606,0.857,355.5003,0.9905,100206,0.6827,1.9408,0.8,0.7166,0.005,0.0026,0.5135,0.9967,0
71781,1026.9139,392.7477,233.8112,0.8035,302.3151,0.9909,72443,0.79,1.6798,0.8554,0.7697,0.0055,0.0033,0.5925,0.9953,0
81460,1850.024,399.9521,279.8189,0.7145,322.0529,0.9059,89923,0.6371,1.4293,0.2991,0.8052,0.0049,0.0034,0.6484,0.9268,0
85178,2043.08,462.0688,247.9352,0.8439,329.3205,0.9123,93367,0.7118,1.8637,0.2564,0.7127,0.0054,0.0029,0.508,0.9467,0
96605,1221.4041,479.1618,257.4783,0.8434,350.7154,0.9908,97499,0.7722,1.861,0.8137,0.7319,0.005,0.0027,0.5357,0.997,0
78795,1124.814,450.0254,226.5335,0.8641,316.7411,0.9713,81125,0.782,1.9866,0.7826,0.7038,0.0057,0.0029,0.4954,0.9841,0
84745,1138.689,449.0708,240.7367,0.8442,328.4824,0.9914,85478,0.6908,1.8654,0.8213,0.7315,0.0053,0.0028,0.5351,0.9981,0
77192,1093.131,422.2624,233.0771,0.8339,313.5027,0.9862,78274,0.7788,1.8117,0.8118,0.7424,0.0055,0.003,0.5512,0.9986,0
81702,1133.639,447.4375,234.444,0.8517,322.5309,0.9903,82499,0.7556,1.9085,0.7989,0.7208,0.0055,0.0029,0.5196,0.9917,0
83490,1161.547,448.3226,251.6644,0.8276,326.041,0.9437,88472,0.6826,1.7814,0.7776,0.7272,0.0054,0.003,0.5289,0.9422,0
90292,1163.0601,451.864,257.3315,0.822,339.0624,0.9882,91367,0.7616,1.756,0.8388,0.7504,0.005,0.0028,0.563,0.9887,0
77847,1121.584,439.2617,230.6991,0.851,314.8299,0.9676,80453,0.7367,1.904,0.7777,0.7167,0.0056,0.003,0.5137,0.9781,0
94073,1234.496,468.1513,259.2259,0.8327,346.0888,0.9734,96646,0.69,1.806,0.7757,0.7393,0.005,0.0028,0.5465,0.987,0
97269,2058.1951,473.8028,271.5347,0.8195,351.9186,0.9393,103556,0.7537,1.7449,0.2885,0.7428,0.0049,0.0028,0.5517,0.9626,0
101982,2237.7319,463.6272,312.5454,0.7386,360.3436,0.8769,116293,0.6997,1.4834,0.2559,0.7772,0.0045,0.0031,0.6041,0.8961,0
99067,1220.4709,465.2032,273.1264,0.8095,355.1563,0.9922,99846,0.7438,1.7033,0.8358,0.7634,0.0047,0.0028,0.5828,0.9927,0
79308,1735.127,425.7291,257.9073,0.7956,317.7705,0.9044,87692,0.6954,1.6507,0.331,0.7464,0.0054,0.0033,0.5571,0.9197,0
93644,1543.316,473.1695,256.9796,0.8397,345.2988,0.9665,96894,0.7631,1.8413,0.4941,0.7298,0.0051,0.0027,0.5325,0.9806,0
91806,1219.03,459.5651,258.657,0.8266,341.8933,0.967,94936,0.7745,1.7767,0.7763,0.7439,0.005,0.0028,0.5535,0.9834,0
79882,1994.8571,464.4912,244.0047,0.8509,318.9184,0.886,90165,0.6998,1.9036,0.2523,0.6866,0.0058,0.0031,0.4714,0.8974,0
92049,1182.959,461.05,256.0674,0.8316,342.3455,0.9915,92839,0.7581,1.8005,0.8266,0.7425,0.005,0.0028,0.5514,0.9927,0
87207,1205.8311,461.0904,256.776,0.8306,333.2198,0.9184,94960,0.7032,1.7957,0.7537,0.7227,0.0053,0.0029,0.5223,0.9378,0
91169,1202.603,461.5725,252.2222,0.8375,340.7051,0.9855,92515,0.7823,1.83,0.7922,0.7381,0.0051,0.0028,0.5449,0.9971,0
81103,1560.489,432.7174,244.9128,0.8244,321.3465,0.9538,85030,0.7323,1.7668,0.4185,0.7426,0.0053,0.003,0.5515,0.9744,0
86506,1174.406,440.5459,256.7896,0.8126,331.8778,0.9578,90314,0.7293,1.7156,0.7882,0.7533,0.0051,0.003,0.5675,0.9736,0
98333,1193.415,426.856,294.9583,0.7229,353.8382,0.9903,99298,0.7499,1.4472,0.8676,0.8289,0.0043,0.003,0.6871,0.9944,0
86692,1206.1379,465.4858,238.6446,0.8586,332.2344,0.9812,88354,0.7767,1.9505,0.7489,0.7137,0.0054,0.0028,0.5094,0.9936,0
85432,1213.3979,390.3379,281.9793,0.6915,329.8112,0.9751,87611,0.7719,1.3843,0.7292,0.8449,0.0046,0.0033,0.7139,0.9883,0
74964,1164.3459,383.5821,251.818,0.7543,308.9452,0.9658,77616,0.7358,1.5233,0.6949,0.8054,0.0051,0.0034,0.6487,0.9881,0
99405,1213.478,464.8395,272.9653,0.8094,355.7617,0.9893,100481,0.7415,1.7029,0.8483,0.7653,0.0047,0.0027,0.5857,0.9975,0
86976,2043.899,460.4717,280.7823,0.7926,332.7781,0.8737,99546,0.6699,1.64,0.2616,0.7227,0.0053,0.0032,0.5223,0.8565,0
97711,1220.358,466.2684,267.6838,0.8188,352.7173,0.9905,98646,0.7555,1.7419,0.8245,0.7565,0.0048,0.0027,0.5722,0.9968,0
81211,1112.223,415.0408,249.8777,0.7985,321.5603,0.987,82281,0.7673,1.661,0.825,0.7748,0.0051,0.0031,0.6003,0.997,0
102976,1316.215,475.6606,277.3665,0.8124,362.0955,0.9779,105300,0.7715,1.7149,0.747,0.7612,0.0046,0.0027,0.5795,0.9938,0
88440,1244.879,470.5846,240.1923,0.8599,335.5671,0.9857,89724,0.6528,1.9592,0.7171,0.7131,0.0053,0.0027,0.5085,0.9962,0
109687,1509.652,487.157,290.3293,0.803,373.7082,0.9694,113148,0.7748,1.6779,0.6048,0.7671,0.0044,0.0026,0.5885,0.9874,0
106692,1291.66,507.0438,268.812,0.8479,368.5709,0.9878,108012,0.6352,1.8862,0.8036,0.7269,0.0048,0.0025,0.5284,0.9967,0
82173,1149.972,445.6447,239.1848,0.8438,323.4593,0.9712,84610,0.7616,1.8632,0.7808,0.7258,0.0054,0.0029,0.5268,0.9816,0
89703,1370.741,446.7176,259.7277,0.8136,337.9547,0.9588,93557,0.6966,1.7199,0.5999,0.7565,0.005,0.0029,0.5723,0.9844,0
88471,1222.2321,428.7156,263.4322,0.7889,335.6259,0.983,90003,0.7664,1.6274,0.7442,0.7829,0.0048,0.003,0.6129,0.9974,0
84269,1117.506,444.87,242.1734,0.8388,327.5586,0.9939,84787,0.7093,1.837,0.848,0.7363,0.0053,0.0029,0.5421,0.9959,0
109054,2177.3889,452.4198,330.4394,0.683,372.6283,0.9268,117667,0.7348,1.3691,0.2891,0.8236,0.0041,0.003,0.6784,0.9288,0
87128,1150.701,445.1925,252.3783,0.8238,333.0688,0.9912,87901,0.6852,1.764,0.8269,0.7481,0.0051,0.0029,0.5597,0.9873,0
76536,2473.856,429.8209,268.286,0.7813,312.1677,0.8191,93443,0.5999,1.6021,0.1572,0.7263,0.0056,0.0035,0.5275,0.8451,0
75528,1148.733,430.5677,224.5068,0.8533,310.1052,0.9806,77025,0.7591,1.9178,0.7192,0.7202,0.0057,0.003,0.5187,0.9948,0
95280,1284.781,478.7382,263.8698,0.8344,348.302,0.9352,101887,0.749,1.8143,0.7254,0.7275,0.005,0.0028,0.5293,0.9603,0
