x,y,cld,dtr,frs,pet,pre,vap,wet,elevation,dominant_land_cover,Class
90.380931,22.437184,41.6,12.8,0,2.3,1.7,15.7,0,147,2,1
87.854975,22.986757,40.5,13.3,0,2.4,0,16.3,0,145,2,1
85.279935,23.610181,27.3,13.6,0.08,2.3,0.6,13,0.98,158,2,1
81.56451,43.882221,45.3,12.8,31,0.4,8.8,0.9,4.64,178,2,1
81.161057,43.834976,38.8,13.2,31,0.4,10.5,1.2,1.69,185,3,1
81.248335,43.966008,38.8,13.2,31,0.4,10.5,1.2,1.69,185,3,1
81.074165,43.836019,38.8,13.2,31,0.4,10.5,1.2,1.69,185,3,1
81.547132,43.688309,45.3,12.8,31,0.4,8.8,0.9,4.64,178,2,1
81.239566,43.591386,38.8,13.2,31,0.4,10.5,1.2,1.69,185,3,1
81.324148,43.978094,38.8,13.2,31,0.4,10.5,1.2,1.69,185,3,1
81.419105,43.761281,38.8,13.2,31,0.4,10.5,1.2,1.69,185,3,1
80.985762,43.842698,43.6,13.3,31,0.4,11.1,1.6,1.52,183,3,1
80.998887,43.546925,43.6,13.3,31,0.4,11.1,1.6,1.52,183,3,1
80.800777,43.801366,43.6,13.3,31,0.4,11.1,1.6,1.52,183,3,1
81.25112,43.805409,38.8,13.2,31,0.4,10.5,1.2,1.69,185,3,1
80.866547,43.833523,43.6,13.3,31,0.4,11.1,1.6,1.52,183,3,1
81.31971,43.727804,38.8,13.2,31,0.4,10.5,1.2,1.69,185,3,1
81.206167,43.8284,38.8,13.2,31,0.4,10.5,1.2,1.69,185,3,1
80.79963,44.045009,43.8,13.2,31,0.5,11.9,0.8,4.87,167,2,1
80.90709,43.99365,43.6,13.3,31,0.4,11.1,1.6,1.52,183,3,1
81.12118,43.15416,45.1,13.7,31,0.5,7.1,0,2.08,203,3,1
35.330164,32.791981,57.2,8.1,0.15,1.7,114.1,11,15.38,167,2,1
35.306662,32.776675,57.2,8.1,0.15,1.7,114.1,11,15.38,167,2,1
35.028724,32.456501,54,8.3,0.74,1.7,102.9,10.4,14.83,191,3,1
35.435592,32.694453,57.2,8.1,0.15,1.7,114.1,11,15.38,167,2,1
35.465791,32.811608,57.2,8.1,0.15,1.7,114.1,11,15.38,167,2,1
35.63843,32.75435,56.2,8.2,1.21,1.6,87.2,10,13.09,159,2,1
82.661315,53.804183,61.6,8.6,31,0,7.6,1.1,7.49,156,4,1
47.9557,51.446,71.1,6.8,30.97,0.2,42.6,2.6,13.51,149,2,1
47.931788,51.445628,71.1,6.8,30.97,0.2,42.6,2.6,13.51,149,2,1
69.124549,55.569204,45.1,8.4,31,0,3.5,1.2,4.74,150,2,1
69.3242,55.4583,42.4,8.4,31,0,3.6,1.2,4.47,151,2,1
91.876,22.298,30.5,11.3,0,2.5,3.9,15.3,0,149,4,1
35.1877,31.5729,50.5,9.1,1.01,1.8,79.2,10.2,13.65,160,9,1
72.75143,54.55858,46.2,8.2,31,0,4.3,1.1,4.43,153,2,1
72.12187,54.98289,47,8.3,31,0,4.3,1.1,2.42,153,2,1
75.814718,54.955058,36.9,8.6,31,0,5.8,1,3.3,151,9,1
70.16604,55.937892,47.8,8.3,31,0,3.6,1.2,6.34,155,2,1
69.20185,55.6713,45.1,8.4,31,0,3.5,1.2,4.74,150,2,1
78.649628,54.917817,52.7,8,31,0,6.1,1,3.75,155,2,1
74.871614,54.81272,44.5,8.4,31,0,5.1,1,2.66,152,2,1
78.096482,54.92527,53.2,8,31,0,6,1,3.02,154,2,1
73.05368,54.323148,46.8,8.4,31,0,5.2,1.1,3.63,153,2,1
75.51794,54.84852,36.9,8.6,31,0,5.8,1,3.3,151,9,1
76.867777,55.05673,47.8,8.1,31,0,5.4,1,3.53,153,2,1
74.14463,54.5556,44.8,8.3,31,0,5.2,1,2.64,153,2,1
36.4843,34.9092,67.4,7.4,4.27,1.4,122.7,8.7,17.87,171,2,1
88.95,24.73,40.5,13.4,0,2.2,6.4,14.9,0.67,145,2,1
89.09,22.65,41.9,13.5,0,2.3,0.7,16,0.01,145,2,1
86.3711,20.9605,36.7,12.4,0,2.9,0,18.2,0,145,2,1
86.857682,21.636522,37,13.2,0,2.5,1.5,17.3,0.13,146,2,1
86.91667,21.585458,37,13.2,0,2.5,1.5,17.3,0.13,146,2,1
79.95024,52.49329,55.2,9.1,31,0.1,8.6,1,6.21,156,2,1
91.696838,24.589827,43.9,14,0,2,9.8,14.7,0.85,147,2,1
90.414794,24.721343,44,13.1,0,2.1,5.7,14.8,0.65,147,2,1
89.333251,23.136049,42.8,14.3,0,2.2,2.5,15.7,0.08,145,2,1
88.940108,24.542086,40.5,13.4,0,2.2,6.4,14.9,0.67,145,2,1
88.968374,25.835213,36.6,13.7,0,2.1,6.9,14.6,0.89,150,2,1
35.406541,33.050647,61.1,7.6,0.11,1.7,159.4,10.7,16.59,161,2,1
76.96952,55.81528,49.2,8,31,0,5.3,1,4.19,153,2,1
90.598,23.685,39,13.8,0,2.2,3.9,15.1,0.65,145,2,1
70.273,55.652,47.8,8.3,31,0,3.6,1.2,6.34,155,2,1
70.143763,55.924905,47.8,8.3,31,0,3.6,1.2,6.34,155,2,1
46.603424,51.29798,75.2,6.4,30.78,0.2,46.1,2.8,13.12,149,3,1
74.533353,55.081623,47,8.4,31,0.1,5.1,0.9,2.59,154,2,1
70.495382,55.609609,47.8,8.3,31,0,3.6,1.2,6.34,155,2,1
78.265121,54.895912,53.2,8,31,0,6,1,3.02,154,2,1
74.593919,55.048349,47,8.4,31,0.1,5.1,0.9,2.59,154,2,1
80.99361,43.54425,43.6,13.3,31,0.4,11.1,1.6,1.52,183,3,1
36.4821,35.3084,69.9,6.6,3.73,1.6,119.1,7.9,17.51,190,2,1
46.090064,50.729202,75.5,6.3,30.68,0.2,37.9,2.9,12.86,148,3,1
46.4737,50.634,75.5,6.3,30.68,0.2,37.9,2.9,12.86,148,3,1
35.14742,32.5347,57.2,8.1,0.15,1.7,114.1,11,15.38,167,2,1
35.386941,32.83736,57.2,8.1,0.15,1.7,114.1,11,15.38,167,2,1
35.60182,32.68543,56.2,8.2,1.21,1.6,87.2,10,13.09,159,2,1
35.52139,32.84946,56.2,8.2,1.21,1.6,87.2,10,13.09,159,2,1
35.59485,32.96377,56.2,8.2,1.21,1.6,87.2,10,13.09,159,2,1
35.10078,32.88721,57.2,8.1,0.15,1.7,114.1,11,15.38,167,2,1
35.6,32.8,56.2,8.2,1.21,1.6,87.2,10,13.09,159,2,1
35.571879,32.905111,56.2,8.2,1.21,1.6,87.2,10,13.09,159,2,1
51.97163,56.704273,66.1,6.2,31,0.1,48,1.9,21.36,155,4,1
52.057739,53.277093,65.5,7.3,31,0.2,37.3,1.8,16.12,159,2,1
71.765426,54.303234,47.5,8.4,31,0,4.5,1.2,2.45,153,2,1
72.288125,55.608657,49.8,8.3,31,0,4.5,1,3.51,153,2,1
48.42049,53.06498,71.9,6.3,31,0.1,46.4,2.3,18.35,154,2,1
49.0166,53.2418,71.9,6.2,31,0.1,45.1,2.2,18.77,151,2,1
50.769,53.569,67.2,6.3,31,0.1,47,2,18.65,144,2,1
43.47123,41.275959,65.3,10.1,31,0.4,35.8,2.2,8.96,200,2,1
48.682356,53.31121,71.9,6.3,31,0.1,45.3,2.3,18.45,160,2,1
52.0527,53.6039,66.9,6.9,31,0.2,38.4,1.8,17,149,2,1
63.242,56.924,62.9,7.6,31,0,8.4,1.5,3.69,156,4,1
71.599406,54.308897,47.5,8.4,31,0,4.5,1.2,2.45,153,2,1
72.579005,54.293137,45.8,8.3,31,0,5,1,3.9,155,3,1
73.552699,54.960695,48,8.1,31,0,5,1,2.71,153,2,1
51.795,53.928,66.9,6.9,31,0.1,41.5,1.9,17.74,152,2,1
63.7378,54.272,41.7,8.9,31,0,4.4,1.3,3.63,159,2,1
65.452267,55.51875,46,8.2,31,0,6.1,1.4,3.91,157,4,1
63.82546,54.43286,41.7,8.9,31,0,4.4,1.3,3.63,159,2,1
48.620115,53.367471,71.9,6.3,31,0.1,45.3,2.3,18.45,160,2,1
61.737598,55.391565,52.9,8.1,31,0.1,6.7,1.4,3.74,160,3,1
42.998808,41.637857,66.4,9.8,30.78,0.5,62.8,2.7,8.37,149,2,1
48.223867,52.720618,72.2,6.3,31,0.1,48.5,2.4,17.03,150,3,1
43.04024,41.63781,68.9,9.6,30.84,0.4,37.8,2.8,8.85,197,4,1
49.967458,53.578116,71.3,6.2,31,0.1,47.1,2.1,19.28,152,2,1
61.078315,54.968664,51.6,8.2,31,0.1,6.3,1.4,5.9,158,3,1
48.598902,52.848873,71,6.5,31,0.1,43.2,2.4,17.23,153,2,1
60.0987,54.013498,56.3,8.5,31,0.1,7,1.3,5.36,164,3,1
50.441284,53.011447,71.2,6.2,31,0.1,44.6,2.1,18.07,151,1,1
50.455518,53.173852,71.2,6.2,31,0.1,44.6,2.1,18.07,151,1,1
50.368106,53.155601,71.2,6.2,31,0.1,44.6,2.1,18.07,151,1,1
50.431088,53.098593,71.2,6.2,31,0.1,44.6,2.1,18.07,151,1,1
49.807109,53.052669,71.9,6.3,31,0.1,44.3,2.2,17.94,151,4,1
49.090837,53.378337,71.9,6.2,31,0.1,45.1,2.2,18.77,151,2,1
63.421231,54.671767,38,8.7,31,0,5.3,1.4,4.09,158,2,1
63.587311,54.676385,38.3,8.7,31,0.1,5.1,1.3,3.83,155,2,1
64.01455,54.652009,46.3,8.7,31,0.1,4.6,1.3,3.37,155,2,1
63.274788,54.358231,44.1,8.8,31,0.1,4.5,1.3,3.94,152,2,1
63.873514,54.656506,38.3,8.7,31,0.1,5.1,1.3,3.83,155,2,1
64.10991,54.342329,39.3,8.7,31,0,4.2,1.3,3.35,155,2,1
64.156846,54.77412,46.3,8.7,31,0.1,4.6,1.3,3.37,155,2,1
68.213566,55.074366,42.8,8.5,31,0,3.7,1.2,3.72,156,2,1
68.196559,55.111809,42.8,8.5,31,0,3.7,1.2,3.72,156,2,1
63.258643,54.6207,38,8.7,31,0,5.3,1.4,4.09,158,2,1
63.841314,54.68896,38.3,8.7,31,0.1,5.1,1.3,3.83,155,2,1
64.086675,54.626375,46.3,8.7,31,0.1,4.6,1.3,3.37,155,2,1
42.794891,41.698604,66.4,9.8,30.78,0.5,62.8,2.7,8.37,149,2,1
42.719268,41.668965,66.4,9.8,30.78,0.5,62.8,2.7,8.37,149,2,1
42.773602,41.674306,66.4,9.8,30.78,0.5,62.8,2.7,8.37,149,2,1
49.07513,52.850265,70.9,6.5,31,0.1,41.2,2.4,16.73,157,2,1
49.877967,52.997772,70.8,6.5,31,0.1,41,2.2,17.13,158,2,1
49.77079,53.039687,71.9,6.3,31,0.1,44.3,2.2,17.94,151,4,1
49.889646,53.118124,71.9,6.3,31,0.1,44.3,2.2,17.94,151,4,1
49.816844,52.849799,70.8,6.5,31,0.1,41,2.2,17.13,158,2,1
63.360682,54.354174,44.1,8.8,31,0.1,4.5,1.3,3.94,152,2,1
63.353109,54.303767,44.1,8.8,31,0.1,4.5,1.3,3.94,152,2,1
63.576414,54.291491,41.7,8.9,31,0,4.4,1.3,3.63,159,2,1
64.004208,54.336731,39.3,8.7,31,0,4.2,1.3,3.35,155,2,1
64.238059,54.361429,39.3,8.7,31,0,4.2,1.3,3.35,155,2,1
50.029927,53.22743,71.2,6.2,31,0.1,44.6,2.1,18.07,151,1,1
50.641825,53.109637,70.7,6.4,31,0.2,43.1,2,17.7,147,2,1
49.269036,53.152559,71.9,6.2,31,0.1,45.1,2.2,18.77,151,2,1
62.977607,54.567477,39.2,8.7,31,0,5.2,1.4,3.38,156,2,1
17.69,-17.67,67.5,13.2,0,4.1,139,19.6,13.3,183,3,1
15.45,-17.71,67.5,12.5,0,4.3,108,16.5,9.5,181,3,1
17.21,-17.56,67.5,13.3,0,4.2,129,18.9,12.7,184,3,1
16.02,-17.95,67.5,13.1,0,4.3,112,17.8,11.2,182,3,1
15.95,-17.48,70,13.1,0,4.3,104,16.3,9.7,182,3,1
16.28,-17.51,67.5,13.1,0,4.3,112,17.8,11.2,182,3,1
15.87,-17.48,70,13.1,0,4.3,104,16.3,9.7,182,3,1
16.37,-18.17,66.3,13.3,0,4.4,108,17.8,12,183,3,1
20.18,-17.89,67.5,11.9,0,3.8,167.2,22.1,15.24,183,3,1
18.5,-18.07,66.3,12.7,0,4,143,20.4,14.4,183,5,1
49.68818,52.980902,70.8,6.5,31,0.1,41,2.2,17.13,158,2,1
49.602486,52.950457,70.8,6.5,31,0.1,41,2.2,17.13,158,2,1
49.02,53.42,71.9,6.2,31,0.1,45.1,2.2,18.77,151,2,1
50.643142,53.233671,70.7,6.4,31,0.2,43.1,2,17.7,147,2,1
50.652361,53.079425,70.7,6.4,31,0.2,43.1,2,17.7,147,2,1
48.858764,53.507068,71.2,6,31,0.1,45.9,2.3,19.96,150,2,1
63.664276,54.568605,38.3,8.7,31,0.1,5.1,1.3,3.83,155,2,1
49.056908,53.394898,71.9,6.2,31,0.1,45.1,2.2,18.77,151,2,1
49.445011,53.087542,71.9,6.2,31,0.1,45.1,2.2,18.77,151,2,1
19.122602,43.155515,76.9,6,26.87,0.8,52.7,3.4,9.06,184,4,1
19.107739,42.553753,76.3,6,26.09,0.9,73.1,3.5,9.6,176,4,1
19.785956,42.736248,78.7,5.8,27.59,0.9,65.2,2.8,9.83,157,4,1
19.756191,43.036942,79.9,6.1,25.57,0.7,51.7,4.1,8.89,186,4,1
19.860373,42.837934,78.7,5.8,27.59,0.9,65.2,2.8,9.83,157,4,1
19.583587,42.960077,78.7,5.8,27.59,0.9,65.2,2.8,9.83,157,4,1
19.940754,42.600134,78.7,5.8,27.59,0.9,65.2,2.8,9.83,157,4,1
19.259364,42.43042,71.8,7,13.65,0.8,121.5,6.4,9.73,147,11,1
19.524081,42.820475,78.7,5.8,27.59,0.9,65.2,2.8,9.83,157,4,1
18.841038,43.154137,75.4,6,26.77,0.8,55.8,3.4,9.26,205,8,1
19.094363,42.95778,76.3,6,26.09,0.9,73.1,3.5,9.6,176,4,1
20.167063,42.840839,81.1,5.8,26.19,0.7,46.1,4,8.71,176,2,1
18.956166,42.780473,73.3,6.1,24.82,0.8,83.2,4.1,9.54,186,4,1
56.535,51.783,57.5,8.7,31,0.2,13.9,1.5,8.4,170,2,1
56.10634,51.879006,58.7,8.5,31,0.2,14.7,1.5,8.55,155,2,1
19.44,-28.69,26.6,16.6,0,7.3,16.3,13.5,4.22,155,8,1
49.214036,53.878185,71.3,6,31,0.1,44.7,2.2,21.6,148,2,1
15.69,-20.44,57.5,14.7,0,4.9,83,15.2,11.9,169,3,1
14,-18.19,67.5,8.9,0,3.8,74,13.5,8,192,3,1
14.81,-19.31,62.5,11.3,0,4.4,69,14.1,10,184,3,1
18.19,-25.19,36.3,14.8,0,6.7,39,14.1,6.5,181,3,1
18.19,-26.69,34.8,15.9,0,7.2,33,13.3,6.51,161,8,1
16.33,-17.51,67.5,13.1,0,4.3,112,17.8,11.2,182,3,1
15.94,-17.79,67.5,12.8,0,4.4,108,17.3,10.4,183,3,1
17.31,-18.44,66.3,13.5,0,4.3,123,18.8,13.3,182,3,1
16.72,-18.31,66.3,13.5,0,4.4,116,18,12.7,184,3,1
53.762398,53.982737,65.5,7.6,31,0.2,28.1,1.6,14.45,159,2,1
21.4578,39.2956,56.8,8,15.26,0.8,122.3,6.5,12.25,203,4,1
47.044996,50.723132,72.8,6.8,30.86,0.2,35.9,2.8,12.47,150,2,1
43.64954,51.109974,77.8,6,30.82,0.2,48.8,2.8,11.74,157,2,1
50.775044,53.70315,67.2,6.3,31,0.1,47,2,18.65,144,2,1
49.562929,52.992708,70.8,6.5,31,0.1,41,2.2,17.13,158,2,1
16.69,-18.56,63.8,14,0,4.5,111,18,13.4,181,3,1
16.2,-17.97,67.5,13.1,0,4.3,112,17.8,11.2,182,3,1
15.81,-17.56,67.5,12.8,0,4.4,108,17.3,10.4,183,3,1
16.5,-18.4,66.3,13.5,0,4.4,116,18,12.7,184,3,1
16.56,-18.06,66.3,13.5,0,4.4,116,18,12.7,184,3,1
16.46,-18.45,66.3,13.3,0,4.4,108,17.8,12,183,3,1
16.02,-17.87,67.5,13.1,0,4.3,112,17.8,11.2,182,3,1
16.12,-17.92,67.5,13.1,0,4.3,112,17.8,11.2,182,3,1
19.31,-17.81,67.5,12.4,0,3.9,152,20.7,14.8,184,3,1
16.32,-18.45,66.3,13.3,0,4.4,108,17.8,12,183,3,1
16.18,-17.73,67.5,13.1,0,4.3,112,17.8,11.2,182,3,1
18.31,-19.81,63.8,12.6,0,4.2,125,17.2,15.5,178,3,1
18.81,-21.06,60,13.7,0,4.6,93,17.1,13.7,191,3,1
18.14,-21.04,60,13.8,0,4.6,92,15.9,14,192,3,1
19.94,-17.94,67.5,12.2,0,3.9,157,21.1,15.1,181,3,1
19.69,-18.06,66.3,12.2,0,4,146.8,21.6,14.84,184,3,1
18.81,-23.56,43.8,14.2,0,5.7,53,15.5,9.5,184,3,1
19.96,-18.35,66.3,12.2,0,4,146.8,21.6,14.84,184,3,1
55.3434,51.0997,58.2,8.1,31,0.3,14.6,1.5,7.99,155,2,1
55.726,51.6714,59.5,8.3,31,0.3,15.8,1.5,8.88,151,2,1
56.71282,51.39945,59.3,8.7,31,0.2,12.6,1.5,6.18,169,2,1
46.875,51.273,75.2,6.4,30.78,0.2,46.1,2.8,13.12,149,3,1
20.127361,41.51844,81,6.6,24.49,0.8,79.1,4.4,10.8,131,4,1
20.542165,42.011851,81.2,6.3,27.14,0.8,57.7,3.4,10.57,144,4,1
19.5789,41.0503,71.1,8.3,12.33,0.9,103.8,6.9,11.11,170,2,1
19.601714,41.050567,71.1,8.3,12.33,0.9,103.8,6.9,11.11,170,2,1
19.632426,41.027939,71.1,8.3,12.33,0.9,103.8,6.9,11.11,170,2,1
19.55905,41.041167,71.1,8.3,12.33,0.9,103.8,6.9,11.11,170,2,1
19.78507,41.389714,71.1,8.3,12.33,0.9,103.8,6.9,11.11,170,2,1
20.47591,41.698409,81,6.6,24.49,0.8,79.1,4.4,10.8,131,4,1
20.425,41.5169,81,6.6,24.49,0.8,79.1,4.4,10.8,131,4,1
20.455143,41.816134,81,6.6,24.49,0.8,79.1,4.4,10.8,131,4,1
19.396799,41.914144,71.8,7,13.65,0.8,121.5,6.4,9.73,147,11,1
19.978714,40.936697,71.9,8.4,8.31,1.1,112.3,7.5,10.82,155,2,1
20.469019,42.180924,82,6,26.09,0.7,71.6,3.8,10.45,151,4,1
19.4333,42.2,71.8,7,13.65,0.8,121.5,6.4,9.73,147,11,1
19.547937,42.302799,78,5.9,26.58,0.9,78.4,3.1,10.44,152,4,1
20.458511,41.916958,81,6.6,24.49,0.8,79.1,4.4,10.8,131,4,1
20.445879,40.949295,78,7.3,23.68,0.8,93.4,4.8,11.21,191,4,1
20.730335,40.418043,71.1,7.3,25.15,0.7,89.5,4.3,11.33,192,4,1
20.394612,41.869161,81,6.6,24.49,0.8,79.1,4.4,10.8,131,4,1
19.894755,41.656342,73.6,7.7,14.72,0.8,117.4,6.5,10.6,150,4,1
19.525083,41.945408,73.6,7.7,14.72,0.8,117.4,6.5,10.6,150,4,1
20.389364,41.995731,81,6.6,24.49,0.8,79.1,4.4,10.8,131,4,1
20.253265,40.969276,78,7.3,23.68,0.8,93.4,4.8,11.21,191,4,1
20.0089,41.6103,81,6.6,24.49,0.8,79.1,4.4,10.8,131,4,1
19.997244,41.595927,73.6,7.7,14.72,0.8,117.4,6.5,10.6,150,4,1
20.055006,41.621262,81,6.6,24.49,0.8,79.1,4.4,10.8,131,4,1
19.806655,41.438381,71.1,8.3,12.33,0.9,103.8,6.9,11.11,170,2,1
20.630438,41.033306,80.1,6.7,25.04,0.7,59.6,4.4,10.81,151,2,1
20.2219,41.4917,79.1,7.1,24.03,0.8,80.6,4.7,11.17,158,3,1
20.267379,40.785355,78,7.3,23.68,0.8,93.4,4.8,11.21,191,4,1
20.278091,41.683358,81,6.6,24.49,0.8,79.1,4.4,10.8,131,4,1
20.097286,42.320066,82,6,26.09,0.7,71.6,3.8,10.45,151,4,1
20.035455,41.056754,79.1,7.1,24.03,0.8,80.6,4.7,11.17,158,3,1
20.070284,42.311189,82,6,26.09,0.7,71.6,3.8,10.45,151,4,1
19.985601,42.219648,78,5.9,26.58,0.9,78.4,3.1,10.44,152,4,1
19.661194,41.436491,71.1,8.3,12.33,0.9,103.8,6.9,11.11,170,2,1
20.159658,42.414187,82,6,26.09,0.7,71.6,3.8,10.45,151,4,1
19.999484,41.679562,73.6,7.7,14.72,0.8,117.4,6.5,10.6,150,4,1
19.862788,41.383256,71.1,8.3,12.33,0.9,103.8,6.9,11.11,170,2,1
20.377271,41.665616,81,6.6,24.49,0.8,79.1,4.4,10.8,131,4,1
20.35759,41.702025,81,6.6,24.49,0.8,79.1,4.4,10.8,131,4,1
20.364984,41.704708,81,6.6,24.49,0.8,79.1,4.4,10.8,131,4,1
20.312419,42.135139,82,6,26.09,0.7,71.6,3.8,10.45,151,4,1
20.503866,41.978124,81.2,6.3,27.14,0.8,57.7,3.4,10.57,144,4,1
20.006976,42.258798,82,6,26.09,0.7,71.6,3.8,10.45,151,4,1
20.045546,42.41943,82,6,26.09,0.7,71.6,3.8,10.45,151,4,1
20.010364,41.081944,79.1,7.1,24.03,0.8,80.6,4.7,11.17,158,3,1
20.423188,41.332938,79.1,7.1,24.03,0.8,80.6,4.7,11.17,158,3,1
19.716049,41.520006,73.6,7.7,14.72,0.8,117.4,6.5,10.6,150,4,1
19.493166,42.126216,71.8,7,13.65,0.8,121.5,6.4,9.73,147,11,1
19.56956,42.110426,78,5.9,26.58,0.9,78.4,3.1,10.44,152,4,1
19.644631,42.388598,78,5.9,26.58,0.9,78.4,3.1,10.44,152,4,1
20.409497,41.526126,81,6.6,24.49,0.8,79.1,4.4,10.8,131,4,1
20.357437,41.725774,81,6.6,24.49,0.8,79.1,4.4,10.8,131,4,1
20.267726,40.751691,78,7.3,23.68,0.8,93.4,4.8,11.21,191,4,1
19.535341,42.075695,78,5.9,26.58,0.9,78.4,3.1,10.44,152,4,1
19.848503,41.046899,71.1,8.3,12.33,0.9,103.8,6.9,11.11,170,2,1
20.422691,40.943668,78,7.3,23.68,0.8,93.4,4.8,11.21,191,4,1
19.438275,40.635803,71.9,8.4,8.31,1.1,112.3,7.5,10.82,155,2,1
19.744197,40.858354,71.9,8.4,8.31,1.1,112.3,7.5,10.82,155,2,1
20.400568,41.978723,81,6.6,24.49,0.8,79.1,4.4,10.8,131,4,1
19.79665,41.055496,71.1,8.3,12.33,0.9,103.8,6.9,11.11,170,2,1
19.900101,41.222631,71.1,8.3,12.33,0.9,103.8,6.9,11.11,170,2,1
19.697583,41.365915,71.1,8.3,12.33,0.9,103.8,6.9,11.11,170,2,1
20.085364,41.523342,81,6.6,24.49,0.8,79.1,4.4,10.8,131,4,1
19.492356,42.013959,71.8,7,13.65,0.8,121.5,6.4,9.73,147,11,1
19.491224,42.006746,71.8,7,13.65,0.8,121.5,6.4,9.73,147,11,1
19.880319,40.961653,71.9,8.4,8.31,1.1,112.3,7.5,10.82,155,2,1
20.469332,41.679854,81,6.6,24.49,0.8,79.1,4.4,10.8,131,4,1
19.391358,41.963888,71.8,7,13.65,0.8,121.5,6.4,9.73,147,11,1
20.039362,41.487639,79.1,7.1,24.03,0.8,80.6,4.7,11.17,158,3,1
20.126184,41.493603,79.1,7.1,24.03,0.8,80.6,4.7,11.17,158,3,1
20.451373,41.666703,81,6.6,24.49,0.8,79.1,4.4,10.8,131,4,1
20.100059,42.379039,82,6,26.09,0.7,71.6,3.8,10.45,151,4,1
19.529704,41.118788,71.1,8.3,12.33,0.9,103.8,6.9,11.11,170,2,1
19.925117,41.614329,73.6,7.7,14.72,0.8,117.4,6.5,10.6,150,4,1
19.7617,41.3778,71.1,8.3,12.33,0.9,103.8,6.9,11.11,170,2,1
20.060118,41.038619,79.1,7.1,24.03,0.8,80.6,4.7,11.17,158,3,1
20.008333,41.570394,81,6.6,24.49,0.8,79.1,4.4,10.8,131,4,1
19.988554,41.559053,73.6,7.7,14.72,0.8,117.4,6.5,10.6,150,4,1
19.986121,41.40851,71.1,8.3,12.33,0.9,103.8,6.9,11.11,170,2,1
19.959993,41.422945,71.1,8.3,12.33,0.9,103.8,6.9,11.11,170,2,1
20.50204,42.100976,82,6,26.09,0.7,71.6,3.8,10.45,151,4,1
20.490578,42.091857,82,6,26.09,0.7,71.6,3.8,10.45,151,4,1
19.532285,42.055954,78,5.9,26.58,0.9,78.4,3.1,10.44,152,4,1
19.544564,41.915077,73.6,7.7,14.72,0.8,117.4,6.5,10.6,150,4,1
20.054068,40.944768,78,7.3,23.68,0.8,93.4,4.8,11.21,191,4,1
19.833625,40.810631,71.9,8.4,8.31,1.1,112.3,7.5,10.82,155,2,1
20.187044,41.292089,79.1,7.1,24.03,0.8,80.6,4.7,11.17,158,3,1
19.535946,41.052866,71.1,8.3,12.33,0.9,103.8,6.9,11.11,170,2,1
19.411837,41.908762,73.6,7.7,14.72,0.8,117.4,6.5,10.6,150,4,1
20.0731,42.3572,82,6,26.09,0.7,71.6,3.8,10.45,151,4,1
20.429482,41.709403,81,6.6,24.49,0.8,79.1,4.4,10.8,131,4,1
19.494097,41.151936,71.1,8.3,12.33,0.9,103.8,6.9,11.11,170,2,1
20.406538,40.48651,72.5,7.5,23.8,0.8,110.7,4.7,11.5,181,4,1
19.5475,40.8828,71.9,8.4,8.31,1.1,112.3,7.5,10.82,155,2,1
20.297327,41.142503,79.1,7.1,24.03,0.8,80.6,4.7,11.17,158,3,1
20.122379,42.371421,82,6,26.09,0.7,71.6,3.8,10.45,151,4,1
20.217699,41.738258,81,6.6,24.49,0.8,79.1,4.4,10.8,131,4,1
20.101869,42.192886,82,6,26.09,0.7,71.6,3.8,10.45,151,4,1
19.839184,40.796731,71.9,8.4,8.31,1.1,112.3,7.5,10.82,155,2,1
20.27017,41.869087,81,6.6,24.49,0.8,79.1,4.4,10.8,131,4,1
20.278687,41.898793,81,6.6,24.49,0.8,79.1,4.4,10.8,131,4,1
20.324368,41.7175,81,6.6,24.49,0.8,79.1,4.4,10.8,131,4,1
19.715963,41.450739,71.1,8.3,12.33,0.9,103.8,6.9,11.11,170,2,1
19.561272,41.451062,71.1,8.3,12.33,0.9,103.8,6.9,11.11,170,2,1
19.50359,41.293654,71.1,8.3,12.33,0.9,103.8,6.9,11.11,170,2,1
20.358249,41.624272,81,6.6,24.49,0.8,79.1,4.4,10.8,131,4,1
20.302502,41.625287,81,6.6,24.49,0.8,79.1,4.4,10.8,131,4,1
19.908641,42.230868,78,5.9,26.58,0.9,78.4,3.1,10.44,152,4,1
19.711566,40.95833,71.9,8.4,8.31,1.1,112.3,7.5,10.82,155,2,1
19.903558,40.488851,73.3,8.3,12.07,1,141.6,7.2,11.79,176,4,1
19.747622,40.846793,71.9,8.4,8.31,1.1,112.3,7.5,10.82,155,2,1
19.412359,42.253744,71.8,7,13.65,0.8,121.5,6.4,9.73,147,11,1
19.54,41.2156,71.1,8.3,12.33,0.9,103.8,6.9,11.11,170,2,1
19.603762,41.581586,73.6,7.7,14.72,0.8,117.4,6.5,10.6,150,4,1
19.5,40.8167,71.9,8.4,8.31,1.1,112.3,7.5,10.82,155,2,1
19.498164,40.807024,71.9,8.4,8.31,1.1,112.3,7.5,10.82,155,2,1
19.806584,42.29604,78,5.9,26.58,0.9,78.4,3.1,10.44,152,4,1
48.79639,51.25119,69.3,7.2,31,0.1,35.7,2.5,12.56,148,2,1
48.20327,50.7759,68.9,7.2,30.98,0.2,33.8,2.6,11.84,152,2,1
48.57067,50.66697,68.7,7.4,31,0.2,30.2,2.5,11.16,148,3,1
47.62022,50.47634,70.5,7,30.9,0.2,28.5,2.7,11.06,147,8,1
55.883605,50.849988,57.5,8.3,31,0.3,12.6,1.5,4.08,158,2,1
53.545054,52.445971,61.6,8,31,0.3,20.8,1.6,10.37,162,3,1
16.19,-22.31,50,15.5,0,5.6,51,13.4,9.9,169,3,1
15.19,-20.81,57.5,13.1,0,4.9,54,15.7,9.1,183,3,1
13.39,-17.34,70,8.7,0,3.6,68,14.9,6.7,171,3,1
13.81,-17.94,68.8,9.5,0,3.8,75,14.7,7.5,194,3,1
18.31,-22.44,57.5,13.9,0,4.9,78,14.9,12.6,187,3,1
19,-22.31,57.5,14.2,0,4.8,78,15.6,12.3,185,3,1
14.4,-18.8,65,9.9,0,4.1,70,14.1,8.8,180,3,1
15.69,-17.94,67.5,12.8,0,4.4,108,17.3,10.4,183,3,1
18,-24.56,38.2,14.5,0,6.5,43,14.4,7.2,185,3,1
16.45,-17.47,68.8,13.2,0,4.2,112,17.2,10.6,182,3,1
15.56,-17.69,67.5,12.8,0,4.4,108,17.3,10.4,183,3,1
18.37,-21.07,60,13.8,0,4.6,92,15.9,14,192,3,1
17.69,-20.94,60,14.2,0,4.6,90,16.2,14.3,184,3,1
19.06,-22.69,55,14.4,0,5,71,16.3,11.4,185,3,1
20.116604,40.088827,72.5,7.5,23.8,0.8,110.7,4.7,11.5,181,4,1
20.59238,40.68323,77.9,7.2,25.04,0.7,67.8,4.6,10.84,158,3,1
20.24602,40.02238,72.5,7.5,23.8,0.8,110.7,4.7,11.5,181,4,1
19.62631,40.35514,73.3,8.3,12.07,1,141.6,7.2,11.79,176,4,1
19.92765,40.3604,73.3,8.3,12.07,1,141.6,7.2,11.79,176,4,1
20.31423,40.28203,72.5,7.5,23.8,0.8,110.7,4.7,11.5,181,4,1
20.0152,41.57542,81,6.6,24.49,0.8,79.1,4.4,10.8,131,4,1
19.96954,40.6863,71.9,8.4,8.31,1.1,112.3,7.5,10.82,155,2,1
20.03414,39.98679,66.7,8.6,12.33,0.8,150.9,7.6,12.3,158,4,1
20.60225,40.29317,71.1,7.3,25.15,0.7,89.5,4.3,11.33,192,4,1
20.43861,42.00101,82,6,26.09,0.7,71.6,3.8,10.45,151,4,1
20.94189,40.5962,77.9,7.2,25.04,0.7,67.8,4.6,10.84,158,3,1
19.53282,41.4193,71.1,8.3,12.33,0.9,103.8,6.9,11.11,170,2,1
19.72672,42.16849,78,5.9,26.58,0.9,78.4,3.1,10.44,152,4,1
19.6641,40.92414,71.9,8.4,8.31,1.1,112.3,7.5,10.82,155,2,1
19.90351,41.31854,71.1,8.3,12.33,0.9,103.8,6.9,11.11,170,2,1
20.40074,41.16128,79.1,7.1,24.03,0.8,80.6,4.7,11.17,158,3,1
19.79865,41.08352,71.1,8.3,12.33,0.9,103.8,6.9,11.11,170,2,1
19.56167,40.72062,71.9,8.4,8.31,1.1,112.3,7.5,10.82,155,2,1
20.5647,40.9472,77.9,7.2,25.04,0.7,67.8,4.6,10.84,158,3,1
20.07834,41.07534,79.1,7.1,24.03,0.8,80.6,4.7,11.17,158,3,1
19.70854,41.63529,73.6,7.7,14.72,0.8,117.4,6.5,10.6,150,4,1
20.33855,41.73144,81,6.6,24.49,0.8,79.1,4.4,10.8,131,4,1
19.76635,41.50053,73.6,7.7,14.72,0.8,117.4,6.5,10.6,150,4,1
20.24991,40.54884,78,7.3,23.68,0.8,93.4,4.8,11.21,191,4,1
19.6621,41.79994,73.6,7.7,14.72,0.8,117.4,6.5,10.6,150,4,1
19.57075,41.14099,71.1,8.3,12.33,0.9,103.8,6.9,11.11,170,2,1
44.464,48.5897,78.9,5.7,29.88,0.2,23.9,3.4,13.32,158,3,1
52.4078,51.6858,60.5,7.9,31,0.2,23.3,1.9,12.01,149,2,1
54.4654,50.9773,57.2,8.2,31,0.2,14.3,1.8,7.6,160,3,1
49.9928,51.5303,68.8,7.1,31,0.1,35.2,2.4,12.98,148,3,1
53.4912,51.9661,60.2,7.9,31,0.2,21.3,1.8,10.62,148,3,1
52.9518,51.6894,60.2,7.9,31,0.2,22.8,1.8,11.32,147,2,1
54.2277,50.9968,57.2,8.2,31,0.2,14.3,1.8,7.6,160,3,1
48.3538,50.0894,67.9,7.4,30.98,0.2,28.6,2.6,10.78,148,3,1
50.144374,51.4247,66.3,7.8,31,0.2,28.3,2.2,11.14,160,8,1
48.3646,50.0289,67.9,7.4,30.98,0.2,28.6,2.6,10.78,148,3,1
48.8167,50.0945,68.7,7.6,31,0.2,26.7,2.6,9.94,147,3,1
22.398256,42.224127,80.4,6.6,25.78,0.7,28.2,4.1,8.19,135,4,1
22.2081,42.3081,80.4,6.6,25.78,0.7,28.2,4.1,8.19,135,4,1
49.22778,51.17369,69.3,7.4,31,0.2,32.7,2.4,12.11,151,2,1
49.0046,51.2395,69.3,7.4,31,0.2,32.7,2.4,12.11,151,2,1
47.3755,51.384,73.7,6.7,30.91,0.2,46.2,2.7,13.66,153,2,1
49.12229,51.2049,69.3,7.4,31,0.2,32.7,2.4,12.11,151,2,1
48.562456,50.13715,68.7,7.6,31,0.2,26.7,2.6,9.94,147,3,1
48.73601,51.10293,69.3,7.2,31,0.1,35.7,2.5,12.56,148,2,1
22.386666,41.927361,81.1,6.7,23.8,0.6,25.3,5.2,7.26,185,2,1
20.904948,41.894963,81.2,6.3,27.14,0.8,57.7,3.4,10.57,144,4,1
19.8753,39.5806,66.9,8.1,9.03,0.9,101.3,7.9,10.96,165,2,1
18.6,-21.25,60,13.7,0,4.6,93,17.1,13.7,191,3,1
18.21,-20.95,61.3,13.7,0,4.5,95,17,14.3,189,3,1
18.47,-19.94,63.8,12.6,0,4.2,125,17.2,15.5,178,3,1
20.5486,39.2769,56.4,8.2,8.55,0.9,143.8,7.8,12.5,155,4,1
23.0361,40.5211,71.3,6.9,16.59,0.7,32.3,6.2,7.62,157,5,1
20.592008,43.089128,81.1,5.8,26.19,0.7,46.1,4,8.71,176,2,1
20.529048,43.159043,81.1,5.8,26.19,0.7,46.1,4,8.71,176,2,1
20.555876,43.116824,81.1,5.8,26.19,0.7,46.1,4,8.71,176,2,1
20.533445,43.123569,81.1,5.8,26.19,0.7,46.1,4,8.71,176,2,1
43.50543,42.769664,70.8,9.7,31,0.5,62.1,1.4,10.37,89,10,1
43.643618,42.701326,70.8,9.7,31,0.5,62.1,1.4,10.37,89,10,1
26.2517,41.3711,74.9,6.9,18.19,0.7,40.2,6.4,9.76,160,2,1
46.4533,43.0554,80.5,5.9,25.15,0.4,23.1,5,10.85,164,4,1
46.2827,43.0574,80.5,5.9,25.15,0.4,23.1,5,10.85,164,4,1
46.3977,43.01106,80.5,5.9,25.15,0.4,23.1,5,10.85,164,4,1
46.376,43.0961,80.5,5.9,25.15,0.4,23.1,5,10.85,164,4,1
46.2391,43.0741,80.5,5.9,25.15,0.4,23.1,5,10.85,164,4,1
46.3091,42.9789,74.1,7.8,31,0.5,40.1,1.7,10.43,107,2,1
45.3583,43.0986,80.2,6.7,25.99,0.4,24.8,4.9,11.03,159,2,1
45.5976,43.0912,81.6,6.2,25.68,0.4,23.6,5,11.19,157,4,1
45.606,43.0614,81.6,6.2,25.68,0.4,23.6,5,11.19,157,4,1
45.4057,43.0931,80.2,6.7,25.99,0.4,24.8,4.9,11.03,159,2,1
45.4544,43.0898,80.2,6.7,25.99,0.4,24.8,4.9,11.03,159,2,1
45.5156,43.0738,81.6,6.2,25.68,0.4,23.6,5,11.19,157,4,1
45.5566,43.0606,81.6,6.2,25.68,0.4,23.6,5,11.19,157,4,1
45.4743,43.1607,80.2,6.7,25.99,0.4,24.8,4.9,11.03,159,2,1
45.6213,43.1609,81.6,6.2,25.68,0.4,23.6,5,11.19,157,4,1
45.6527,43.064,81.6,6.2,25.68,0.4,23.6,5,11.19,157,4,1
45.5638,43.2286,81.6,6.2,25.68,0.4,23.6,5,11.19,157,4,1
45.5406,43.127,81.6,6.2,25.68,0.4,23.6,5,11.19,157,4,1
26.4294,41.6219,78.1,7,20.27,0.6,37.6,6.1,8.99,150,2,1
22.5439,40.3058,64.5,7.2,24.49,0.7,42.1,4.3,10.08,113,2,1
48.6,53.38,71.9,6.3,31,0.1,45.3,2.3,18.45,160,2,1
46.72,43.118,78.1,5.6,23.68,0.5,20.8,5.3,11.15,153,2,1
48.5069,53.61417,71.2,6,31,0.1,45.9,2.3,19.96,150,2,1
48.41148,53.59991,72.5,6.1,31,0.1,48.1,2.3,20.09,159,2,1
48.47855,53.52162,72.5,6.1,31,0.1,48.1,2.3,20.09,159,2,1
20.470778,41.547687,81,6.6,24.49,0.8,79.1,4.4,10.8,131,4,1
20.045586,41.560167,81,6.6,24.49,0.8,79.1,4.4,10.8,131,4,1
20.451037,40.937809,78,7.3,23.68,0.8,93.4,4.8,11.21,191,4,1
20.569969,40.893118,77.9,7.2,25.04,0.7,67.8,4.6,10.84,158,3,1
20.572095,42.022673,81.2,6.3,27.14,0.8,57.7,3.4,10.57,144,4,1
20.175737,42.371931,82,6,26.09,0.7,71.6,3.8,10.45,151,4,1
20.361076,42.227376,82,6,26.09,0.7,71.6,3.8,10.45,151,4,1
19.681935,41.133857,71.1,8.3,12.33,0.9,103.8,6.9,11.11,170,2,1
20.425864,41.623564,81,6.6,24.49,0.8,79.1,4.4,10.8,131,4,1
20.453598,41.566316,81,6.6,24.49,0.8,79.1,4.4,10.8,131,4,1
20.588139,40.809462,77.9,7.2,25.04,0.7,67.8,4.6,10.84,158,3,1
19.929574,42.276555,78,5.9,26.58,0.9,78.4,3.1,10.44,152,4,1
20.069578,42.354756,82,6,26.09,0.7,71.6,3.8,10.45,151,4,1
20.063662,42.331061,82,6,26.09,0.7,71.6,3.8,10.45,151,4,1
20.49821,41.684143,81,6.6,24.49,0.8,79.1,4.4,10.8,131,4,1
20.018595,42.329022,82,6,26.09,0.7,71.6,3.8,10.45,151,4,1
20.39304,41.712904,81,6.6,24.49,0.8,79.1,4.4,10.8,131,4,1
20.110678,42.327863,82,6,26.09,0.7,71.6,3.8,10.45,151,4,1
20.403505,41.823249,81,6.6,24.49,0.8,79.1,4.4,10.8,131,4,1
20.555155,40.871135,77.9,7.2,25.04,0.7,67.8,4.6,10.84,158,3,1
20.373197,41.671829,81,6.6,24.49,0.8,79.1,4.4,10.8,131,4,1
19.943987,42.257797,78,5.9,26.58,0.9,78.4,3.1,10.44,152,4,1
20.567041,42.03735,81.2,6.3,27.14,0.8,57.7,3.4,10.57,144,4,1
20.542166,42.011851,81.2,6.3,27.14,0.8,57.7,3.4,10.57,144,4,1
19.895259,42.274912,78,5.9,26.58,0.9,78.4,3.1,10.44,152,4,1
20.129885,42.397019,82,6,26.09,0.7,71.6,3.8,10.45,151,4,1
20.381694,41.660391,81,6.6,24.49,0.8,79.1,4.4,10.8,131,4,1
20.26663,42.119075,82,6,26.09,0.7,71.6,3.8,10.45,151,4,1
20.402659,41.848344,81,6.6,24.49,0.8,79.1,4.4,10.8,131,4,1
20.314048,41.955717,81,6.6,24.49,0.8,79.1,4.4,10.8,131,4,1
20.027238,42.301294,82,6,26.09,0.7,71.6,3.8,10.45,151,4,1
20.44588,40.949295,78,7.3,23.68,0.8,93.4,4.8,11.21,191,4,1
20.638713,41.050199,80.1,6.7,25.04,0.7,59.6,4.4,10.81,151,2,1
20.42667,41.959441,81,6.6,24.49,0.8,79.1,4.4,10.8,131,4,1
20.366613,41.794363,81,6.6,24.49,0.8,79.1,4.4,10.8,131,4,1
20.278688,41.898794,81,6.6,24.49,0.8,79.1,4.4,10.8,131,4,1
20.444974,40.883518,78,7.3,23.68,0.8,93.4,4.8,11.21,191,4,1
20.541357,40.767337,77.9,7.2,25.04,0.7,67.8,4.6,10.84,158,3,1
20.377272,41.665617,81,6.6,24.49,0.8,79.1,4.4,10.8,131,4,1
20.496907,41.575517,81,6.6,24.49,0.8,79.1,4.4,10.8,131,4,1
22.7278,39.8706,64.4,7.9,16.06,0.7,45.4,6.6,9.86,84,4,1
20.324368,41.717501,81,6.6,24.49,0.8,79.1,4.4,10.8,131,4,1
20.423959,41.792754,81,6.6,24.49,0.8,79.1,4.4,10.8,131,4,1
20.388981,41.693193,81,6.6,24.49,0.8,79.1,4.4,10.8,131,4,1
20.411505,41.994853,81,6.6,24.49,0.8,79.1,4.4,10.8,131,4,1
20.399377,41.950765,81,6.6,24.49,0.8,79.1,4.4,10.8,131,4,1
20.236988,42.18803,82,6,26.09,0.7,71.6,3.8,10.45,151,4,1
20.331414,42.225746,82,6,26.09,0.7,71.6,3.8,10.45,151,4,1
48.4881,53.59236,72.5,6.1,31,0.1,48.1,2.3,20.09,159,2,1
20.482472,41.814392,81,6.6,24.49,0.8,79.1,4.4,10.8,131,4,1
20.067938,41.432266,79.1,7.1,24.03,0.8,80.6,4.7,11.17,158,3,1
20.501668,41.810369,81.2,6.3,27.14,0.8,57.7,3.4,10.57,144,4,1
20.055221,41.544151,81,6.6,24.49,0.8,79.1,4.4,10.8,131,4,1
20.349314,41.930101,81,6.6,24.49,0.8,79.1,4.4,10.8,131,4,1
20.3469,41.9083,81,6.6,24.49,0.8,79.1,4.4,10.8,131,4,1
20.047068,42.250658,82,6,26.09,0.7,71.6,3.8,10.45,151,4,1
20.006977,42.258799,82,6,26.09,0.7,71.6,3.8,10.45,151,4,1
20.517801,41.97302,81.2,6.3,27.14,0.8,57.7,3.4,10.57,144,4,1
20.117392,42.396071,82,6,26.09,0.7,71.6,3.8,10.45,151,4,1
20.083755,42.34886,82,6,26.09,0.7,71.6,3.8,10.45,151,4,1
20.051467,42.339993,82,6,26.09,0.7,71.6,3.8,10.45,151,4,1
20.021467,42.290741,82,6,26.09,0.7,71.6,3.8,10.45,151,4,1
19.84,42.4114,78,5.9,26.58,0.9,78.4,3.1,10.44,152,4,1
20.089234,42.370071,82,6,26.09,0.7,71.6,3.8,10.45,151,4,1
20.357438,41.725775,81,6.6,24.49,0.8,79.1,4.4,10.8,131,4,1
20.097286,42.320067,82,6,26.09,0.7,71.6,3.8,10.45,151,4,1
20.080443,42.334794,82,6,26.09,0.7,71.6,3.8,10.45,151,4,1
20.10006,42.37904,82,6,26.09,0.7,71.6,3.8,10.45,151,4,1
20.102469,42.338936,82,6,26.09,0.7,71.6,3.8,10.45,151,4,1
20.35898,41.869151,81,6.6,24.49,0.8,79.1,4.4,10.8,131,4,1
20.307334,42.109789,82,6,26.09,0.7,71.6,3.8,10.45,151,4,1
20.588295,40.784962,77.9,7.2,25.04,0.7,67.8,4.6,10.84,158,3,1
19.924128,41.414369,71.1,8.3,12.33,0.9,103.8,6.9,11.11,170,2,1
19.922167,41.297294,71.1,8.3,12.33,0.9,103.8,6.9,11.11,170,2,1
20.553154,41.998248,81.2,6.3,27.14,0.8,57.7,3.4,10.57,144,4,1
20.536835,41.97872,81.2,6.3,27.14,0.8,57.7,3.4,10.57,144,4,1
20.441357,41.584045,81,6.6,24.49,0.8,79.1,4.4,10.8,131,4,1
20.403374,41.721499,81,6.6,24.49,0.8,79.1,4.4,10.8,131,4,1
102.25,23.25,58.6,8.9,2.6,1.9,32.7,9.2,14.12,215,4,0
102.75,23.25,65.5,7.8,1.66,1.8,28.1,9.2,12.31,181,3,0
103.25,23.25,66.5,6.6,2.31,1.7,30.1,8.6,6.13,151,4,0
103.75,23.25,74,5.4,6.71,1.6,31.8,6.6,9.06,163,3,0
104.25,23.25,76.6,4.7,4.45,1.6,31.8,7,9.03,174,4,0
104.75,23.25,79.4,4.7,3.91,1.5,18.6,7.3,9.05,195,3,0
105.25,23.25,81.8,4.4,3.56,1.5,18.3,7.5,8.62,174,2,0
105.75,23.25,86.3,3.4,1.91,1.4,17.9,8.1,8.27,156,4,0
106.25,23.25,85.9,3.4,2.75,1.5,15.1,7.4,8.11,175,4,0
106.75,23.25,88.5,3.8,1.66,1.5,15.6,7.8,8.15,169,4,0
107.25,23.25,90.3,4,1.31,1.5,17.7,7.9,7.9,168,4,0
107.75,23.25,90.6,3.8,0.83,1.5,16.3,8.3,9.06,165,4,0
108.25,23.25,83.7,3.9,1.91,1.4,15.8,7.9,9.49,155,4,0
108.75,23.25,85,4,2.6,1.4,13.8,7.7,8.62,155,2,0
109.25,23.25,81.5,3.8,3.06,1.5,15.3,7.3,8.5,150,4,0
102.25,22.75,56.1,7.8,0.74,1.8,33.2,10.4,16.14,195,4,0
102.75,22.75,62.7,6.8,1.11,1.8,32.9,9.5,13.37,180,4,0
103.25,22.75,72.2,4.9,0,1.8,39.6,10.2,10.19,178,4,0
103.75,22.75,78.3,3.9,0,1.9,38.5,10.2,9.98,160,4,0
104.25,22.75,79,3.7,0,1.8,31.1,9.3,8.88,154,2,0
104.75,22.75,81.4,3.8,0,1.7,22.2,9.4,8.86,137,4,0
105.25,22.75,84.8,3.7,0.01,1.6,18,9.5,8.37,162,4,0
105.75,22.75,86.3,3.6,0.74,1.5,16.3,8.7,8.57,173,4,0
106.25,22.75,87.8,3.7,0.52,1.5,15.3,8.9,8.08,169,4,0
106.75,22.75,88.6,3.8,0.52,1.5,16.7,8.9,8.3,175,4,0
107.25,22.75,89.1,3.9,0.39,1.5,15.5,8.9,8.06,170,4,0
107.75,22.75,87.1,3.9,0.45,1.5,16.4,8.9,8.77,147,4,0
108.25,22.75,88.9,4.4,1.66,1.4,15.7,8.5,2.6,159,4,0
108.75,22.75,86.2,4.5,1.78,1.4,14,8.5,7.62,148,4,0
109.25,22.75,82.2,4.3,2.04,1.5,13.7,8.3,7.04,152,4,0
102.25,22.25,58.7,7.6,0,1.9,40.4,12.1,17.87,147,3,0
102.75,22.25,64.1,6.5,0,2,40.7,12.1,14.75,150,5,0
103.25,22.25,71.1,5,0,1.9,35.1,11.3,12.4,183,4,0
103.75,22.25,78.8,4.1,0,2,31.8,10.2,11.15,149,5,0
104.25,22.25,77.9,3.7,0,2,29.1,11.8,9.27,161,4,0
104.75,22.25,81.4,3.6,0,1.8,20.9,11.6,8.34,142,2,0
105.25,22.25,84.8,3.2,0,1.7,16.1,10.8,8.66,162,4,0
105.75,22.25,86.3,3.3,0,1.6,14.4,9.9,8.61,160,4,0
106.25,22.25,87.8,3.6,0.28,1.5,14.5,9.1,8.62,163,4,0
106.75,22.25,87.2,4.3,0.23,1.5,14.9,9.6,8.17,140,4,0
107.25,22.25,86.4,4,0.15,1.5,14.6,9.7,7.82,157,4,0
107.75,22.25,85.2,4.2,0.39,1.5,15,9.5,8.41,177,4,0
108.25,22.25,86.7,4.2,1.31,1.4,13.1,9.1,8.16,151,4,0
108.75,22.25,84.6,4.4,1.54,1.4,12.1,9,6.53,153,4,0
109.25,22.25,82.3,4.4,1.78,1.4,12.4,8.8,5.68,149,4,0
102.75,21.75,62.3,6.8,0,2,41,12.3,14.82,154,5,0
103.25,21.75,73.5,5.6,0,2,35.8,11.9,13.14,138,5,0
103.75,21.75,77.4,4.6,0,2,31.9,11.1,11.63,162,5,0
104.25,21.75,76.3,3.9,0,2,23.5,9.2,12.64,195,4,0
104.75,21.75,79.7,3.4,0,1.9,18.8,11.7,9.39,143,4,0
105.25,21.75,83.4,3,0,1.8,15.7,11.9,8.89,147,2,0
105.75,21.75,86.1,3,0,1.7,14.2,11.1,8.78,148,2,0
106.25,21.75,86.2,3.3,0,1.6,13.1,10.1,8.51,152,4,0
106.75,21.75,86.3,3.8,0.06,1.6,14,9.9,7.56,168,4,0
107.25,21.75,82.5,4.2,0.23,1.6,13.2,9.8,6.98,183,4,0
107.75,21.75,85.6,4.1,0.45,1.5,13.3,9.5,7.53,103,4,0
108.25,21.75,85.6,4.1,0.59,1.4,11.3,9.8,7.18,141,4,0
108.75,21.75,84.9,4.9,0.52,1.4,12.5,10.3,6.63,144,4,0
109.25,21.75,83.6,5,0.59,1.5,15.8,10.1,4.96,144,2,0
103.25,21.25,66.9,6.5,0,2.1,32.2,12.7,12.45,133,4,0
103.75,21.25,72.6,5.6,0,2,28.1,12.3,10.91,164,2,0
104.25,21.25,73.7,4.2,0,2,25,10.9,12.64,156,4,0
104.75,21.25,77.9,3.7,0,2,20.6,11.2,11.21,182,4,0
105.25,21.25,82,2.8,0,1.9,13.5,12.2,9.4,152,2,0
105.75,21.25,82.7,2.5,0,1.8,12.4,11.9,9.17,147,2,0
106.25,21.25,85.9,2.8,0,1.7,12.1,11.4,7.06,154,2,0
106.75,21.25,81.6,3.4,0,1.6,11.9,10.9,6.46,149,4,0
107.25,21.25,81.6,3.8,0,1.6,13.3,10.5,7.51,150,4,0
104.75,20.75,72,4.2,0,2,24.4,11.1,12.32,122,5,0
105.25,20.75,73,3.5,0,2,19.8,11.3,10.27,159,4,0
105.75,20.75,78.8,2.6,0,1.8,10.3,11.9,9.14,145,2,0
106.25,20.75,82.7,2.8,0,1.7,10.9,11.8,6.15,145,2,0
106.75,20.75,79,3.3,0,1.8,13.2,11.9,6.09,147,2,0
104.75,20.25,65,4.7,0,2.2,32.3,12.5,13.18,176,5,0
105.25,20.25,67.8,4.5,0,2.1,27.7,12.2,9.91,169,4,0
105.75,20.25,71.7,3.8,0,2,14.8,12.5,8.29,144,2,0
106.25,20.25,77,3.9,0,1.9,13.9,12.5,5.4,147,2,0
104.75,19.75,61.4,6.8,0,2.2,29.6,12.6,11.12,198,4,0
105.25,19.75,62,6.1,0,2.2,31.4,13.1,8.44,156,4,0
105.75,19.75,65.8,5.1,0,2.2,21.5,13.4,7.27,145,2,0
104.25,19.25,51.8,8.4,0,2.2,21,12.9,10.16,165,4,0
104.75,19.25,55.8,7.9,0,2.3,30.4,13.3,8.74,168,2,0
105.25,19.25,56.4,7.4,0,2.3,33.1,13.8,6.96,167,2,0
105.75,19.25,59.8,6.5,0,2.3,27.9,13.9,5.26,148,3,0
108.75,19.25,72.7,5.4,0,2,32.2,13.7,5.31,147,2,0
109.25,19.25,73.5,5.9,0,1.9,23.7,12.7,7.01,170,4,0
105.25,18.75,51.6,8.6,0,2.5,32.6,13.7,5.43,145,4,0
108.75,18.75,71.5,5.5,0,2.1,46.5,13.8,5.71,165,4,0
109.25,18.75,72,5.7,0,2,39,13.1,7.67,163,4,0
105.75,18.25,48.3,9,0,2.6,31.7,14,3.4,156,4,0
105.75,17.75,43.2,10,0,2.6,30.2,14.2,2.6,123,4,0
106.25,17.75,48.1,8.5,0,2.6,31.5,14,2.16,161,4,0
106.25,17.25,45.8,9,0,2.6,24.1,14.2,1.47,180,4,0
106.75,17.25,48.6,6.9,0,2.6,44.5,15.3,1.64,145,2,0
106.75,16.75,47.2,7.5,0,2.5,34.3,15,1.56,126,4,0
107.25,16.75,50.4,4.7,0,2.4,83.2,16.7,2.08,145,2,0
107.25,16.25,48.8,6.9,0,2.4,52.8,15.2,2.41,161,2,0
107.75,16.25,53.1,5.4,0,2.4,83.1,16.4,3.23,178,4,0
107.25,15.75,49.4,8.4,0,2.4,35.2,14.8,2.63,160,4,0
107.75,15.75,51.1,6.7,0,2.4,65.1,16.1,3.72,183,4,0
108.25,15.75,53.1,5,0,2.6,78.2,17.8,3.55,130,5,0
107.75,15.25,49.1,7.6,0,2.4,44.3,16,3.5,190,4,0
108.25,15.25,51.9,6,0,2.4,66.7,17.6,4.34,180,4,0
108.75,15.25,54.2,4.6,0,2.6,76.6,19,4.77,151,2,0
107.75,14.75,48.1,7.8,0,2.5,33.2,17.1,3.02,170,2,0
108.25,14.75,51.1,6.8,0,2.4,49,16.9,4.44,181,5,0
108.75,14.75,52.8,5.2,0,2.6,62.8,18.4,4.71,159,4,0
107.75,14.25,48.3,8,0,2.7,29.8,18.4,2.84,164,4,0
108.25,14.25,50.2,7,0,2.5,40.8,17.9,4.34,182,4,0
108.75,14.25,53,5.4,0,2.6,54.6,19,4.66,143,4,0
107.75,13.75,47.2,7.8,0,2.9,29.1,20.3,2.99,159,2,0
108.25,13.75,49.2,6.6,0,2.7,40.4,19.9,3.95,160,2,0
108.75,13.75,51.2,5.6,0,2.6,46,20,4.7,160,4,0
107.75,13.25,48.2,7.8,0,3.1,28.6,21.5,2.86,158,2,0
108.25,13.25,51.1,7,0,2.8,35.5,20.4,4.64,178,4,0
108.75,13.25,51.8,5.7,0,2.8,42,20.9,4.8,140,2,0
109.25,13.25,53.7,4.7,0,2.9,48,21.2,4.8,147,2,0
107.75,12.75,50.3,8,0,3.1,25.3,21.2,3.99,168,4,0
108.25,12.75,51.6,7.1,0,2.8,33,20.8,5,169,5,0
108.75,12.75,53.2,6.3,0,2.7,38,20.8,5.6,180,2,0
109.25,12.75,54.8,5.2,0,2.9,46,21.3,5.6,100,2,0
107.25,12.25,51.1,9.1,0,3.2,15.7,21.3,4.02,180,4,0
107.75,12.25,52.4,8.3,0,2.9,24,20.7,5.1,188,4,0
108.25,12.25,53.7,7.7,0,2.7,29,20,5.9,170,5,0
108.75,12.25,55,7,0,2.6,34,19.7,6.7,161,4,0
106.75,11.75,53,9.5,0,3.5,12,23.1,3.59,145,2,0
107.25,11.75,54.5,8.6,0,3.3,19,22.4,4.2,164,4,0
107.75,11.75,55.7,8.1,0,3,25,20.9,5.9,180,4,0
108.25,11.75,57,7.5,0,2.7,32,20.1,6.7,165,2,0
108.75,11.75,56.8,6.5,0,2.8,41,21.3,6.8,116,2,0
106.25,11.25,53.8,9.7,0,3.7,11,24,3.8,145,2,0
106.75,11.25,56.8,9.4,0,3.5,14,23.4,4.4,148,2,0
107.25,11.25,60.4,8,0,3.3,23,23,5.2,147,11,0
107.75,11.25,59.4,7.3,0,3,31,21.8,6.3,156,5,0
108.25,11.25,59.1,6.3,0,3.1,42,22.7,6.8,140,2,0
108.75,11.25,59.8,5.7,0,3,51,23.1,6.9,140,2,0
105.25,10.75,50,8.7,0,3.8,26,25.3,3.94,145,2,0
105.75,10.75,54.3,8.9,0,3.7,23,24.8,4.4,147,2,0
106.25,10.75,58.9,9.1,0,3.6,21,24.2,5,145,2,0
106.75,10.75,62,8.8,0,3.5,21,23.7,5.6,145,2,0
107.25,10.75,62,6.7,0,3.3,31,23.4,6.2,160,5,0
107.75,10.75,62.7,5.9,0,3.2,42,23.7,6.9,143,2,0
104.75,10.25,52.7,8,0,3.7,44.1,25.7,5.25,145,2,0
105.25,10.25,54.6,8,0,3.7,40.9,25.4,5.59,147,2,0
105.75,10.25,58,7.9,0,3.6,39,25.1,6,145,2,0
106.25,10.25,61.3,7.8,0,3.6,36,24.6,6.3,147,2,0
105.25,9.75,55.3,7.5,0,3.7,57,25.6,7.2,145,2,0
105.75,9.75,61.1,7.4,0,3.6,56,25.3,7.4,145,2,0
106.25,9.75,64.2,6.8,0,3.5,56,25,7.9,147,2,0
105.25,9.25,58.4,7.1,0,3.7,74,25.9,8.6,147,2,0
105.75,9.25,63.8,6.8,0,3.5,74,25.8,9,144,2,0
25.75,41.75,76,7.3,22.97,0.6,39,5.6,8.09,170,2,0
26.25,41.75,78.1,7,20.27,0.6,37.6,6.1,8.99,150,2,0
26.75,41.75,78,7.2,18.71,0.7,44.1,6.4,9.74,153,2,0
27.25,41.75,72.9,6.7,18.19,0.7,53.6,6.3,10.47,154,2,0
27.75,41.75,74.7,6.8,18.98,0.7,60,6.2,11.14,148,4,0
32.75,41.75,75.1,6.8,18.19,0.7,83.1,6.2,14.53,206,4,0
33.25,41.75,75.2,6.1,24.49,0.7,70.6,4.6,14.86,198,4,0
33.75,41.75,76.4,6.1,24.26,0.7,65.9,4.7,15.35,188,4,0
34.25,41.75,76.4,5.7,23.56,0.7,71.2,4.7,15.22,150,4,0
34.75,41.75,75,5.6,22.01,0.9,69.2,4.6,15.41,190,2,0
35.25,41.75,76.2,5.2,9.77,1.1,78.8,6.2,15.84,137,11,0
41.75,41.75,68.3,6.9,9.03,1.2,168.2,6,11.2,153,4,0
42.25,41.75,65.2,9.3,29.37,0.6,89.4,3.3,8.7,112,4,0
42.75,41.75,66.4,9.8,30.78,0.5,62.8,2.7,8.37,149,2,0
43.25,41.75,68.9,9.6,30.84,0.4,37.8,2.8,8.85,197,4,0
43.75,41.75,72.3,9.9,30.93,0.4,36.4,2.6,9.31,210,4,0
44.25,41.75,74.7,8.9,29.49,0.4,38.4,3.6,9.07,181,4,0
44.75,41.75,75.9,7.7,25.36,0.6,32.5,4.8,8.09,148,4,0
25.75,41.25,72.7,6.9,22.25,0.8,45.2,5.2,8.97,161,2,0
26.25,41.25,74.9,6.9,18.19,0.7,40.2,6.4,9.76,160,2,0
26.75,41.25,78.4,6.8,18.19,0.7,48,6.4,11.23,153,2,0
27.25,41.25,73.9,7.5,17.13,0.7,54.4,6.8,12.59,151,2,0
27.75,41.25,72.7,6.9,15.26,0.8,50.1,7,13.2,158,2,0
28.25,41.25,74.5,6.4,12.6,0.9,65.4,7.2,13.43,153,4,0
28.75,41.25,75.4,6.1,9.77,0.9,81.2,7.6,14.43,153,4,0
31.75,41.25,75.4,6.3,13.12,0.8,73.8,6.3,14.41,177,2,0
32.25,41.25,69.7,5.6,21.02,0.6,94.4,5.4,13.1,160,4,0
32.75,41.25,72.3,6.3,24.26,0.6,78.5,4.9,13.48,143,2,0
33.25,41.25,74.8,6.2,25.15,0.6,56.6,4.5,13.84,148,2,0
33.75,41.25,76.1,6,25.88,0.6,45.6,4.1,14.46,185,2,0
34.25,41.25,74.9,5.6,25.15,0.6,56.8,4.2,15.24,195,4,0
34.75,41.25,74.4,5.9,24.15,0.7,54.4,4.4,15.38,209,4,0
35.25,41.25,74.3,6,19.75,0.8,57.4,5.1,15.1,159,4,0
35.75,41.25,74.2,6.1,19.5,0.8,63.7,5.1,15.05,173,4,0
36.25,41.25,75.3,6.1,11.81,1,74.4,5.9,14.44,161,3,0
36.75,41.25,73.7,6.2,5.85,1.1,90.8,6.9,14.11,147,2,0
41.25,41.25,62.8,7.5,20.27,0.8,94.5,4.9,9.77,190,4,0
41.75,41.25,62.4,8.3,27.5,0.6,56.7,3.6,8.27,124,4,0
42.25,41.25,60.7,9.9,30.73,0.5,60.2,2.6,8.28,202,4,0
42.75,41.25,61.6,10.3,31,0.4,42.4,2.1,8.81,152,3,0
43.25,41.25,65.3,10.1,31,0.4,35.8,2.2,8.96,200,2,0
43.75,41.25,67.4,9.8,31,0.5,46,1.7,9.3,203,4,0
44.25,41.25,74.8,9.5,30.52,0.4,31,3.2,9.2,197,4,0
44.75,41.25,76,8.2,26.87,0.5,30.2,4.4,8.08,155,2,0
26.25,40.75,71,6.8,14.99,0.8,46.5,6.8,10.88,169,2,0
26.75,40.75,73.4,7.2,18.19,0.8,55.2,6.4,12.05,166,4,0
27.25,40.75,75.3,6.9,15.26,0.9,66.7,6.7,13.13,152,4,0
30.25,40.75,77.5,7.2,13.39,0.9,67.2,6.7,14.02,138,11,0
30.75,40.75,76.5,7.2,20.52,0.7,65.4,5.6,13.88,160,4,0
31.25,40.75,74.6,7.7,22.97,0.7,52.1,5.4,13.86,187,4,0
31.75,40.75,72.9,7.1,25.57,0.7,59.6,4.3,12.89,187,2,0
32.25,40.75,71.6,6.7,25.04,0.6,70.8,4.5,12.77,174,3,0
32.75,40.75,73.4,6.8,26.58,0.6,69.1,3.9,13.13,161,2,0
33.25,40.75,74.5,6.6,26.96,0.6,57.5,3.8,13.74,176,3,0
33.75,40.75,74.3,6.1,25.99,0.6,45.4,4.1,14.25,134,2,0
34.25,40.75,74.3,6,25.04,0.6,54.7,4.3,14.91,157,4,0
34.75,40.75,74.3,6.5,23.21,0.6,47,4.9,15.18,137,4,0
35.25,40.75,74.2,6.7,24.26,0.7,48.2,4.5,15.71,183,2,0
35.75,40.75,74,6.8,23.56,0.7,51.5,4.6,15.39,176,2,0
36.25,40.75,75.1,6.9,23.68,0.8,58.1,4.4,15.39,130,2,0
36.75,40.75,74.8,7.3,23.68,0.8,61.9,4.4,13.55,181,4,0
37.25,40.75,73.3,8.1,24.82,0.8,63.4,4.3,13.37,159,2,0
37.75,40.75,72.8,8.7,25.36,0.7,66,4.2,13.14,199,4,0
38.25,40.75,71,7.9,26.39,0.7,62.7,3.7,12.96,192,4,0
38.75,40.75,69.4,7.9,25.47,0.7,62.7,4,12.55,186,4,0
39.25,40.75,66.6,8.2,25.99,0.7,53.1,3.8,11.2,200,4,0
39.75,40.75,63.6,9,26.58,0.7,44.4,3.8,10.22,218,3,0
40.25,40.75,62,8.8,27.67,0.6,41,3.7,10.6,162,2,0
40.75,40.75,60.9,9,30.25,0.7,41.2,2.2,9.91,225,3,0
41.25,40.75,60.5,8.9,30.62,0.8,43,1.7,8.73,110,8,0
41.75,40.75,60.1,8.9,29.18,0.7,35.4,2.8,7.67,207,8,0
42.25,40.75,59.7,9.6,30.45,0.5,35.9,2.8,7.77,175,2,0
42.75,40.75,59.4,10.1,31,0.4,34.4,2.5,8.81,221,3,0
43.25,40.75,61.6,9.4,30.98,0.4,27,2.7,9.03,194,2,0
43.75,40.75,71.3,9.9,30.95,0.3,28.3,3.1,9.51,176,2,0
44.25,40.75,67.4,9.4,31,0.5,39.1,1.6,10.88,213,3,0
44.75,40.75,68.5,9.4,30.93,0.5,31.7,2,11.9,119,4,0
26.75,40.25,71.5,7.1,15.26,1,75.5,6.5,12.51,174,2,0
27.25,40.25,73.9,7.2,13.39,1,74.2,6.8,13.16,147,2,0
27.75,40.25,76.6,7.1,12.07,0.9,74.5,7.2,13.22,155,2,0
28.25,40.25,76.2,7.6,12.07,1,84.4,7.2,13.37,144,2,0
28.75,40.25,75,8,12.6,0.9,78,7.1,12.82,150,2,0
29.25,40.25,74.3,7.7,17.66,0.9,86.9,6.1,12.94,139,2,0
29.75,40.25,75.9,7.3,17.66,0.8,59.6,6.1,12.83,168,4,0
30.25,40.25,77.3,7.3,20.77,0.7,52.2,5.7,12.85,183,4,0
30.75,40.25,76.4,7.2,23.45,0.7,51.1,5,13.05,170,2,0
31.25,40.25,74.2,7.4,24.6,0.7,49,4.6,12.74,196,4,0
31.75,40.25,73.3,7.4,24.71,0.6,49.9,4.7,12.54,192,8,0
32.25,40.25,74.9,7.7,24.93,0.7,55.6,4.6,12.33,138,3,0
32.75,40.25,74.2,7.3,25.78,0.7,56.2,4.2,12.79,170,2,0
33.25,40.25,75.4,6.9,26.39,0.6,50.3,4,13.36,198,2,0
33.75,40.25,77.9,6.5,24.37,0.6,48.3,4.7,13.72,183,3,0
34.25,40.25,74.2,6.5,23.68,0.6,48,4.7,14.59,183,2,0
34.75,40.25,74.2,7,24.26,0.7,53.8,4.6,15.45,177,2,0
35.25,40.25,72.2,7.4,25.25,0.6,56.8,4.3,15.86,155,8,0
35.75,40.25,73.2,7.5,24.93,0.7,53.9,4.4,15.36,170,8,0
36.25,40.25,74.1,7.3,25.25,0.7,54.4,4.3,14.96,199,2,0
36.75,40.25,74.1,7.4,25.88,0.7,51.5,4,13.2,199,4,0
37.25,40.25,72.6,8.2,27.5,0.7,49.6,3.6,12.88,216,4,0
37.75,40.25,70.7,8.3,28.17,0.7,48.1,3.3,12.84,203,2,0
38.25,40.25,71.3,7.5,26.77,0.6,53.2,3.7,12.95,190,11,0
38.75,40.25,68.5,8.1,28.17,0.7,47.1,3,12.26,212,9,0
39.25,40.25,65.6,8.4,26.96,0.7,40.4,3.7,11.27,149,4,0
39.75,40.25,62.7,9.5,28.48,0.6,31.3,3.5,11.33,148,2,0
40.25,40.25,61.4,10,30.45,0.7,37.7,2.3,10.99,198,8,0
40.75,40.25,61,8.7,30.8,0.7,40.3,1.5,10.73,185,9,0
41.25,40.25,60.6,8.5,30.52,0.7,32.3,2,9.97,210,3,0
41.75,40.25,60.2,8.7,30.03,0.6,29.1,2.6,8.95,163,2,0
42.25,40.25,61,9.2,30.12,0.5,27.1,3,8.7,152,2,0
42.75,40.25,60.5,9.6,30.68,0.5,31.8,2.9,9.11,150,3,0
43.25,40.25,61.4,9.3,30.98,0.4,33.8,2.5,9.25,102,8,0
43.75,40.25,66.9,9.1,30.17,0.4,23.8,3.6,8.79,175,3,0
44.25,40.25,69.3,8.8,29.43,0.4,20.5,3.6,8.61,157,2,0
44.75,40.25,65.2,9.1,30.49,0.5,24.3,2.5,10.53,208,3,0
26.25,39.75,69.3,5.9,6.49,1.3,74.6,7.9,11.46,170,5,0
26.75,39.75,69.6,7.5,12.6,1.1,86.7,6.9,12.14,191,2,0
27.25,39.75,70.8,7.3,14.45,1,88.3,6.5,12.42,179,4,0
27.75,39.75,73.5,7.7,13.92,0.8,76.8,7.1,12.42,171,2,0
28.25,39.75,72.5,7.8,16.59,0.8,77.2,6.5,12.34,169,2,0
28.75,39.75,71.8,8.2,18.45,0.8,77.7,6.1,12.15,164,2,0
29.25,39.75,73.4,8.5,22.49,0.8,88.3,5.5,11.95,193,4,0
29.75,39.75,75,8.1,24.15,0.7,79.8,5,12.45,195,4,0
30.25,39.75,76.6,8,24.15,0.7,50,5.1,12.31,167,2,0
30.75,39.75,76.8,7.5,23.68,0.7,40.5,5.1,12.26,194,8,0
31.25,39.75,73.4,7.2,23.68,0.7,42.4,4.9,11.79,166,3,0
31.75,39.75,73.5,7,22.49,0.7,38.8,5.2,11.51,157,8,0
32.25,39.75,74.3,7.7,23.68,0.7,40.7,5.1,11.94,145,2,0
32.75,39.75,72.1,7.3,24.6,0.7,45.5,4.7,11.66,166,2,0
33.25,39.75,75.7,6.9,24.49,0.7,48.9,4.7,11.85,194,8,0
33.75,39.75,75.7,6.3,23.45,0.7,52.7,4.9,13.02,156,2,0
34.25,39.75,73.1,6.6,22.73,0.7,52.2,5,14.1,182,2,0
34.75,39.75,71.9,7,23.91,0.7,63.7,4.8,15.36,180,2,0
35.25,39.75,71.2,7.8,25.36,0.7,59.9,4.4,15.79,172,3,0
35.75,39.75,70.9,8.1,26.68,0.6,60.1,4.1,14.84,184,2,0
36.25,39.75,72.3,7.9,27.41,0.6,54.9,3.8,13.67,202,8,0
36.75,39.75,72.1,7.2,27.23,0.6,51.6,3.8,13.1,167,2,0
37.25,39.75,71.6,7.9,28.17,0.6,45.7,3.6,12.51,198,8,0
37.75,39.75,70.9,8,28.09,0.6,43.5,3.5,12.05,197,3,0
38.25,39.75,70.2,7.4,27.05,0.7,48.3,3.7,12.12,152,3,0
38.75,39.75,68.7,7.7,28.09,0.6,52.5,3.3,12.09,203,9,0
39.25,39.75,65.9,8.8,29.18,0.6,54,3,12.03,141,9,0
39.75,39.75,65.4,9.1,29.88,0.6,51.2,2.8,11.54,78,4,0
40.25,39.75,64,9.1,29.37,0.6,48.8,3.1,10.82,168,2,0
40.75,39.75,62.3,9.1,29.88,0.6,38.5,2.9,10.07,215,3,0
41.25,39.75,61.9,8.1,30.21,0.5,28.5,2.7,9.08,209,3,0
41.75,39.75,61.5,8.5,30.03,0.5,25.3,3,8.29,164,3,0
42.25,39.75,62.4,8.6,30.3,0.5,29.1,2.8,8.4,206,9,0
42.75,39.75,64.4,9.1,30.55,0.5,27.6,3,9.01,200,2,0
43.25,39.75,62.7,9.3,30.88,0.4,37.7,2.7,9.42,189,3,0
43.75,39.75,59.4,8.8,30.38,0.5,27.1,2.8,8.98,119,2,0
44.25,39.75,59.8,8.5,28.32,0.5,17.2,3.7,7.4,233,9,0
44.75,39.75,62.7,8.3,27.76,0.5,19.4,3.8,8.09,176,4,0
26.25,39.25,66.2,6,4.45,1.4,104.7,8.2,11.39,132,2,0
26.75,39.25,64.2,7.3,5.64,1.3,97.9,8,11.28,145,11,0
27.25,39.25,66.5,8,11.81,1.1,94.8,7.1,11.36,131,8,0
27.75,39.25,68.2,8.4,14.19,0.9,85.1,7,11.28,158,4,0
28.25,39.25,68.8,8.2,17.13,0.8,84,6.4,11.24,178,2,0
28.75,39.25,69.5,8.3,18.98,0.8,98.4,6.1,11.29,173,4,0
29.25,39.25,71.4,8.7,22.25,0.8,96.1,5.4,11.2,182,3,0
29.75,39.25,72.9,8.5,23.91,0.8,76.6,5,11.57,184,8,0
30.25,39.25,75.4,8.1,24.26,0.8,54.4,4.9,11.68,185,2,0
30.75,39.25,75.4,7.5,24.26,0.8,40.4,4.8,11.49,177,2,0
31.25,39.25,73,7.1,22.73,0.8,35.9,5,10.79,179,2,0
31.75,39.25,74.1,7.3,22.25,0.8,35.1,5.2,10.45,173,2,0
32.25,39.25,73.7,7.5,23.56,0.7,38.3,5.1,10.34,177,3,0
32.75,39.25,72.3,7.3,24.93,0.7,46.4,4.6,10.98,167,3,0
33.25,39.25,73.4,7,24.15,0.7,57.6,4.9,11.52,191,8,0
33.75,39.25,72.2,6.5,23.68,0.8,64.7,4.8,12.43,180,2,0
34.25,39.25,72.1,7.1,24.03,0.7,61.5,4.8,14.74,191,2,0
34.75,39.25,70.7,7.7,24.15,0.8,62.9,4.7,15.04,186,2,0
35.25,39.25,70,9.1,26.48,0.7,60.2,4.2,14.53,167,2,0
35.75,39.25,68.7,9,28.25,0.6,54.3,3.7,14.42,215,3,0
36.25,39.25,68.8,8.6,27.23,0.6,55.6,4.1,12.91,197,2,0
36.75,39.25,69.8,8.3,27.76,0.6,46.9,4,12.25,198,2,0
37.25,39.25,72.1,8.7,28.98,0.6,41.9,3.7,11.67,179,2,0
37.75,39.25,71.4,8,28.01,0.6,40.6,3.7,11.52,207,3,0
38.25,39.25,71,6.9,25.99,0.7,50.7,4.1,11.71,171,8,0
38.75,39.25,67.6,7.8,28.55,0.7,56.5,3.1,11.92,107,8,0
39.25,39.25,66.1,9.4,29.05,0.6,68.4,3.3,11.49,173,4,0
39.75,39.25,67.2,10.1,30.08,0.6,57.9,2.9,10.96,143,4,0
40.25,39.25,66.7,9.6,28.01,0.7,74.2,3.4,10.66,161,4,0
40.75,39.25,64.9,9.5,29.49,0.6,56.7,3,10.4,175,2,0
41.25,39.25,64.5,8.6,29.93,0.6,43.9,2.9,9.9,164,8,0
41.75,39.25,65.4,9,30.08,0.5,38.5,3.2,8.97,187,8,0
42.25,39.25,64.9,8.1,28.48,0.5,36.2,3.8,8.25,184,2,0
42.75,39.25,63.2,8,28.91,0.5,32.9,3.6,8.81,157,3,0
43.25,39.25,59,9,30.03,0.6,28.2,3,8.99,144,8,0
43.75,39.25,55.5,8.9,30.21,0.6,32.5,2.7,8.89,160,3,0
44.25,39.25,54.2,8.3,30.03,0.5,25.5,2.8,8.31,197,5,0
44.75,39.25,57.8,8.5,28.09,0.5,22.6,3.8,7.69,183,5,0
27.25,38.75,64.7,8.1,9.52,1.2,107.1,7.3,10.91,160,4,0
27.75,38.75,65.7,9.1,12.86,1,95.7,7,10.41,156,2,0
28.25,38.75,66.3,8.9,15.79,0.9,89.4,6.6,10.1,185,2,0
28.75,38.75,66.9,8.5,18.19,0.9,99,6.1,10.28,156,2,0
29.25,38.75,67.9,8.4,19.5,0.9,82.9,5.7,10.31,180,4,0
29.75,38.75,70.9,8.4,21.52,0.9,62.6,5.4,10.4,148,2,0
30.25,38.75,74.9,8,23.45,0.9,49.6,4.9,10.93,184,2,0
30.75,38.75,75.3,7.7,23.45,0.9,40.1,4.9,11.26,172,2,0
31.25,38.75,73.9,7.2,22.97,0.9,42.9,4.7,11.19,124,8,0
31.75,38.75,73.4,7.8,23.33,0.8,40.9,4.9,10.01,170,2,0
32.25,38.75,74.3,8.2,24.26,0.8,33.4,4.8,8.94,191,3,0
32.75,38.75,72.4,8.2,24.93,0.8,42.1,4.7,9.87,174,2,0
33.25,38.75,73.6,7.8,24.03,0.7,50.1,5.1,10.7,180,11,0
33.75,38.75,71,7.5,24.15,0.8,53.9,4.8,12.69,170,2,0
34.25,38.75,70.8,7.3,23.45,0.9,60.2,4.8,13.81,188,3,0
34.75,38.75,69.4,7.2,23.8,0.9,60.5,4.6,15,183,2,0
35.25,38.75,67.6,9,25.88,0.8,51.5,4.3,14.71,166,2,0
35.75,38.75,67.8,9.7,27.84,0.7,52,4.1,12.95,208,4,0
36.25,38.75,66.5,9.2,28.4,0.6,55.7,3.8,12.2,181,2,0
36.75,38.75,70,8.5,27.92,0.6,55.1,3.9,11.89,210,3,0
37.25,38.75,71.1,8.3,28.55,0.6,47.3,3.8,11.48,167,9,0
37.75,38.75,71.5,7.5,27.92,0.6,46.8,3.7,11.32,205,3,0
38.25,38.75,69.9,6.6,24.82,0.7,58.2,4.5,11.57,162,3,0
38.75,38.75,67.8,6.9,25.78,0.6,64.9,4.2,11.55,200,4,0
39.25,38.75,69.1,8,24.26,0.7,40.5,4.8,11.1,200,8,0
39.75,38.75,68.6,8.7,25.99,0.6,49.7,4.4,10.47,167,8,0
40.25,38.75,68.1,8.8,26.19,0.7,57.3,4.2,10.77,196,4,0
40.75,38.75,67.6,8.7,26.77,0.7,58.2,4,10.62,216,3,0
41.25,38.75,69.6,8.9,28.98,0.6,53.4,3.5,10.47,199,8,0
41.75,38.75,69.2,7.8,28.84,0.5,55.5,3.6,9.62,182,2,0
42.25,38.75,63.7,6.7,26.19,0.7,50.1,4,9.29,213,3,0
42.75,38.75,60.2,7.2,26.19,0.7,36.5,4,8.97,186,11,0
43.25,38.75,54.8,7.9,26.77,0.7,34.1,4,9.07,209,8,0
43.75,38.75,51.6,8.7,29.55,0.5,35,3.3,9.08,204,3,0
44.25,38.75,51.7,9,30.62,0.5,26.2,2.5,9.01,217,8,0
44.75,38.75,56.6,8.8,29.18,0.5,25.8,3.5,8.4,177,5,0
26.75,38.25,63,7.5,3.91,1.5,127.2,8.3,11.83,143,4,0
27.25,38.25,62.5,8.5,6.49,1.4,117.2,7.7,11.08,150,4,0
27.75,38.25,64.4,9.4,10.02,1.1,112.1,7.5,10.25,154,2,0
28.25,38.25,64.1,9,14.99,1,105.2,6.7,9.94,124,2,0
28.75,38.25,65,8.2,14.99,1,93.9,6.3,9.54,167,2,0
29.25,38.25,66.1,8.4,15.79,1,73.4,6.1,9.31,167,8,0
29.75,38.25,69.7,8.7,18.71,1,54.6,5.7,9.61,171,3,0
30.25,38.25,70.6,8.3,21.02,1,56,5.1,10.27,186,2,0
30.75,38.25,73.7,7.6,21.77,0.9,62.5,4.9,11.28,138,11,0
31.25,38.25,73.1,7.5,22.25,0.9,62.8,4.8,12.11,190,3,0
31.75,38.25,73.6,8.1,24.15,0.8,51.3,4.5,10.44,192,2,0
32.25,38.25,74.2,8.4,24.93,0.7,42.8,4.6,9.01,186,2,0
32.75,38.25,73.6,8.2,24.37,0.8,37.6,4.9,9.11,180,2,0
33.25,38.25,72.2,7.8,23.8,0.8,40.9,5,9.7,182,2,0
33.75,38.25,71.1,7.8,23.45,0.8,43.8,5,10.89,183,2,0
34.25,38.25,69.7,7.1,24.03,0.9,40.5,4.5,12.11,194,2,0
34.75,38.25,68.4,7.1,24.15,0.9,50.1,4.5,14.1,186,1,0
35.25,38.25,67.8,7.2,24.71,0.8,60,4.4,12.23,183,8,0
35.75,38.25,68.6,8,26.87,0.7,64.3,4.1,11.46,188,2,0
36.25,38.25,69.3,8.4,28.48,0.7,83.1,3.5,12.73,172,2,0
36.75,38.25,70.9,8.3,28.25,0.7,80,3.5,12.69,132,3,0
37.25,38.25,72,8.2,28.84,0.6,60.5,3.4,11.59,186,2,0
37.75,38.25,71.8,7.5,28.32,0.6,60.9,3.4,11.6,208,3,0
38.25,38.25,69.2,6.8,25.47,0.7,55.6,4.2,11.42,199,2,0
38.75,38.25,68.9,6.7,23.91,0.8,53.6,4.6,11.17,93,3,0
39.25,38.25,67.6,7.3,24.15,0.8,47.7,4.6,11.03,118,8,0
39.75,38.25,66.9,7.5,16.59,0.9,48.9,5.5,10.93,162,2,0
40.25,38.25,66.2,8.3,20.27,0.8,48.9,5.6,10.37,180,3,0
40.75,38.25,66.8,9.1,23.21,0.8,52,5.6,10.29,146,9,0
41.25,38.25,67.5,8.8,24.49,0.7,53.8,5.1,10.29,166,2,0
41.75,38.25,66.9,8,25.88,0.7,71.9,4.4,10.41,193,4,0
42.25,38.25,61.2,6.1,24.82,0.8,69.2,4.2,10.32,215,4,0
42.75,38.25,56.3,6.6,25.99,0.8,47.8,3.9,9.67,228,9,0
43.25,38.25,51.2,7.6,27.14,0.7,37.9,3.9,9.83,190,4,0
43.75,38.25,50.5,8.1,29.18,0.6,36.5,3.3,9.31,178,2,0
44.25,38.25,51.6,8.5,30.3,0.5,28.5,2.9,9.1,157,2,0
44.75,38.25,59,8.8,28.98,0.5,31,3.9,8.88,151,5,0
26.75,37.75,67.7,7.6,4.84,1.6,103.2,8.4,13.03,175,2,0
27.25,37.75,59.8,8.8,5.23,1.6,120.6,8,11.85,155,11,0
27.75,37.75,63.4,8.7,11.04,1.1,128,7,11.57,158,4,0
28.25,37.75,64.1,8.8,13.39,1,129.5,6.8,10.84,202,3,0
28.75,37.75,65.1,8.4,17.13,1,117.2,6,10.15,162,2,0
29.25,37.75,66.5,8.7,19.75,1,84,5.6,9.65,208,4,0
29.75,37.75,68,8.6,20.52,1,63.3,5.4,9.77,197,2,0
30.25,37.75,69.4,8.9,14.99,1.1,55,6.1,10.13,183,2,0
30.75,37.75,71.4,8,21.02,1,71.4,5.1,11.5,134,4,0
31.25,37.75,73.2,7.7,24.6,0.9,74.9,4.3,11.73,154,4,0
31.75,37.75,74.9,8,23.56,0.8,72.1,4.9,10.92,181,2,0
32.25,37.75,72.8,7.3,24.37,0.8,66.4,4.6,10.11,172,8,0
32.75,37.75,72.3,7.8,23.45,0.8,50.3,5.2,8.8,180,2,0
33.25,37.75,72.9,8.1,24.26,0.8,37.8,5,8.82,181,2,0
33.75,37.75,71.9,8.3,24.03,0.9,38.5,5,9.22,212,8,0
34.25,37.75,70.9,7.8,23.09,0.9,43.7,5,9.84,183,8,0
34.75,37.75,69.7,6.9,24.6,0.9,51.4,4.3,11.31,186,3,0
35.25,37.75,69.4,6.7,26.39,0.9,75.9,3.6,12.25,71,4,0
35.75,37.75,67.6,7.4,20.52,0.9,113.3,5,11.9,142,4,0
36.25,37.75,69.6,7.2,24.03,0.8,115.6,4.7,12.69,182,3,0
36.75,37.75,70.3,7.6,25.25,0.7,114.1,4.5,12.7,184,4,0
37.25,37.75,71.2,8.1,26.39,0.7,81.8,4.1,11.77,140,9,0
37.75,37.75,69.5,7.5,23.21,0.8,73.6,5,12.18,185,2,0
38.25,37.75,66.6,7.3,15.52,1,80.7,5.8,11.88,161,2,0
38.75,37.75,64.2,7.5,12.07,1.1,63.6,6.2,11.19,178,2,0
39.25,37.75,63.7,7.9,13.65,1.2,58.2,6.1,10.87,169,2,0
39.75,37.75,63.8,7.9,18.71,1,60.3,5.5,10.63,195,3,0
40.25,37.75,62.9,8.7,18.45,0.9,54.7,6.1,10.7,174,2,0
40.75,37.75,63.4,8.2,17.92,1,56.9,6,10.58,180,2,0
41.25,37.75,62.9,8.3,18.45,1,53.3,6,10.89,161,8,0
41.75,37.75,61.2,8.2,15.52,1,59.7,5.9,11.17,160,3,0
42.25,37.75,57.6,7,18.45,0.9,66.6,5.3,11.02,202,4,0
42.75,37.75,54.7,6.9,24.15,0.8,64.8,4.4,10.49,157,4,0
43.25,37.75,50.6,7.6,28.63,0.7,51.7,3,10.25,187,4,0
43.75,37.75,50.2,8.2,29.72,0.6,51.6,3,9.04,154,8,0
44.25,37.75,56.5,9.5,30.76,0.5,46.6,3,9.95,220,9,0
44.75,37.75,59.9,9.4,30.52,0.4,35.7,3.3,9.33,168,5,0
27.75,37.25,61.8,8.4,5.85,1.4,137.5,8,12.97,156,2,0
28.25,37.25,64.9,8.1,10.78,1.1,173.5,7.1,12.88,172,2,0
28.75,37.25,64.8,8.8,15.52,1,145.4,6.4,11,171,4,0
29.25,37.25,65.7,9.4,22.01,1,99.8,5.4,10.09,101,2,0
29.75,37.25,67.7,9.1,23.45,1,74.3,4.9,10.02,166,8,0
30.25,37.25,66.3,9.2,18.98,1.1,60.2,5.6,9.74,133,2,0
30.75,37.25,67.2,8.7,11.29,1.2,110.5,6.5,10.98,109,8,0
31.25,37.25,70.4,7.8,21.52,0.9,98,5.1,12.13,164,5,0
31.75,37.25,72.1,6.6,24.6,0.8,89.6,4.2,11.96,185,5,0
32.25,37.25,70,6.8,23.45,0.9,105.9,4.7,12.59,189,2,0
32.75,37.25,70.5,7.3,23.09,0.9,82.8,5.1,11.84,202,4,0
33.25,37.25,73.1,7.7,22.97,0.9,48.9,5.2,10.21,182,3,0
33.75,37.25,72,7.4,24.26,0.9,58.7,4.5,10.07,197,3,0
34.25,37.25,72.2,6.1,26.96,0.9,73.8,3.1,11.47,221,8,0
34.75,37.25,67.3,7.2,17.39,1.1,128.6,5.4,11.54,120,4,0
35.25,37.25,61.4,6.7,2.31,1.4,176.7,6.9,11.07,148,11,0
35.75,37.25,61.4,7.6,1.11,1.5,145.9,7.5,11.75,146,2,0
36.25,37.25,65.9,6.8,5.85,1.1,140.5,6.9,13.17,145,2,0
36.75,37.25,70.9,6.6,14.72,0.9,131.4,5.9,13.52,108,2,0
37.25,37.25,69.4,7.2,16.06,0.9,99.9,5.9,13.65,186,2,0
37.75,37.25,67.5,7.6,13.92,1,77.3,6.3,12.64,179,2,0
38.25,37.25,64.5,8.4,11.81,1.1,69.7,6.7,11.78,178,2,0
38.75,37.25,62.1,8.2,11.04,1.1,63,6.7,11.56,167,3,0
39.25,37.25,62.9,8.9,12.86,1.1,58,6.7,10.67,175,3,0
39.75,37.25,62.2,9.4,15.52,1.1,59.8,6.5,9.96,168,1,0
40.25,37.25,61,9.5,14.72,1.1,57.1,6.7,10.48,166,2,0
40.75,37.25,60.2,8,13.39,1.2,62.5,6.3,10.92,163,2,0
41.25,37.25,58.2,7.5,12.33,1.3,60.5,6.2,11.61,163,8,0
41.75,37.25,57.6,8.4,11.81,1.2,61.5,6.6,10.85,159,3,0
42.25,37.25,56.8,8.6,10.02,1.2,67.2,6.9,10.83,164,2,0
42.75,37.25,55.1,8.5,16.86,0.9,65,6.1,10.74,180,3,0
43.25,37.25,53.8,7.9,23.56,0.8,61.8,5.2,10.64,126,3,0
43.75,37.25,54.5,8.5,27.14,0.6,59.7,4.4,10.8,202,3,0
44.25,37.25,57.8,9.8,29.49,0.5,56,4,10.47,78,3,0
44.75,37.25,60.1,9.4,30.52,0.5,45.7,3,10.23,217,2,0
27.75,36.75,65.3,7.8,2.75,1.6,89.7,8.5,11.63,141,11,0
28.25,36.75,63.1,7.8,1.01,1.4,150.7,9.3,13.14,123,4,0
28.75,36.75,62.5,9.5,3.22,1.3,165.6,9,11.86,135,2,0
29.25,36.75,63.6,9.7,13.65,1.1,131,6.9,11.13,183,5,0
29.75,36.75,65.8,9.1,24.37,1,84.7,4.4,9.97,132,5,0
30.25,36.75,64.6,9.3,21.52,1.1,76,5.1,10.12,210,8,0
31.75,36.75,66.6,6.9,5.23,1.3,148.5,7.4,13.21,169,4,0
32.25,36.75,69.4,6.6,23.09,1,133.2,4.6,13.36,176,4,0
32.75,36.75,69.4,6.9,23.33,1,120,4.7,13.85,122,4,0
33.25,36.75,70.5,7.4,18.19,1,104.3,5.7,12.63,177,8,0
33.75,36.75,70.8,6.8,23.45,1,108.1,4.5,12.09,141,5,0
34.25,36.75,65.9,7.3,9.03,1.3,146.7,6.5,12.13,134,4,0
35.25,36.75,61.5,8,2.17,1.6,165.1,8.4,11.86,145,2,0
36.25,36.75,67.3,6.4,4.27,1.3,140.4,7.4,14.48,186,4,0
36.75,36.75,71.1,6.1,5.64,1.2,106.4,7.3,15.11,176,2,0
37.25,36.75,70.4,7,9.77,1.1,81.3,6.8,14.33,153,2,0
37.75,36.75,67.6,7.9,10.27,1.1,67.6,7,13.58,169,2,0
38.25,36.75,64.6,9.3,11.55,1.2,57.5,7.1,12.32,171,8,0
38.75,36.75,63.8,9.4,11.04,1.1,50.7,7.2,10.88,164,2,0
39.25,36.75,63.3,10,12.07,1.1,45.8,7.2,10.19,166,2,0
39.75,36.75,61.3,10.6,12.6,1.1,47.1,7.1,10.25,170,2,0
40.25,36.75,59,10.8,13.12,1.1,47.1,7.2,10.61,166,2,0
40.75,36.75,55.7,9.9,10.78,1.3,43.8,7.4,12.59,163,2,0
41.25,36.75,54.9,8.9,8.79,1.4,48.6,7.4,13.04,162,2,0
41.75,36.75,55.4,9,8.08,1.3,53.9,7.5,12.42,167,2,0
42.25,36.75,56,9.2,9.03,1.2,58.1,7.6,12.99,163,2,0
42.75,36.75,55.7,9.5,9.52,1,55,7.9,13.22,162,11,0
43.25,36.75,55.8,9.6,15.52,0.8,53.8,7.3,12.05,139,9,0
43.75,36.75,54.7,8.9,21.27,0.7,60.2,6.3,10.98,167,2,0
44.25,36.75,56.9,9.1,24.49,0.6,54,5.7,10.01,167,5,0
44.75,36.75,59.4,9.9,27.84,0.6,46.8,4.6,9.95,212,5,0
29.75,36.25,65.1,9.4,7.38,1.3,137.6,7.7,11.34,185,2,0
32.75,36.25,69.5,6.4,14.72,1.2,142.7,5.8,13.87,81,4,0
33.25,36.25,66.8,7,8.79,1.4,137,6.7,12.99,134,2,0
33.75,36.25,64.6,6.8,2.75,1.7,152.5,7.6,12.42,113,5,0
36.25,36.25,70.5,5.9,3.06,1.4,151.2,8.1,15.46,164,2,0
36.75,36.25,71.5,6.3,4.84,1.3,96,7.9,15.94,171,2,0
37.25,36.25,72.6,7.2,8.55,1.1,60.6,7.6,17.77,171,8,0
37.75,36.25,69.1,8.2,9.52,1.2,52.1,7.5,14.32,163,2,0
38.25,36.25,63.9,8.9,9.77,1.2,47.8,7.5,13.07,169,9,0
38.75,36.25,61.9,10,10.78,1.2,42.4,7.6,11.65,162,9,0
39.25,36.25,59.9,10.2,11.04,1.2,35.4,7.5,11.94,165,9,0
39.75,36.25,57.9,10.5,13.39,1.1,38.9,7.2,11.87,169,9,0
40.25,36.25,56.2,10.7,14.19,1.2,41,7,12.52,162,9,0
