,Temperature[C],Humidity[%],TVOC[ppb],eCO2[ppm],Raw H2,Raw Ethanol,Pressure[hPa],PM1.0,PM2.5,NC0.5,NC1.0,NC2.5,CNT,Fire Alarm
0,20,57.36,0,400,12306,18520,939.735,0,0,0,0,0,0,0
1,20.015,56.67,0,400,12345,18651,939.744,0,0,0,0,0,1,0
2,20.029,55.96,0,400,12374,18764,939.738,0,0,0,0,0,2,0
3,20.044,55.28,0,400,12390,18849,939.736,0,0,0,0,0,3,0
4,20.059,54.69,0,400,12403,18921,939.744,0,0,0,0,0,4,0
5,20.073,54.12,0,400,12419,18998,939.725,0,0,0,0,0,5,0
6,20.088,53.61,0,400,12432,19058,939.738,0,0,0,0,0,6,0
7,20.103,53.2,0,400,12439,19114,939.758,0,0,0,0,0,7,0
8,20.117,52.81,0,400,12448,19155,939.758,0,0,0,0,0,8,0
9,20.132,52.46,0,400,12453,19195,939.756,0.9,3.78,0,4.369,2.78,9,0
10,20.146,52.15,0,400,12454,19230,939.757,0.89,3.71,0,4.289,2.73,10,0
11,20.161,51.84,0,400,12467,19264,939.754,0.84,3.51,0,4.053,2.58,11,0
12,20.175,51.62,0,400,12467,19299,939.755,0.81,3.38,0,3.909,2.488,12,0
13,20.19,51.39,0,400,12469,19317,939.758,0.74,3.11,0,3.588,2.284,13,0
14,20.204,51.17,0,403,12468,19338,939.742,0.71,2.96,0,3.419,2.176,14,0
15,20.219,50.99,0,400,12475,19362,939.741,0.64,2.66,0,3.077,1.959,15,0
16,20.233,50.86,0,400,12480,19382,939.758,0.6,2.52,0,2.908,1.851,16,0
17,20.248,50.66,0,400,12477,19400,939.764,0.53,2.23,0,2.58,1.642,17,0
18,20.262,50.49,0,400,12481,19422,939.761,0.5,2.1,0,2.423,1.542,18,0
19,20.277,50.27,0,406,12489,19451,939.752,0.41,1.72,0,1.987,1.265,19,0
20,20.291,50.15,0,400,12491,19456,939.729,0.38,1.6,0,1.855,1.18,20,0
21,20.305,50.02,0,400,12487,19470,939.741,0.33,1.39,0,1.61,1.024,21,0
22,20.32,49.96,0,400,12492,19489,939.756,0.31,1.3,0,1.497,0.953,22,0
23,20.334,49.83,0,415,12495,19489,939.764,0.27,1.12,0,1.291,0.821,23,0
24,20.348,49.76,0,400,12498,19503,939.77,0.25,1.04,0,1.197,0.762,24,0
25,20.363,49.65,0,401,12499,19516,939.774,0.21,0.89,0,1.026,0.653,25,0
26,20.377,49.58,0,404,12503,19525,939.771,0.2,0.82,0,0.949,0.604,26,0
27,20.391,49.37,30,445,12478,19500,939.771,0.17,0.58,0.14,0.665,0.398,27,0
28,20.406,49.58,36,455,12472,19487,939.77,0.16,0.56,0.13,0.644,0.385,28,0
29,20.42,50.11,20,443,12471,19493,939.775,0.15,0.52,0.12,0.595,0.356,29,0
30,20.434,50.68,16,435,12481,19509,939.772,0.14,0.5,0.12,0.569,0.34,30,0
31,20.448,51.23,8,440,12482,19520,939.772,0.13,0.45,0.11,0.514,0.308,31,0
32,20.462,51.77,11,440,12479,19515,939.762,0.12,0.42,0.1,0.487,0.291,32,0
33,20.477,52.28,0,420,12486,19532,939.769,0.11,0.38,0.09,0.434,0.259,33,0
34,20.491,52.74,0,414,12489,19535,939.747,0.1,0.36,0.08,0.408,0.244,34,0
35,20.505,53.12,3,413,12490,19541,939.754,0.09,0.31,0.07,0.359,0.215,35,0
36,20.519,53.5,0,410,12491,19541,939.755,0.08,0.29,0.07,0.336,0.201,36,0
37,20.533,53.84,0,413,12498,19552,939.747,0.07,0.26,0.06,0.293,0.175,37,0
38,20.547,54.13,0,400,12498,19569,939.757,0.07,0.24,0.06,0.273,0.163,38,0
39,20.561,54.41,6,415,12491,19559,939.761,0.06,0.21,0.05,0.236,0.141,39,0
40,20.575,54.67,7,406,12498,19553,939.766,0.06,0.19,0.05,0.219,0.131,40,0
41,20.589,54.91,0,400,12503,19578,939.765,0.05,0.18,0.04,0.204,0.122,41,0
42,20.603,55.08,0,410,12497,19565,939.761,0.04,0.15,0.04,0.175,0.105,42,0
43,20.617,55.28,0,400,12505,19565,939.757,0.04,0.14,0.03,0.162,0.097,43,0
44,20.631,55.49,0,400,12508,19581,939.762,0.03,0.12,0.03,0.138,0.083,44,0
45,20.645,55.86,8,404,12501,19574,939.754,0.03,0.09,0.02,0.1,0.06,45,0
46,20.659,55.99,9,406,12505,19582,939.754,0.02,0.08,0.02,0.092,0.055,46,0
47,20.673,56.11,0,400,12507,19585,939.745,0.02,0.07,0.02,0.078,0.047,47,0
48,20.687,56.18,0,400,12514,19594,939.741,0.02,0.06,0.01,0.072,0.043,48,0
49,20.701,56.32,0,408,12510,19587,939.722,0.02,0.05,0.01,0.061,0.036,49,0
50,20.715,56.36,6,416,12503,19580,939.711,0.01,0.05,0.01,0.056,0.033,50,0
51,20.729,56.47,14,411,12508,19587,939.701,0.01,0.04,0.01,0.047,0.028,51,0
52,20.743,56.55,11,404,12512,19596,939.693,0.01,0.04,0.01,0.043,0.026,52,0
53,20.756,56.6,11,404,12513,19591,939.707,0.01,0.03,0.01,0.036,0.022,53,0
54,20.77,56.66,4,400,12514,19595,939.718,0.01,0.03,0.01,0.033,0.02,54,0
55,20.784,56.91,0,400,12535,19628,939.722,0.01,0.02,0.01,0.028,0.017,55,0
56,20.798,56.64,0,400,12532,19626,939.721,0.01,0.02,0.01,0.026,0.015,56,0
57,20.812,56.06,0,400,12538,19624,939.709,0.44,1.66,0.05,1.906,1.171,57,0
58,20.825,55.38,0,400,12539,19629,939.714,0.33,1.24,0.04,1.428,0.877,58,0
59,20.839,54.75,0,401,12539,19636,939.718,0.14,0.52,0.02,0.594,0.365,59,0
60,20.853,54.14,4,406,12536,19627,939.719,0.08,0.32,0.01,0.364,0.223,60,0
61,20.867,53.6,11,415,12529,19625,939.734,0.23,0.83,0.07,0.95,0.579,61,0
62,20.88,53.11,0,400,12531,19635,939.746,0.21,0.78,0.07,0.893,0.545,62,0
63,20.894,52.66,0,418,12536,19647,939.752,0.18,0.65,0.05,0.742,0.452,63,0
64,20.908,52.27,10,411,12534,19635,939.76,0.16,0.59,0.05,0.678,0.414,64,0
65,20.921,51.94,27,415,12527,19623,939.758,0.15,0.54,0.05,0.624,0.381,65,0
66,20.935,51.66,18,413,12530,19635,939.762,0.13,0.47,0.04,0.541,0.33,66,0
67,20.948,51.38,23,421,12532,19631,939.779,0.12,0.44,0.04,0.509,0.31,67,0
68,20.962,51.16,13,407,12533,19627,939.767,0.11,0.39,0.03,0.448,0.273,68,0
69,20.976,50.92,7,407,12536,19630,939.771,0.1,0.36,0.03,0.419,0.256,69,0
70,20.989,50.72,18,401,12529,19622,939.77,0.09,0.32,0.03,0.366,0.223,70,0
71,21.003,50.55,18,412,12534,19646,939.773,0.08,0.3,0.03,0.341,0.208,71,0
72,21.016,50.38,18,417,12529,19623,939.763,0.07,0.26,0.02,0.295,0.18,72,0
73,21.03,50.24,18,413,12532,19626,939.772,0.07,0.24,0.02,0.274,0.167,73,0
74,21.043,50.1,12,410,12533,19633,939.776,0.06,0.21,0.02,0.236,0.144,74,0
75,21.057,49.93,20,417,12526,19622,939.779,0.05,0.19,0.02,0.219,0.133,75,0
76,21.07,49.88,19,400,12528,19620,939.777,0.04,0.16,0.01,0.187,0.114,76,0
77,21.084,49.74,2,405,12536,19631,939.781,0.04,0.15,0.01,0.173,0.106,77,0
78,21.097,49.67,16,408,12536,19619,939.778,0.04,0.13,0.01,0.148,0.09,78,0
79,21.11,49.55,15,404,12537,19631,939.764,0.03,0.12,0.01,0.136,0.083,79,0
80,21.124,49.47,18,405,12534,19631,939.772,0.03,0.1,0.01,0.116,0.071,80,0
81,21.137,49.44,6,400,12540,19638,939.777,0.03,0.09,0.01,0.106,0.065,81,0
82,21.15,49.39,7,407,12540,19638,939.776,0.02,0.08,0.01,0.09,0.055,82,0
83,21.164,49.31,12,420,12533,19630,939.784,0.02,0.07,0.01,0.083,0.051,83,0
84,21.177,49.21,15,420,12536,19622,939.787,0.02,0.06,0.01,0.07,0.043,84,0
85,21.19,49.07,41,448,12515,19596,939.779,0.02,0.06,0,0.064,0.039,85,0
86,21.204,49.29,45,453,12516,19609,939.784,0.01,0.05,0,0.059,0.036,86,0
87,21.217,49.81,54,462,12510,19599,939.787,0.01,0.04,0,0.05,0.03,87,0
88,21.23,50.45,33,448,12517,19610,939.782,0.01,0.04,0,0.046,0.028,88,0
89,21.243,51.03,42,439,12519,19608,939.781,0.01,0.03,0,0.038,0.023,89,0
90,21.257,51.56,34,437,12512,19606,939.775,0.01,0.03,0,0.035,0.021,90,0
91,21.27,52.04,26,441,12527,19617,939.78,0.01,0.03,0,0.029,0.018,91,0
92,21.283,52.54,18,422,12525,19619,939.788,0.01,0.02,0,0.027,0.016,92,0
93,21.296,52.92,35,438,12526,19615,939.791,0.01,0.02,0,0.023,0.014,93,0
94,21.309,53.32,27,424,12522,19618,939.792,0,0.02,0,0.021,0.013,94,0
95,21.323,53.65,23,419,12528,19619,939.799,0.22,0.69,0.39,0.788,0.449,95,0
96,21.336,53.96,33,421,12524,19614,939.801,0.2,0.63,0.36,0.718,0.409,96,0
97,21.349,54.25,21,417,12530,19610,939.795,0.16,0.49,0.28,0.561,0.32,97,0
98,21.362,54.52,19,418,12529,19626,939.799,0.14,0.44,0.25,0.501,0.286,98,0
99,21.375,54.74,14,405,12533,19624,939.784,0.12,0.36,0.21,0.414,0.236,99,0
100,21.388,54.95,19,414,12527,19613,939.796,0.11,0.33,0.19,0.382,0.218,100,0
101,21.401,55.16,20,408,12532,19621,939.775,0.09,0.29,0.17,0.332,0.189,101,0
102,21.414,55.32,8,410,12533,19626,939.782,0.09,0.27,0.16,0.31,0.177,102,0
103,21.427,55.53,16,406,12537,19629,939.788,0.08,0.24,0.14,0.27,0.154,103,0
104,21.44,55.64,2,400,12536,19635,939.787,0.07,0.22,0.13,0.251,0.143,104,0
105,21.453,55.81,15,406,12530,19631,939.789,0.06,0.19,0.11,0.217,0.124,105,0
106,21.466,55.9,9,401,12543,19631,939.792,0.06,0.18,0.1,0.202,0.115,106,0
107,21.479,56.07,12,402,12534,19624,939.794,0.05,0.16,0.09,0.187,0.107,107,0
108,21.492,56.18,13,400,12537,19630,939.798,0.05,0.14,0.08,0.16,0.091,108,0
109,21.505,56.24,8,402,12537,19631,939.795,0.04,0.13,0.07,0.148,0.085,109,0
110,21.518,56.37,6,400,12540,19632,939.8,0.04,0.11,0.06,0.127,0.072,110,0
111,21.531,56.42,11,409,12539,19627,939.803,0.03,0.1,0.06,0.117,0.067,111,0
112,21.543,56.5,16,408,12536,19628,939.804,0.03,0.09,0.05,0.099,0.057,112,0
113,21.556,56.62,13,401,12540,19626,939.809,0.03,0.08,0.05,0.092,0.052,113,0
114,21.569,56.69,11,400,12540,19626,939.809,0.02,0.07,0.04,0.078,0.044,114,0
115,21.582,56.91,0,400,12565,19664,939.8,0.02,0.06,0.04,0.071,0.041,115,0
116,21.595,56.65,0,400,12565,19673,939.807,0.02,0.05,0.03,0.06,0.034,116,0
117,21.607,56.13,0,400,12565,19663,939.806,0.02,0.05,0.03,0.055,0.032,117,0
118,21.62,55.44,0,402,12566,19669,939.795,0.01,0.04,0.02,0.047,0.027,118,0
119,21.633,54.78,0,408,12565,19672,939.799,0.01,0.04,0.02,0.043,0.024,119,0
120,21.646,54.24,10,419,12562,19658,939.802,0.01,0.03,0.02,0.036,0.021,120,0
121,21.658,53.68,2,415,12558,19654,939.791,0.01,0.03,0.02,0.033,0.019,121,0
122,21.671,53.18,2,404,12560,19659,939.792,0.01,0.02,0.01,0.028,0.016,122,0
123,21.684,52.75,0,400,12563,19658,939.798,0.01,0.02,0.01,0.025,0.015,123,0
124,21.696,52.37,6,408,12562,19648,939.798,0.01,0.02,0.01,0.021,0.012,124,0
125,21.709,52.01,2,413,12567,19661,939.804,0.01,0.02,0.01,0.02,0.011,125,0
126,21.722,51.72,10,415,12557,19654,939.802,0,0.01,0.01,0.016,0.009,126,0
127,21.734,51.45,7,413,12558,19659,939.803,0,0.01,0.01,0.015,0.009,127,0
128,21.747,51.18,2,413,12565,19665,939.805,0,0.01,0.01,0.014,0.008,128,0
129,21.76,51.01,9,417,12563,19662,939.8,0,0.01,0.01,0.011,0.006,129,0
130,21.772,50.78,10,417,12565,19664,939.788,0,0.01,0.01,0.01,0.006,130,0
131,21.785,50.64,2,401,12564,19650,939.784,0,0.01,0,0.009,0.005,131,0
132,21.797,50.46,1,407,12563,19659,939.782,0,0.01,0,0.008,0.005,132,0
133,21.81,50.3,0,400,12565,19658,939.773,0,0.01,0,0.007,0.004,133,0
134,21.822,50.16,21,425,12561,19649,939.782,0,0.01,0,0.006,0.003,134,0
135,21.835,50.04,10,426,12559,19649,939.796,0,0,0,0.005,0.003,135,0
136,21.847,49.93,6,420,12566,19662,939.791,0,0,0,0.005,0.003,136,0
137,21.86,49.85,6,417,12562,19653,939.792,0,0,0,0.004,0.002,137,0
138,21.872,49.76,8,420,12565,19660,939.806,0,0,0,0.003,0.002,138,0
139,21.885,49.64,5,417,12564,19655,939.821,0,0,0,0.003,0.002,139,0
140,21.897,49.58,11,411,12563,19651,939.815,0,0,0,0.003,0.001,140,0
141,21.909,49.5,11,421,12563,19647,939.805,0,0,0,0.002,0.001,141,0
142,21.922,49.42,0,414,12571,19657,939.805,0,0,0,0.002,0.001,142,0
143,21.934,49.38,7,418,12565,19653,939.803,0,0,0,0.002,0.001,143,0
144,21.946,49.33,4,406,12565,19659,939.819,0,0,0,0.001,0.001,144,0
145,21.959,49.16,28,442,12547,19629,939.812,0,0,0,0.001,0.001,145,0
146,21.971,49.32,39,455,12541,19629,939.817,0,0,0,0.001,0.001,146,0
147,21.983,49.87,29,440,12544,19631,939.813,0,0,0,0.001,0.001,147,0
148,21.996,50.49,31,445,12545,19632,939.81,0,0,0,0.001,0,148,0
149,22.008,51.08,28,453,12548,19631,939.818,0,0,0,0.001,0,149,0
150,22.02,51.65,26,440,12549,19633,939.832,0,0,0,0.001,0,150,0
151,22.032,52.13,28,433,12543,19638,939.82,0.21,0.54,0.58,0.614,0.324,151,0
152,22.044,52.62,23,433,12558,19649,939.815,0.15,0.41,0.44,0.46,0.243,152,0
153,22.057,53.02,20,430,12554,19644,939.815,0.1,0.27,0.29,0.307,0.162,153,0
154,22.069,53.45,21,438,12550,19642,939.817,0.04,0.1,0.11,0.115,0.061,154,0
155,22.081,53.75,16,426,12554,19644,939.817,0.02,0.06,0.06,0.067,0.035,155,0
156,22.093,54.05,26,431,12556,19638,939.811,0.01,0.02,0.02,0.022,0.011,156,0
157,22.105,54.36,32,437,12552,19637,939.809,0,0.01,0.01,0.012,0.006,157,0
158,22.117,54.59,29,417,12559,19641,939.813,0,0,0,0.004,0.002,158,0
159,22.13,54.83,21,420,12567,19645,939.81,0,0,0,0.002,0.001,159,0
160,22.142,55.03,20,420,12560,19641,939.794,0,0,0,0.001,0,160,0
161,22.154,55.25,20,421,12567,19654,939.791,0,0,0,0,0,161,0
162,22.166,55.46,12,415,12565,19639,939.791,0,0,0,0,0,162,0
163,22.178,55.61,11,410,12562,19649,939.799,0,0,0,0,0,163,0
164,22.19,55.73,11,400,12568,19652,939.805,0,0,0,0,0,164,0
165,22.202,55.88,18,417,12567,19656,939.812,0,0,0,0,0,165,0
166,22.214,56.02,14,403,12566,19656,939.812,0,0,0,0,0,166,0
167,22.226,56.14,17,405,12571,19659,939.821,0,0,0,0,0,167,0
168,22.238,56.26,11,401,12564,19660,939.823,0,0,0,0,0,168,0
169,22.25,56.32,2,403,12577,19663,939.826,0,0,0,0,0,169,0
170,22.262,56.43,2,400,12568,19662,939.815,0,0,0,0,0,170,0
171,22.273,56.53,5,404,12570,19659,939.808,0,0,0,0,0,171,0
172,22.285,56.63,4,404,12579,19665,939.808,0,0,0,0,0,172,0
173,22.297,56.69,6,403,12571,19661,939.81,0,0,0,0,0,173,0
174,22.309,56.76,2,400,12577,19663,939.82,0,0,0,0,0,174,0
175,22.321,56.99,0,400,12592,19679,939.817,0,0,0,0,0,175,0
176,22.333,56.77,0,400,12597,19694,939.815,0,0,0,0,0,176,0
177,22.344,55.02,0,401,12597,19689,939.817,0,0,0,0,0,177,0
178,22.356,54.41,0,408,12597,19685,939.809,0,0,0,0,0,178,0
179,22.368,53.84,1,410,12587,19681,939.803,0,0,0,0,0,179,0
180,22.38,53.38,0,402,12598,19689,939.81,0,0,0,0,0,180,0
181,22.392,51.95,4,413,12591,19675,939.809,0,0,0,0,0,181,0
182,22.403,51.66,0,400,12594,19682,939.81,0,0,0,0,0,182,0
183,22.415,51.38,2,409,12594,19693,939.814,0,0,0,0,0,183,0
184,22.427,51.19,1,405,12592,19678,939.815,0,0,0,0,0,184,0
185,22.438,50.83,12,400,12596,19688,939.806,0,0,0,0,0,185,0
186,22.45,50.65,1,401,12598,19680,939.798,0,0,0,0,0,186,0
187,22.462,50.49,12,412,12594,19680,939.804,0,0,0,0,0,187,0
188,22.473,50.36,1,407,12592,19674,939.806,0,0,0,0,0,188,0
189,22.485,50.2,13,409,12596,19677,939.801,0,0,0,0,0,189,0
190,22.497,50.09,2,405,12596,19681,939.803,0,0,0,0,0,190,0
191,22.508,49.96,15,403,12593,19681,939.806,0,0,0,0,0,191,0
192,22.52,49.89,3,402,12600,19679,939.81,0.82,2.08,2.51,2.349,1.216,192,0
193,22.531,49.78,12,409,12596,19677,939.807,0.81,2.06,2.49,2.326,1.204,193,0
194,22.543,49.71,1,400,12597,19676,939.813,0.77,1.97,2.38,2.226,1.153,194,0
195,22.554,49.63,6,401,12594,19673,939.81,0.75,1.91,2.31,2.158,1.117,195,0
196,22.566,49.57,0,402,12596,19684,939.803,0.69,1.57,2.64,1.765,0.844,196,0
197,22.577,49.52,8,402,12596,19677,939.806,0.67,1.52,2.55,1.703,0.814,197,0
198,22.589,49.43,8,405,12595,19676,939.812,0.62,1.39,2.34,1.563,0.748,198,0
199,22.6,49.23,34,440,12576,19646,939.813,0.59,1.33,2.23,1.49,0.713,199,0
200,22.612,49.5,27,440,12577,19649,939.815,0.53,1.2,2.01,1.341,0.642,200,0
201,22.623,50.05,44,444,12574,19638,939.811,0.5,1.13,1.89,1.267,0.606,201,0
202,22.634,50.61,27,429,12582,19656,939.812,0.44,1,1.68,1.124,0.538,202,0
203,22.646,51.18,39,449,12576,19651,939.802,0.42,0.94,1.58,1.056,0.505,203,0
204,22.657,51.74,22,422,12588,19664,939.802,0.39,0.88,1.48,0.99,0.474,204,0
205,22.669,52.22,22,416,12582,19652,939.813,0.34,0.77,1.3,0.866,0.414,205,0
206,22.68,52.7,28,424,12582,19650,939.804,0.32,0.72,1.21,0.809,0.387,206,0
207,22.691,53.13,24,418,12591,19660,939.807,0.28,0.63,1.05,0.702,0.336,207,0
208,22.703,53.51,29,419,12581,19652,939.8,0.26,0.58,0.98,0.653,0.312,208,0
209,22.714,54.1,32,411,12591,19654,939.806,0.21,0.47,0.78,0.522,0.25,209,0
210,22.725,54.45,18,400,12593,19669,939.806,0.18,0.4,0.67,0.448,0.214,210,0
211,22.736,54.71,20,409,12596,19655,939.809,0.16,0.37,0.62,0.414,0.198,211,0
212,22.748,54.87,23,404,12591,19672,939.801,0.14,0.32,0.53,0.353,0.169,212,0
213,22.759,55.24,17,400,12596,19669,939.793,0.12,0.26,0.54,0.285,0.125,213,0
214,22.77,55.5,19,401,12595,19681,939.795,0.12,0.24,0.51,0.27,0.119,214,0
215,22.781,55.66,8,400,12601,19672,939.801,0.11,0.23,0.5,0.261,0.115,215,0
216,22.793,55.84,10,400,12602,19683,939.791,0.11,0.22,0.46,0.24,0.106,216,0
217,22.804,55.94,17,400,12601,19678,939.791,0.1,0.21,0.44,0.229,0.101,217,0
218,22.815,56.1,13,400,12600,19677,939.788,0.09,0.19,0.39,0.207,0.091,218,0
219,22.826,56.19,8,400,12601,19677,939.787,0.09,0.18,0.37,0.196,0.086,219,0
220,22.837,56.29,4,400,12600,19672,939.795,0.08,0.16,0.33,0.174,0.077,220,0
221,22.848,56.39,11,400,12608,19674,939.79,0.07,0.15,0.31,0.163,0.072,221,0
222,22.859,56.51,20,400,12608,19669,939.784,0.06,0.13,0.27,0.144,0.063,222,0
223,22.87,56.6,7,400,12608,19682,939.778,0.06,0.12,0.26,0.134,0.059,223,0
224,22.881,56.71,8,400,12605,19673,939.786,0.05,0.11,0.22,0.117,0.052,224,0
225,22.892,56.75,10,400,12610,19673,939.8,0.06,0.1,0.26,0.115,0.047,225,0
226,22.904,56.85,10,400,12608,19674,939.79,0.06,0.11,0.28,0.121,0.049,226,0
227,22.915,57.07,0,400,12628,19703,939.804,0.06,0.11,0.29,0.127,0.051,227,0
228,22.926,56.85,0,400,12631,19709,939.808,0.06,0.11,0.29,0.127,0.051,228,0
229,22.937,56.27,0,400,12636,19703,939.811,0.06,0.11,0.28,0.123,0.05,229,0
230,22.947,55.58,0,400,12630,19701,939.812,0.06,0.11,0.28,0.121,0.049,230,0
231,22.958,54.37,10,400,12629,19698,939.804,0.05,0.1,0.25,0.108,0.044,231,0
232,22.969,53.86,10,400,12624,19699,939.807,0.05,0.09,0.23,0.099,0.04,232,0
233,22.98,53.35,7,400,12632,19701,939.825,0.05,0.08,0.21,0.094,0.038,233,0
234,22.991,52.9,4,400,12629,19697,939.82,0.04,0.08,0.19,0.084,0.034,234,0
235,23.002,52.52,4,400,12630,19701,939.815,0.04,0.07,0.18,0.079,0.032,235,0
236,23.013,52.15,3,400,12630,19712,939.804,0.05,0.08,0.24,0.092,0.034,236,0
237,23.024,51.86,7,400,12628,19698,939.808,0.06,0.1,0.32,0.114,0.041,237,0
238,23.035,51.58,2,400,12622,19693,939.807,0.07,0.12,0.36,0.131,0.047,238,0
239,23.045,51.37,3,400,12626,19690,939.817,0.08,0.14,0.42,0.151,0.055,239,0
240,23.056,51.11,1,400,12626,19698,939.81,0.08,0.14,0.43,0.156,0.056,240,0
241,23.067,50.96,2,400,12631,19698,939.802,0.1,0.18,0.48,0.201,0.079,241,0
242,23.078,50.77,0,400,12633,19706,939.814,0.1,0.19,0.51,0.209,0.082,242,0
243,23.089,50.62,0,400,12630,19711,939.813,0.11,0.2,0.52,0.216,0.085,243,0
244,23.099,50.44,0,400,12630,19708,939.807,0.11,0.2,0.52,0.215,0.085,244,0
245,23.11,50.31,1,400,12633,19704,939.816,0.1,0.19,0.5,0.208,0.082,245,0
246,23.121,50.19,12,400,12629,19689,939.808,0.1,0.18,0.49,0.203,0.08,246,0
247,23.131,50.08,5,400,12633,19696,939.813,0.09,0.17,0.46,0.189,0.074,247,0
248,23.142,50,0,400,12629,19704,939.79,0.1,0.17,0.49,0.189,0.072,248,0
249,23.153,49.85,12,400,12630,19698,939.791,0.1,0.18,0.5,0.195,0.074,249,0
250,23.163,49.71,11,400,12637,19710,939.812,0.1,0.17,0.49,0.192,0.073,250,0
251,23.174,49.66,14,400,12635,19696,939.8,0.09,0.17,0.47,0.183,0.069,251,0
252,23.185,49.6,0,400,12641,19707,939.808,0.09,0.16,0.46,0.177,0.067,252,0
253,23.195,49.53,14,400,12630,19703,939.801,0.09,0.16,0.46,0.18,0.068,253,0
254,23.206,49.45,1,400,12642,19698,939.805,0.09,0.17,0.47,0.185,0.07,254,0
255,23.216,49.31,33,400,12616,19686,939.811,0.09,0.17,0.48,0.187,0.071,255,0
256,23.227,49.97,37,400,12613,19678,939.817,0.09,0.16,0.45,0.176,0.067,256,0
257,23.238,50.61,51,400,12609,19660,939.821,0.09,0.16,0.44,0.171,0.065,257,0
258,23.248,51.19,44,400,12615,19674,939.827,0.09,0.16,0.49,0.175,0.062,258,0
259,23.259,51.75,37,400,12622,19674,939.821,0.1,0.17,0.55,0.182,0.061,259,0
260,23.269,52.63,40,400,12622,19679,939.825,0.11,0.19,0.62,0.204,0.068,260,0
261,23.28,53.07,39,400,12624,19676,939.822,0.12,0.19,0.62,0.205,0.069,261,0
262,23.29,53.48,34,400,12624,19685,939.816,0.11,0.18,0.61,0.201,0.067,262,0
263,23.3,53.84,19,400,12623,19681,939.821,0.11,0.18,0.6,0.196,0.066,263,0
264,23.311,54.17,31,400,12627,19676,939.804,0.11,0.19,0.58,0.21,0.076,264,0
265,23.321,54.43,31,400,12632,19698,939.798,0.11,0.2,0.59,0.214,0.077,265,0
266,23.332,54.71,12,400,12631,19698,939.807,0.11,0.2,0.59,0.214,0.077,266,0
267,23.342,54.92,9,400,12633,19698,939.791,0.12,0.22,0.6,0.239,0.092,267,0
268,23.353,55.14,15,400,12632,19697,939.802,0.13,0.23,0.63,0.25,0.096,268,0
269,23.363,55.36,18,400,12636,19697,939.8,0.13,0.23,0.69,0.254,0.093,269,0
270,23.373,55.55,22,400,12637,19694,939.797,0.15,0.26,0.82,0.284,0.099,270,0
271,23.384,55.74,9,400,12639,19705,939.796,0.16,0.27,0.85,0.294,0.103,271,0
272,23.394,55.89,18,400,12634,19701,939.789,0.16,0.27,0.87,0.301,0.105,272,0
273,23.404,56,2,400,12640,19704,939.803,0.16,0.27,0.86,0.299,0.104,273,0
274,23.414,56.17,11,400,12640,19697,939.794,0.16,0.27,0.85,0.295,0.103,274,0
275,23.425,56.27,16,400,12640,19699,939.806,0.17,0.27,0.9,0.295,0.098,275,0
276,23.435,56.37,5,400,12641,19699,939.799,0.17,0.27,0.9,0.294,0.098,276,0
277,23.445,56.48,13,400,12641,19704,939.803,0.16,0.26,0.87,0.285,0.095,277,0
278,23.455,56.57,2,400,12637,19695,939.793,0.16,0.25,0.85,0.278,0.093,278,0
279,23.466,56.66,2,400,12645,19709,939.783,0.15,0.24,0.85,0.264,0.085,279,0
280,23.476,56.77,13,400,12641,19701,939.784,0.16,0.25,0.9,0.272,0.084,280,0
281,23.486,56.81,4,400,12646,19710,939.773,0.18,0.28,1.02,0.302,0.091,281,0
282,23.496,56.85,6,400,12639,19698,939.767,0.19,0.29,1.05,0.31,0.094,282,0
283,23.506,57.1,0,400,12662,19731,939.781,0.2,0.3,1.11,0.321,0.095,283,0
284,23.516,56.91,0,400,12663,19717,939.784,0.2,0.3,1.14,0.327,0.097,284,0
285,23.526,56.32,0,400,12674,19744,939.781,0.21,0.32,1.21,0.352,0.105,285,0
286,23.537,55.64,0,400,12665,19728,939.779,0.22,0.33,1.23,0.356,0.106,286,0
287,23.547,54.43,3,400,12664,19723,939.785,0.21,0.32,1.18,0.344,0.102,287,0
288,23.557,53.91,10,400,12667,19725,939.773,0.2,0.31,1.15,0.335,0.099,288,0
289,23.567,53.4,1,400,12662,19726,939.774,0.19,0.29,1.08,0.312,0.093,289,0
290,23.577,52.96,9,400,12661,19719,939.773,0.18,0.28,1.03,0.299,0.089,290,0
291,23.587,52.56,17,400,12661,19715,939.786,0.17,0.25,0.94,0.272,0.081,291,0
292,23.597,52.25,10,400,12657,19717,939.795,0.16,0.24,0.89,0.259,0.077,292,0
293,23.607,51.91,10,400,12664,19721,939.795,0.14,0.21,0.8,0.231,0.069,293,0
294,23.617,51.63,7,400,12658,19712,939.806,0.13,0.2,0.75,0.218,0.065,294,0
295,23.627,51.38,6,400,12666,19729,939.799,0.12,0.18,0.66,0.192,0.057,295,0
296,23.637,51.16,13,400,12662,19718,939.785,0.11,0.17,0.62,0.18,0.054,296,0
297,23.646,50.96,11,400,12669,19713,939.79,0.1,0.15,0.54,0.158,0.047,297,0
298,23.656,50.8,13,400,12661,19714,939.784,0.09,0.14,0.51,0.147,0.044,298,0
299,23.666,50.63,1,400,12665,19722,939.787,0.08,0.12,0.44,0.128,0.038,299,0
300,23.676,50.51,2,400,12667,19729,939.789,0.07,0.11,0.41,0.119,0.035,300,0
301,23.686,50.4,3,400,12668,19726,939.793,0.06,0.09,0.35,0.102,0.03,301,0
302,23.696,50.17,10,400,12668,19728,939.788,0.06,0.09,0.35,0.098,0.028,302,0
303,23.706,50.08,6,400,12665,19728,939.785,0.06,0.1,0.37,0.103,0.029,303,0
304,23.716,49.88,4,400,12670,19728,939.791,0.06,0.09,0.36,0.101,0.029,304,0
305,23.725,49.81,4,400,12672,19729,939.802,0.06,0.09,0.35,0.099,0.028,305,0
306,23.735,49.74,9,400,12672,19729,939.794,0.06,0.09,0.33,0.093,0.026,306,0
307,23.745,49.67,8,400,12670,19718,939.806,0.06,0.08,0.32,0.089,0.025,307,0
308,23.755,49.61,7,400,12669,19721,939.798,0.05,0.08,0.31,0.085,0.024,308,0
309,23.764,49.54,11,400,12668,19712,939.784,0.06,0.08,0.32,0.088,0.024,309,0
310,23.774,49.35,35,400,12653,19696,939.782,0.06,0.09,0.35,0.093,0.026,310,0
311,23.784,49.59,32,400,12648,19691,939.784,0.06,0.09,0.37,0.099,0.027,311,0
312,23.793,50.13,39,400,12649,19694,939.781,0.06,0.09,0.37,0.099,0.027,312,0
313,23.803,50.75,37,400,12647,19691,939.772,0.06,0.09,0.36,0.098,0.027,313,0
314,23.813,51.3,33,400,12649,19701,939.786,0.06,0.09,0.35,0.096,0.026,314,0
315,23.822,51.89,32,400,12651,19688,939.781,0.06,0.08,0.33,0.09,0.025,315,0
316,23.832,52.39,31,400,12661,19703,939.779,0.05,0.08,0.32,0.086,0.024,316,0
317,23.842,52.85,27,400,12659,19704,939.787,0.05,0.07,0.29,0.079,0.022,317,0
318,23.851,53.25,31,400,12652,19698,939.787,0.06,0.08,0.33,0.085,0.022,318,0
319,23.861,53.66,15,400,12664,19713,939.79,0.06,0.09,0.36,0.095,0.025,319,0
320,23.87,53.99,12,400,12660,19701,939.781,0.06,0.09,0.37,0.097,0.025,320,0
321,23.88,54.3,16,400,12665,19708,939.782,0.06,0.09,0.37,0.097,0.025,321,0
322,23.89,54.58,31,400,12661,19706,939.782,0.06,0.09,0.36,0.096,0.025,322,0
323,23.899,54.85,29,400,12664,19705,939.795,0.06,0.08,0.35,0.091,0.024,323,0
324,23.909,55.04,17,400,12667,19717,939.786,0.06,0.08,0.34,0.088,0.023,324,0
325,23.918,55.25,9,400,12671,19715,939.787,0.06,0.09,0.35,0.093,0.025,325,0
326,23.928,55.5,21,400,12667,19707,939.784,0.06,0.09,0.37,0.099,0.026,326,0
327,23.937,55.71,7,400,12676,19719,939.795,0.08,0.12,0.48,0.124,0.032,327,0
328,23.946,55.83,17,400,12671,19709,939.784,0.09,0.12,0.51,0.132,0.034,328,0
329,23.956,55.98,10,400,12669,19717,939.794,0.09,0.13,0.53,0.137,0.035,329,0
330,23.965,56.13,18,400,12675,19709,939.79,0.09,0.13,0.54,0.14,0.036,330,0
331,23.975,56.23,7,400,12674,19714,939.791,0.09,0.13,0.54,0.139,0.036,331,0
332,23.984,56.37,7,400,12673,19715,939.791,0.09,0.12,0.52,0.134,0.035,332,0
333,23.993,56.47,13,400,12680,19718,939.803,0.09,0.12,0.51,0.131,0.034,333,0
334,24.003,56.57,9,400,12676,19719,939.81,0.09,0.13,0.56,0.14,0.035,334,0
335,24.012,56.66,9,400,12674,19714,939.809,0.09,0.13,0.56,0.142,0.035,335,0
336,24.021,56.76,6,400,12678,19710,939.808,0.09,0.13,0.56,0.141,0.035,336,0
337,24.031,56.83,6,400,12681,19720,939.805,0.09,0.13,0.55,0.139,0.034,337,0
338,24.04,56.9,15,400,12681,19721,939.805,0.09,0.12,0.52,0.131,0.033,338,0
339,24.049,56.96,4,400,12679,19725,939.813,0.08,0.12,0.5,0.127,0.031,339,0
340,24.059,57.2,0,400,12691,19740,939.814,0.09,0.12,0.51,0.126,0.03,340,0
341,24.068,56.96,0,400,12697,19750,939.808,0.09,0.12,0.53,0.13,0.031,341,0
342,24.077,56.37,0,400,12703,19747,939.816,0.09,0.12,0.53,0.131,0.032,342,0
343,24.086,55.13,0,400,12698,19745,939.813,0.09,0.12,0.52,0.128,0.031,343,0
344,24.095,54.47,5,400,12699,19752,939.812,0.08,0.11,0.49,0.121,0.029,344,0
345,24.105,53.94,2,400,12701,19747,939.804,0.08,0.11,0.47,0.116,0.028,345,0
346,24.114,53.43,11,400,12698,19738,939.81,0.07,0.1,0.43,0.107,0.026,346,0
347,24.123,53.03,0,400,12700,19743,939.82,0.07,0.09,0.41,0.102,0.024,347,0
348,24.132,52.6,0,400,12698,19750,939.825,0.07,0.09,0.42,0.101,0.024,348,0
349,24.141,52.25,5,400,12698,19738,939.822,0.07,0.1,0.44,0.105,0.024,349,0
350,24.15,51.92,0,400,12698,19749,939.825,0.07,0.1,0.45,0.108,0.025,350,0
351,24.159,51.65,5,400,12704,19743,939.825,0.07,0.1,0.45,0.107,0.025,351,0
352,24.169,51.26,6,400,12697,19746,939.824,0.08,0.1,0.47,0.11,0.025,352,0
353,24.178,51.06,7,400,12702,19744,939.821,0.08,0.11,0.49,0.116,0.026,353,0
354,24.187,50.88,12,400,12693,19739,939.827,0.08,0.11,0.51,0.12,0.027,354,0
355,24.196,50.74,12,400,12700,19741,939.823,0.08,0.11,0.51,0.12,0.027,355,0
356,24.205,50.58,12,400,12698,19740,939.818,0.08,0.11,0.49,0.117,0.026,356,0
357,24.214,50.41,15,400,12696,19737,939.803,0.08,0.11,0.48,0.114,0.026,357,0
358,24.223,50.31,13,400,12695,19745,939.799,0.07,0.1,0.45,0.106,0.024,358,0
359,24.232,50.21,8,400,12705,19748,939.795,0.07,0.1,0.43,0.102,0.023,359,0
360,24.241,50.08,10,400,12704,19749,939.805,0.06,0.09,0.39,0.093,0.021,360,0
361,24.25,50,15,400,12696,19733,939.801,0.06,0.08,0.37,0.088,0.02,361,0
362,24.259,49.86,19,400,12697,19733,939.805,0.07,0.09,0.42,0.098,0.021,362,0
363,24.267,49.84,8,400,12703,19744,939.796,0.07,0.09,0.43,0.1,0.022,363,0
364,24.276,49.76,17,400,12696,19736,939.796,0.07,0.09,0.43,0.1,0.022,364,0
365,24.285,49.7,17,400,12699,19738,939.794,0.07,0.09,0.43,0.099,0.022,365,0
366,24.294,49.62,7,400,12709,19746,939.796,0.07,0.09,0.41,0.095,0.021,366,0
367,24.303,49.56,5,400,12703,19744,939.801,0.06,0.09,0.39,0.092,0.02,367,0
368,24.312,49.41,35,400,12687,19719,939.801,0.06,0.08,0.36,0.085,0.018,368,0
369,24.321,49.61,32,400,12682,19717,939.793,0.06,0.08,0.35,0.081,0.018,369,0
370,24.329,50.14,50,400,12678,19702,939.803,0.05,0.07,0.31,0.073,0.016,370,0
371,24.338,50.76,41,400,12684,19708,939.807,0.05,0.06,0.3,0.069,0.015,371,0
372,24.347,51.4,33,400,12679,19712,939.806,0.04,0.06,0.26,0.062,0.013,372,0
373,24.356,52.37,31,400,12687,19718,939.809,0.04,0.05,0.23,0.054,0.012,373,0
374,24.365,52.86,36,400,12690,19721,939.809,0.03,0.04,0.2,0.048,0.01,374,0
375,24.373,53.27,20,400,12690,19734,939.813,0.03,0.04,0.19,0.044,0.01,375,0
376,24.382,53.64,22,400,12694,19728,939.82,0.03,0.04,0.17,0.039,0.008,376,0
377,24.391,54,22,400,12695,19733,939.815,0.03,0.03,0.15,0.036,0.008,377,0
378,24.399,54.34,18,400,12698,19724,939.815,0.02,0.03,0.13,0.031,0.007,378,0
379,24.408,54.6,23,400,12695,19725,939.811,0.02,0.03,0.12,0.029,0.006,379,0
380,24.417,54.81,30,400,12694,19724,939.82,0.04,0.05,0.25,0.057,0.012,380,0
381,24.425,55.06,28,400,12697,19723,939.811,0.05,0.06,0.28,0.064,0.013,381,0
382,24.434,55.27,16,400,12705,19735,939.806,0.05,0.07,0.31,0.071,0.015,382,0
383,24.443,55.52,6,400,12702,19740,939.822,0.05,0.07,0.32,0.073,0.015,383,0
384,24.451,55.67,0,400,12710,19742,939.839,0.05,0.07,0.32,0.074,0.016,384,0
385,24.46,55.85,11,400,12703,19733,939.848,0.05,0.07,0.32,0.073,0.015,385,0
386,24.468,55.98,23,400,12698,19737,939.843,0.05,0.07,0.31,0.071,0.015,386,0
387,24.477,56.15,7,400,12711,19740,939.85,0.06,0.08,0.38,0.086,0.018,387,0
388,24.485,56.23,10,400,12702,19733,939.842,0.06,0.08,0.4,0.09,0.018,388,0
389,24.494,56.36,6,400,12712,19745,939.848,0.07,0.1,0.46,0.103,0.02,389,0
390,24.503,56.46,11,400,12712,19732,939.849,0.08,0.1,0.5,0.111,0.022,390,0
391,24.511,56.57,14,400,12706,19735,939.841,0.09,0.12,0.59,0.129,0.025,391,0
392,24.52,56.67,11,400,12712,19744,939.843,0.1,0.13,0.63,0.139,0.027,392,0
393,24.528,56.75,1,400,12707,19734,939.839,0.11,0.14,0.68,0.149,0.029,393,0
394,24.536,56.82,12,400,12707,19745,939.847,0.11,0.14,0.69,0.151,0.029,394,0
395,24.545,56.9,19,400,12714,19738,939.85,0.11,0.14,0.68,0.149,0.029,395,0
396,24.553,56.97,15,400,12709,19734,939.842,0.11,0.15,0.71,0.16,0.033,396,0
397,24.562,57.22,0,400,12725,19762,939.844,0.12,0.16,0.74,0.167,0.035,397,0
398,24.57,56.97,0,400,12738,19773,939.846,0.12,0.16,0.74,0.167,0.035,398,0
399,24.578,56.35,0,400,12734,19764,939.843,0.13,0.17,0.84,0.185,0.036,399,0
400,24.587,55.68,0,400,12732,19772,939.843,0.15,0.2,0.97,0.211,0.041,400,0
401,24.595,55,1,400,12731,19763,939.847,0.19,0.24,1.2,0.26,0.049,401,0
402,24.604,54.41,7,400,12729,19772,939.846,0.2,0.26,1.27,0.274,0.052,402,0
403,24.612,53.86,0,400,12737,19767,939.851,0.21,0.27,1.33,0.287,0.054,403,0
404,24.62,53.34,8,400,12726,19762,939.837,0.21,0.27,1.33,0.287,0.054,404,0
405,24.628,52.92,0,400,12725,19758,939.826,0.22,0.28,1.38,0.295,0.053,405,0
406,24.637,52.55,8,400,12729,19759,939.836,0.23,0.29,1.43,0.303,0.054,406,0
407,24.645,52.17,6,400,12728,19756,939.832,0.23,0.29,1.46,0.307,0.055,407,0
408,24.653,51.9,6,400,12734,19762,939.831,0.24,0.31,1.52,0.331,0.063,408,0
409,24.661,51.64,1,400,12733,19769,939.838,0.24,0.31,1.53,0.332,0.063,409,0
410,24.67,51.38,13,400,12729,19755,939.837,0.25,0.32,1.59,0.341,0.064,410,0
411,24.678,51.15,7,400,12733,19766,939.825,0.25,0.32,1.58,0.34,0.063,411,0
412,24.686,50.98,12,400,12732,19765,939.834,0.24,0.31,1.53,0.329,0.061,412,0
413,24.694,50.83,12,400,12735,19761,939.838,0.25,0.32,1.59,0.336,0.059,413,0
414,24.702,50.65,7,400,12734,19756,939.83,0.26,0.33,1.68,0.35,0.06,414,0
415,24.71,50.49,7,400,12729,19750,939.833,0.27,0.34,1.71,0.356,0.061,415,0
416,24.719,50.37,3,400,12734,19758,939.833,0.27,0.33,1.7,0.354,0.061,416,0
417,24.727,50.24,20,400,12729,19748,939.83,0.26,0.33,1.67,0.349,0.06,417,0
418,24.735,50.13,13,400,12735,19763,939.83,0.25,0.31,1.58,0.33,0.057,418,0
419,24.743,50.05,8,400,12730,19763,939.827,0.24,0.3,1.53,0.319,0.055,419,0
420,24.751,49.98,14,400,12729,19752,939.834,0.23,0.28,1.46,0.302,0.051,420,0
421,24.759,49.9,0,400,12736,19764,939.829,0.22,0.28,1.43,0.296,0.05,421,0
422,24.767,49.82,3,400,12737,19765,939.822,0.21,0.26,1.35,0.28,0.047,422,0
423,24.775,49.73,11,400,12734,19759,939.827,0.2,0.25,1.3,0.27,0.046,423,0
424,24.783,49.67,15,400,12739,19763,939.829,0.2,0.25,1.28,0.264,0.044,424,0
425,24.791,49.59,13,400,12731,19758,939.836,0.2,0.24,1.26,0.259,0.043,425,0
426,24.799,49.53,10,400,12738,19755,939.838,0.19,0.24,1.22,0.252,0.042,426,0
427,24.807,49.37,40,400,12715,19729,939.842,0.18,0.22,1.14,0.234,0.039,427,0
428,24.815,49.64,44,400,12710,19727,939.842,0.17,0.21,1.09,0.225,0.037,428,0
429,24.823,50.15,36,400,12711,19725,939.839,0.16,0.19,0.99,0.204,0.034,429,0
430,24.831,50.81,29,400,12720,19731,939.844,0.15,0.18,0.94,0.194,0.032,430,0
431,24.839,51.38,43,400,12714,19731,939.837,0.15,0.18,0.93,0.189,0.03,431,0
432,24.847,51.89,33,400,12722,19737,939.852,0.14,0.18,0.91,0.185,0.03,432,0
433,24.854,52.44,33,400,12722,19737,939.844,0.13,0.17,0.86,0.175,0.028,433,0
434,24.862,52.9,26,400,12721,19739,939.848,0.13,0.16,0.83,0.168,0.027,434,0
435,24.87,53.26,30,400,12724,19739,939.84,0.12,0.15,0.76,0.154,0.025,435,0
436,24.878,53.68,14,400,12723,19740,939.834,0.11,0.14,0.72,0.147,0.024,436,0
437,24.886,54.05,23,400,12723,19741,939.819,0.1,0.12,0.65,0.132,0.021,437,0
438,24.894,54.33,17,400,12726,19748,939.827,0.1,0.12,0.61,0.125,0.02,438,0
439,24.901,54.6,12,400,12735,19752,939.831,0.09,0.11,0.59,0.12,0.019,439,0
440,24.909,54.84,24,400,12727,19748,939.831,0.09,0.11,0.6,0.121,0.019,440,0
441,24.917,55.1,13,400,12731,19754,939.84,0.1,0.12,0.64,0.128,0.02,441,0
442,24.925,55.32,13,400,12735,19756,939.836,0.1,0.13,0.66,0.133,0.021,442,0
443,24.932,55.48,23,400,12736,19754,939.842,0.11,0.13,0.68,0.137,0.021,443,0
444,24.94,55.67,11,400,12734,19755,939.85,0.11,0.13,0.68,0.137,0.021,444,0
445,24.948,55.85,11,400,12738,19757,939.832,0.1,0.13,0.66,0.132,0.021,445,0
446,24.956,56,11,400,12741,19757,939.83,0.1,0.12,0.64,0.129,0.02,446,0
447,24.963,56.15,8,400,12740,19749,939.835,0.19,0.23,1.23,0.241,0.035,447,0
448,24.971,56.29,12,400,12737,19750,939.842,0.25,0.31,1.65,0.323,0.047,448,0
449,24.979,56.38,18,400,12738,19755,939.839,0.28,0.33,1.8,0.349,0.049,449,0
450,24.986,56.46,13,400,12747,19764,939.824,0.29,0.35,1.9,0.369,0.051,450,0
451,24.994,56.61,16,400,12745,19760,939.83,0.3,0.36,1.95,0.377,0.052,451,0
452,25.001,56.66,14,400,12743,19754,939.834,0.3,0.36,1.97,0.381,0.052,452,0
453,25.009,56.76,6,400,12741,19756,939.815,0.3,0.36,1.95,0.377,0.052,453,0
454,25.016,56.85,8,400,12745,19758,939.818,0.29,0.34,1.87,0.361,0.05,454,0
455,25.024,56.91,4,400,12744,19766,939.824,0.29,0.34,1.86,0.356,0.047,455,0
456,25.032,57,7,400,12743,19752,939.841,0.28,0.33,1.8,0.343,0.045,456,0
457,25.039,57.22,0,400,12759,19771,939.833,0.28,0.32,1.8,0.342,0.044,457,0
458,25.047,56.93,0,400,12777,19795,939.818,0.27,0.32,1.8,0.339,0.042,458,0
459,25.054,55.72,0,400,12771,19795,939.821,0.27,0.32,1.77,0.334,0.042,459,0
460,25.062,55.07,0,400,12766,19779,939.817,0.27,0.32,1.78,0.334,0.041,460,0
461,25.069,54.47,0,400,12770,19790,939.818,0.27,0.31,1.75,0.33,0.041,461,0
462,25.077,53.91,9,400,12768,19784,939.841,0.25,0.3,1.67,0.314,0.039,462,0
463,25.084,53.42,5,400,12773,19784,939.839,0.25,0.29,1.62,0.304,0.038,463,0
464,25.091,52.94,0,400,12774,19797,939.843,0.23,0.27,1.49,0.28,0.035,464,0
465,25.099,52.56,7,400,12770,19784,939.835,0.22,0.25,1.42,0.268,0.033,465,0
466,25.106,52.26,6,400,12764,19784,939.829,0.2,0.23,1.29,0.242,0.03,466,0
467,25.114,51.95,9,400,12768,19786,939.829,0.19,0.22,1.22,0.229,0.028,467,0
468,25.121,51.68,13,400,12761,19780,939.82,0.17,0.19,1.08,0.204,0.025,468,0
469,25.128,51.44,10,400,12766,19776,939.817,0.16,0.18,1.02,0.191,0.024,469,0
470,25.136,51.23,13,400,12766,19781,939.818,0.15,0.18,0.98,0.184,0.023,470,0
471,25.143,51.03,4,400,12772,19778,939.835,0.15,0.17,0.96,0.179,0.022,471,0
472,25.15,50.85,11,400,12766,19774,939.838,0.14,0.16,0.89,0.167,0.02,472,0
473,25.158,50.57,16,400,12764,19777,939.824,0.12,0.15,0.82,0.153,0.019,473,0
474,25.165,50.45,12,400,12769,19779,939.827,0.11,0.13,0.74,0.138,0.017,474,0
475,25.172,50.31,5,400,12769,19775,939.831,0.11,0.12,0.7,0.131,0.016,475,0
476,25.179,50.19,9,400,12772,19786,939.834,0.11,0.13,0.71,0.132,0.016,476,0
477,25.187,50.11,4,400,12769,19782,939.834,0.11,0.12,0.7,0.131,0.016,477,0
478,25.194,50.02,8,400,12777,19790,939.828,0.1,0.12,0.67,0.126,0.015,478,0
479,25.201,49.93,11,400,12773,19779,939.828,0.1,0.12,0.65,0.122,0.015,479,0
480,25.208,49.84,0,400,12771,19783,939.83,0.13,0.15,0.86,0.159,0.019,480,0
481,25.215,49.77,11,400,12772,19778,939.825,0.15,0.17,0.97,0.179,0.021,481,0
482,25.223,49.64,9,400,12779,19792,939.812,0.17,0.19,1.1,0.204,0.024,482,0
483,25.23,49.62,3,400,12780,19794,939.827,0.18,0.18,1.21,0.188,0.004,483,0
484,25.237,49.44,27,400,12759,19763,939.826,0.18,0.19,1.26,0.197,0.004,484,0
485,25.244,49.74,38,400,12754,19752,939.843,0.2,0.21,1.36,0.213,0.005,485,0
486,25.251,50.26,37,400,12757,19752,939.841,0.25,0.26,1.72,0.268,0.006,486,0
487,25.258,50.89,32,400,12753,19755,939.83,0.26,0.27,1.81,0.282,0.006,487,0
488,25.265,51.46,37,400,12757,19759,939.835,0.27,0.28,1.89,0.294,0.007,488,0
489,25.272,51.99,37,400,12754,19756,939.828,0.27,0.28,1.89,0.294,0.007,489,0
490,25.279,52.52,32,400,12760,19763,939.834,0.28,0.29,1.93,0.3,0.007,490,0
491,25.286,52.98,29,400,12764,19758,939.83,0.28,0.29,1.91,0.298,0.007,491,0
492,25.293,53.44,27,400,12766,19762,939.814,0.27,0.28,1.84,0.287,0.006,492,0
493,25.3,53.81,18,400,12766,19769,939.821,0.26,0.27,1.79,0.279,0.006,493,0
494,25.307,54.17,17,400,12774,19773,939.817,0.25,0.26,1.75,0.273,0.006,494,0
495,25.314,54.46,22,400,12772,19760,939.817,0.25,0.26,1.71,0.267,0.006,495,0
496,25.321,54.76,19,400,12779,19779,939.815,0.25,0.26,1.7,0.265,0.006,496,0
497,25.328,55.01,11,400,12776,19772,939.815,0.24,0.25,1.67,0.261,0.006,497,0
498,25.335,55.23,21,400,12779,19773,939.835,0.24,0.25,1.67,0.261,0.006,498,0
3178,9.381,56.86,11,400,13347,20160,939.575,1.78,1.85,12.25,1.911,0.043,3178,1
3179,9.368,58.6,0,400,13385,20202,939.574,1.8,1.87,12.41,1.935,0.044,3179,1
3180,9.356,60.38,0,400,13388,20248,938.858,1.94,2.01,13.32,2.077,0.047,3180,1
3181,9.343,62.22,0,400,13443,20315,939.044,2,2.08,13.75,2.145,0.048,3181,1
3182,9.331,63.11,0,400,13457,20348,939.193,2.07,2.15,14.24,2.22,0.05,3182,1
3183,9.318,63.67,0,400,13464,20369,939.303,2.1,2.19,14.48,2.258,0.051,3183,1
3184,9.306,64.11,0,400,13474,20406,939.39,2.15,2.23,14.8,2.308,0.052,3184,1
3185,9.293,63.8,0,400,13477,20430,939.459,27.42,28.49,188.7,29.426,0.665,3185,1
3186,9.281,63.18,0,400,13466,20427,939.509,21.32,22.15,146.76,22.885,0.517,3186,1
3187,9.268,62.53,0,400,13456,20434,939.566,14.74,15.32,101.46,15.822,0.357,3187,1
3188,9.256,61.88,0,400,13449,20438,939.6,7.21,7.49,49.61,7.737,0.175,3188,1
3189,9.243,61.29,0,400,13447,20435,939.626,4.86,5.05,33.42,5.212,0.118,3189,1
3190,9.231,60.8,0,400,13438,20429,939.648,3.88,4.03,26.7,4.163,0.094,3190,1
3191,9.218,60.45,0,400,13438,20435,939.661,2.98,3.09,20.48,3.194,0.072,3191,1
3192,9.206,60.13,0,400,13427,20436,939.665,2.38,2.47,16.36,2.551,0.058,3192,1
3193,9.193,59.85,0,400,13427,20431,939.676,2.89,3.01,19.91,3.104,0.07,3193,1
3194,9.181,59.62,0,400,13423,20429,939.681,2.81,2.92,19.33,3.014,0.068,3194,1
3195,9.168,59.42,0,400,13418,20420,939.686,2.87,2.98,19.73,3.076,0.069,3195,1
3196,9.156,59.28,0,400,13413,20421,939.684,2.67,2.77,18.37,2.865,0.065,3196,1
3197,9.143,59.14,0,400,13416,20418,939.68,2.27,2.36,15.64,2.438,0.055,3197,1
3198,9.131,59,0,400,13405,20407,939.688,2.1,2.18,14.47,2.256,0.051,3198,1
3199,9.118,58.93,0,400,13401,20405,939.693,2.07,2.16,14.28,2.227,0.05,3199,1
3200,9.106,58.85,0,400,13390,20391,939.689,2.15,2.24,14.82,2.31,0.052,3200,1
3201,9.093,58.73,0,400,13381,20387,939.688,2.31,2.4,15.89,2.477,0.056,3201,1
3202,9.081,58.68,0,400,13381,20378,939.688,2.36,2.46,16.27,2.537,0.057,3202,1
3203,9.068,58.61,0,400,13374,20376,939.678,2.43,2.52,16.69,2.603,0.059,3203,1
3204,9.056,58.6,0,400,13367,20367,939.68,2.44,2.54,16.82,2.623,0.059,3204,1
3205,9.043,58.51,0,400,13359,20355,939.684,2.45,2.55,16.87,2.631,0.059,3205,1
3206,9.031,58.48,0,400,13362,20359,939.691,2.46,2.55,16.92,2.639,0.06,3206,1
3207,9.018,58.44,0,400,13362,20349,939.678,2.5,2.6,17.23,2.687,0.061,3207,1
3208,9.006,58.4,0,400,13350,20337,939.683,2.54,2.64,17.46,2.723,0.062,3208,1
3209,8.993,58.39,0,400,13350,20339,939.685,2.57,2.67,17.68,2.757,0.062,3209,1
3210,8.981,58.36,0,400,13340,20329,939.695,2.57,2.67,17.71,2.761,0.062,3210,1
3211,8.968,58.31,0,400,13337,20310,939.692,2.58,2.68,17.76,2.769,0.063,3211,1
3212,8.956,58.25,0,400,13338,20309,939.698,2.61,2.71,17.94,2.798,0.063,3212,1
3213,8.943,58.24,0,400,13327,20301,939.709,2.63,2.73,18.08,2.819,0.064,3213,1
3214,8.931,58.15,0,400,13314,20274,939.707,2.63,2.73,18.09,2.821,0.064,3214,1
3215,8.918,58.71,0,400,13299,20262,939.695,2.62,2.72,18.01,2.808,0.063,3215,1
3216,8.906,59.62,0,400,13303,20261,939.691,2.57,2.68,17.72,2.763,0.062,3216,1
3217,8.893,60.46,0,400,13299,20256,939.683,2.57,2.67,17.68,2.758,0.062,3217,1
3218,8.881,61.21,0,400,13300,20259,939.677,2.56,2.66,17.64,2.751,0.062,3218,1
3219,8.868,61.84,0,400,13300,20249,939.687,2.54,2.64,17.5,2.729,0.062,3219,1
3220,8.856,62.41,0,400,13299,20244,939.687,2.5,2.6,17.23,2.686,0.061,3220,1
3221,8.843,62.92,0,400,13288,20236,939.69,2.5,2.6,17.2,2.682,0.061,3221,1
3222,8.831,63.36,0,400,13286,20223,939.697,2.49,2.58,17.11,2.668,0.06,3222,1
3223,8.818,63.69,10,400,13278,20214,939.698,2.48,2.57,17.05,2.659,0.06,3223,1
3224,8.806,63.99,11,400,13275,20212,939.714,2.44,2.54,16.83,2.624,0.059,3224,1
3225,8.793,64.29,14,400,13276,20206,939.708,2.43,2.52,16.72,2.608,0.059,3225,1
3226,8.781,64.52,9,400,13279,20209,939.696,2.43,2.52,16.71,2.606,0.059,3226,1
3227,8.768,64.75,22,400,13272,20196,939.697,2.44,2.53,16.79,2.619,0.059,3227,1
3228,8.756,64.93,16,400,13273,20201,939.703,2.52,2.62,17.35,2.705,0.061,3228,1
3229,8.743,65.11,25,400,13271,20188,939.704,2.54,2.64,17.51,2.73,0.062,3229,1
3230,8.731,65.28,33,400,13263,20177,939.707,2.56,2.66,17.63,2.749,0.062,3230,1
3231,8.718,65.4,39,400,13257,20177,939.696,2.56,2.66,17.62,2.747,0.062,3231,1
3232,8.706,65.52,47,400,13259,20174,939.695,2.57,2.67,17.69,2.758,0.062,3232,1
3233,8.693,65.61,54,400,13257,20167,939.694,2.58,2.68,17.77,2.772,0.063,3233,1
3234,8.681,65.74,48,400,13262,20165,939.692,2.59,2.69,17.79,2.774,0.063,3234,1
3235,8.668,65.81,54,400,13256,20157,939.69,2.61,2.71,17.95,2.8,0.063,3235,1
3236,8.656,65.91,59,400,13257,20163,939.692,2.6,2.7,17.91,2.793,0.063,3236,1
3237,8.643,65.95,75,400,13248,20139,939.694,2.58,2.69,17.79,2.774,0.063,3237,1
3238,8.631,66.04,77,400,13247,20142,939.696,2.59,2.7,17.86,2.785,0.063,3238,1
3239,8.618,66.09,76,400,13246,20148,939.701,2.6,2.7,17.89,2.789,0.063,3239,1
3240,8.606,66.15,80,400,13243,20136,939.699,2.61,2.71,17.96,2.801,0.063,3240,1
3241,8.593,66.21,86,400,13244,20133,939.7,2.63,2.73,18.09,2.82,0.064,3241,1
3242,8.581,66.25,87,400,13242,20130,939.694,2.65,2.75,18.25,2.845,0.064,3242,1
3243,8.568,66.33,86,400,13235,20129,939.69,2.72,2.83,18.74,2.923,0.066,3243,1
3244,8.556,66.44,77,400,13251,20139,939.687,2.75,2.86,18.94,2.953,0.067,3244,1
3245,8.543,65.81,72,400,13255,20147,939.683,2.76,2.86,18.98,2.959,0.067,3245,1
3246,8.531,64.88,86,400,13243,20120,939.686,2.76,2.87,19.02,2.965,0.067,3246,1
3247,8.518,63.96,94,400,13243,20127,939.695,2.75,2.86,18.92,2.951,0.067,3247,1
3248,8.506,63.13,97,400,13238,20121,939.691,2.74,2.85,18.86,2.941,0.066,3248,1
3249,8.493,62.48,94,400,13240,20114,939.691,2.67,2.78,18.4,2.869,0.065,3249,1
3250,8.481,61.87,106,400,13240,20110,939.683,2.63,2.73,18.09,2.82,0.064,3250,1
3251,8.468,61.35,98,400,13237,20111,939.676,2.57,2.67,17.7,2.76,0.062,3251,1
3252,8.456,60.91,117,400,13233,20103,939.682,2.54,2.64,17.5,2.729,0.062,3252,1
3253,8.443,60.54,111,400,13232,20109,939.683,2.54,2.64,17.46,2.723,0.062,3253,1
3254,8.431,60.22,124,400,13225,20096,939.683,2.49,2.59,17.16,2.676,0.06,3254,1
3255,8.418,59.93,129,400,13224,20084,939.68,2.47,2.57,17.03,2.655,0.06,3255,1
3256,8.406,59.71,133,400,13223,20085,939.689,2.44,2.53,16.78,2.617,0.059,3256,1
3257,8.393,59.52,139,400,13220,20087,939.701,2.44,2.53,16.77,2.616,0.059,3257,1
3258,8.381,59.32,134,400,13220,20074,939.699,2.46,2.56,16.95,2.643,0.06,3258,1
3259,8.368,59.11,138,400,13218,20084,939.694,2.49,2.59,17.17,2.677,0.06,3259,1
3260,8.356,58.94,142,400,13218,20081,939.698,2.58,2.68,17.75,2.768,0.063,3260,1
3261,8.343,58.83,141,400,13221,20071,939.706,2.58,2.68,17.75,2.769,0.063,3261,1
3262,8.331,58.72,144,400,13215,20077,939.707,2.54,2.63,17.45,2.722,0.061,3262,1
3263,8.318,58.58,152,400,13209,20060,939.7,2.51,2.61,17.29,2.696,0.061,3263,1
3264,8.306,58.45,144,400,13211,20069,939.705,2.44,2.54,16.8,2.62,0.059,3264,1
3265,8.293,58.34,160,400,13206,20047,939.707,2.41,2.5,16.56,2.582,0.058,3265,1
3266,8.281,58.22,155,400,13212,20057,939.708,2.31,2.4,15.93,2.484,0.056,3266,1
3267,8.268,58.14,157,400,13209,20056,939.693,2.28,2.37,15.67,2.443,0.055,3267,1
3268,8.256,58.04,157,400,13207,20051,939.684,2.25,2.34,15.5,2.418,0.055,3268,1
3269,8.243,57.97,166,400,13210,20061,939.683,2.23,2.32,15.37,2.396,0.054,3269,1
3270,8.231,57.9,170,400,13207,20050,939.684,2.19,2.28,15.07,2.35,0.053,3270,1
3271,8.218,57.79,168,400,13201,20044,939.682,2.19,2.28,15.07,2.35,0.053,3271,1
3272,8.206,57.73,171,400,13207,20051,939.68,2.2,2.28,15.12,2.358,0.053,3272,1
3273,8.193,57.66,186,400,13199,20031,939.675,2.22,2.31,15.31,2.387,0.054,3273,1
3274,8.181,57.48,191,400,13180,20013,939.689,2.24,2.33,15.42,2.405,0.054,3274,1
3275,8.168,58.07,202,400,13188,20014,939.689,2.25,2.34,15.48,2.414,0.055,3275,1
3276,8.156,58.92,200,400,13177,20018,939.694,2.24,2.32,15.4,2.402,0.054,3276,1
3277,8.143,59.72,202,400,13179,20011,939.692,2.23,2.31,15.33,2.39,0.054,3277,1
3278,8.131,60.38,203,400,13179,20012,939.701,2.22,2.31,15.28,2.382,0.054,3278,1
3279,8.118,61,192,400,13184,20016,939.703,2.18,2.27,15.01,2.34,0.053,3279,1
3280,8.106,61.52,193,400,13184,20019,939.701,2.18,2.26,14.97,2.335,0.053,3280,1
3281,8.093,61.95,202,400,13180,20013,939.694,2.16,2.24,14.85,2.315,0.052,3281,1
3282,8.081,62.33,193,400,13190,20019,939.686,2.15,2.23,14.8,2.308,0.052,3282,1
3283,8.068,62.67,199,400,13185,20023,939.681,2.14,2.23,14.74,2.299,0.052,3283,1
3284,8.056,62.93,195,400,13186,20013,939.693,2.13,2.21,14.63,2.281,0.052,3284,1
3285,8.043,63.18,200,400,13184,20013,939.697,2.12,2.2,14.59,2.275,0.051,3285,1
3286,8.031,63.36,198,400,13185,20013,939.698,2.14,2.22,14.73,2.298,0.052,3286,1
3287,8.018,63.53,213,400,13185,20005,939.704,2.21,2.29,15.19,2.369,0.054,3287,1
3288,8.006,63.69,203,400,13180,20010,939.7,2.24,2.32,15.39,2.399,0.054,3288,1
3289,7.993,63.83,204,400,13181,20014,939.7,2.3,2.39,15.81,2.465,0.056,3289,1
3290,7.981,63.92,205,400,13184,20015,939.703,2.32,2.41,15.98,2.491,0.056,3290,1
3291,7.968,64.05,198,400,13193,20015,939.692,2.39,2.48,16.43,2.562,0.058,3291,1
3292,7.956,64.13,200,400,13185,20011,939.692,2.41,2.5,16.56,2.582,0.058,3292,1
3293,7.943,64.21,204,400,13189,20016,939.704,2.41,2.5,16.59,2.588,0.058,3293,1
3294,7.931,64.28,205,400,13180,20011,939.707,2.36,2.46,16.28,2.538,0.057,3294,1
3295,7.918,64.34,205,400,13184,20013,939.696,2.32,2.41,15.98,2.491,0.056,3295,1
3296,7.906,64.44,214,400,13182,19999,939.69,2.26,2.35,15.57,2.428,0.055,3296,1
3297,7.893,64.44,212,400,13178,20003,939.7,2.27,2.36,15.65,2.44,0.055,3297,1
3298,7.881,64.53,213,400,13181,20006,939.708,2.31,2.4,15.92,2.483,0.056,3298,1
3299,7.869,64.51,215,400,13178,19996,939.709,2.32,2.41,15.97,2.49,0.056,3299,1
3300,7.856,64.52,213,400,13182,20003,939.685,2.31,2.4,15.87,2.475,0.056,3300,1
3301,7.844,64.57,213,400,13174,19990,939.687,2.31,2.4,15.91,2.48,0.056,3301,1
3302,7.831,64.62,208,400,13174,20008,939.696,2.34,2.43,16.07,2.507,0.057,3302,1
3303,7.819,64.65,223,400,13176,19989,939.691,2.33,2.42,16.05,2.503,0.057,3303,1
3304,7.806,64.77,202,400,13188,20014,939.695,2.36,2.45,16.24,2.533,0.057,3304,1
3305,7.794,64.09,198,400,13196,20025,939.7,2.37,2.46,16.31,2.544,0.057,3305,1
3306,7.781,63.2,203,400,13189,20013,939.702,2.35,2.45,16.2,2.526,0.057,3306,1
3307,7.769,62.3,203,400,13189,20009,939.708,2.32,2.41,15.95,2.487,0.056,3307,1
3308,7.756,61.45,210,400,13188,20008,939.699,2.26,2.35,15.57,2.428,0.055,3308,1
3309,7.744,60.79,203,400,13188,20016,939.709,2.26,2.34,15.52,2.421,0.055,3309,1
3310,7.731,60.23,206,400,13180,20008,939.707,2.23,2.32,15.36,2.395,0.054,3310,1
3311,7.719,59.71,216,400,13184,20004,939.69,2.22,2.31,15.3,2.386,0.054,3311,1
3312,7.706,59.25,212,400,13184,19998,939.686,2.22,2.31,15.31,2.387,0.054,3312,1
3313,7.694,58.87,224,400,13178,19995,939.701,2.22,2.31,15.31,2.387,0.054,3313,1
3314,7.681,58.52,215,400,13178,19997,939.695,2.23,2.32,15.36,2.395,0.054,3314,1
3315,7.669,58.27,223,400,13178,20000,939.695,2.24,2.33,15.44,2.408,0.054,3315,1
3316,7.656,58.02,228,400,13174,19992,939.688,2.26,2.35,15.57,2.428,0.055,3316,1
3317,7.644,57.76,230,400,13173,19991,939.686,2.34,2.43,16.12,2.514,0.057,3317,1
3318,7.631,57.63,218,400,13180,19992,939.679,2.35,2.45,16.21,2.527,0.057,3318,1
3319,7.619,57.46,228,400,13175,19984,939.664,2.44,2.54,16.82,2.624,0.059,3319,1
3320,7.607,57.26,235,400,13172,19983,939.679,2.47,2.57,16.99,2.65,0.06,3320,1
3321,7.594,57.15,226,400,13174,19990,939.674,2.5,2.6,17.2,2.683,0.061,3321,1
3322,7.582,56.99,226,400,13176,19982,939.665,2.53,2.63,17.4,2.713,0.061,3322,1
3323,7.569,56.82,226,400,13171,19982,939.672,2.54,2.64,17.49,2.727,0.062,3323,1
3324,7.557,56.75,229,400,13165,19989,939.671,2.54,2.64,17.46,2.723,0.062,3324,1
3325,7.544,56.63,240,400,13162,19972,939.682,2.51,2.61,17.28,2.694,0.061,3325,1
3326,7.532,56.55,240,400,13165,19974,939.687,2.5,2.59,17.18,2.679,0.061,3326,1
3327,7.519,56.46,238,400,13164,19981,939.692,2.47,2.56,16.98,2.648,0.06,3327,1
3328,7.507,56.34,230,400,13167,19981,939.688,2.42,2.52,16.68,2.601,0.059,3328,1
3329,7.494,56.24,229,400,13169,19981,939.687,2.42,2.51,16.66,2.598,0.059,3329,1
3330,7.482,56.21,238,400,13161,19968,939.682,2.41,2.5,16.58,2.586,0.058,3330,1
3331,7.469,56.12,237,400,13170,19977,939.669,2.4,2.49,16.5,2.573,0.058,3331,1
3332,7.457,56.04,237,400,13167,19984,939.654,2.41,2.5,16.58,2.585,0.058,3332,1
3333,7.444,55.95,232,400,13162,19974,939.666,2.4,2.49,16.52,2.576,0.058,3333,1
3334,7.432,55.83,261,400,13138,19948,939.652,2.36,2.45,16.26,2.536,0.057,3334,1
3335,7.42,56.37,259,400,13146,19950,939.651,2.35,2.44,16.18,2.523,0.057,3335,1
3336,7.407,57.19,266,400,13146,19953,939.665,2.3,2.39,15.85,2.471,0.056,3336,1
3337,7.395,58.03,264,400,13147,19952,939.667,2.25,2.34,15.52,2.42,0.055,3337,1
3338,7.382,58.74,265,400,13150,19948,939.675,2.18,2.27,15.03,2.344,0.053,3338,1
3339,7.37,59.32,260,400,13150,19954,939.675,2.17,2.26,14.96,2.333,0.053,3339,1
3340,7.357,59.84,258,400,13149,19954,939.672,2.15,2.23,14.77,2.303,0.052,3340,1
3341,7.345,60.28,249,400,13151,19952,939.669,2.12,2.2,14.61,2.278,0.051,3341,1
3342,7.332,60.65,262,400,13152,19956,939.673,2.07,2.15,14.26,2.223,0.05,3342,1
3343,7.32,60.95,260,400,13152,19961,939.67,2.05,2.13,14.12,2.202,0.05,3343,1
3344,7.307,61.19,255,400,13153,19961,939.675,2.03,2.11,13.95,2.175,0.049,3344,1
3345,7.295,61.43,261,400,13146,19954,939.677,2.02,2.1,13.91,2.169,0.049,3345,1
3346,7.283,61.65,265,400,13153,19950,939.68,2,2.07,13.74,2.143,0.048,3346,1
3347,7.27,61.8,257,400,13151,19957,939.677,1.97,2.04,13.53,2.11,0.048,3347,1
3348,7.258,61.94,259,400,13153,19957,939.664,1.9,1.97,13.07,2.039,0.046,3348,1
3349,7.245,62.09,266,400,13146,19951,939.664,1.86,1.93,12.79,1.995,0.045,3349,1
3350,7.233,62.17,257,400,13148,19964,939.666,1.82,1.89,12.5,1.95,0.044,3350,1
3351,7.22,62.28,262,400,13148,19955,939.666,1.81,1.88,12.46,1.943,0.044,3351,1
3352,7.208,62.35,265,400,13149,19947,939.666,1.83,1.91,12.62,1.968,0.044,3352,1
3353,7.195,62.46,265,400,13145,19947,939.667,1.85,1.92,12.74,1.987,0.045,3353,1
3354,7.183,62.53,256,400,13144,19941,939.67,1.88,1.96,12.97,2.022,0.046,3354,1
3355,7.171,62.59,264,400,13148,19943,939.677,1.93,2.01,13.31,2.076,0.047,3355,1
3356,7.158,62.62,261,400,13145,19950,939.665,1.94,2.01,13.34,2.081,0.047,3356,1
3357,7.146,62.68,262,400,13141,19945,939.675,1.92,1.99,13.21,2.059,0.047,3357,1
3358,7.133,62.75,255,400,13147,19949,939.676,1.91,1.99,13.16,2.053,0.046,3358,1
3359,7.121,62.8,268,400,13142,19947,939.679,1.89,1.96,13.01,2.028,0.046,3359,1
3360,7.108,62.79,267,400,13146,19949,939.698,1.86,1.93,12.81,1.998,0.045,3360,1
3361,7.096,62.86,271,400,13144,19933,939.692,1.84,1.91,12.64,1.971,0.045,3361,1
3362,7.083,62.89,265,400,13148,19940,939.689,1.82,1.89,12.49,1.948,0.044,3362,1
3363,7.071,62.89,272,400,13148,19938,939.696,1.79,1.86,12.29,1.917,0.043,3363,1
3364,7.059,63.02,238,400,13167,19974,939.683,1.75,1.82,12.04,1.878,0.042,3364,1
3365,7.046,62.4,244,400,13165,19976,939.687,1.68,1.74,11.53,1.798,0.041,3365,1
3366,7.034,61.5,252,400,13163,19970,939.685,1.64,1.7,11.28,1.758,0.04,3366,1
3367,7.021,60.58,264,400,13157,19962,939.683,1.64,1.7,11.26,1.756,0.04,3367,1
3368,7.009,59.82,256,400,13156,19962,939.667,1.65,1.71,11.33,1.767,0.04,3368,1
3369,6.996,59.08,256,400,13156,19957,939.668,1.68,1.75,11.59,1.807,0.041,3369,1
3370,6.984,58.53,256,400,13160,19957,939.675,1.68,1.74,11.56,1.802,0.041,3370,1
3371,6.971,58.01,256,400,13159,19964,939.68,1.72,1.78,11.82,1.843,0.042,3371,1
3372,6.959,57.58,255,400,13148,19956,939.68,1.75,1.82,12.06,1.88,0.042,3372,1
3373,6.947,57.26,265,400,13147,19955,939.67,1.78,1.85,12.26,1.913,0.043,3373,1
3374,6.934,56.85,261,400,13144,19943,939.656,1.78,1.85,12.26,1.912,0.043,3374,1
3375,6.922,56.61,266,400,13142,19949,939.665,1.79,1.86,12.34,1.924,0.043,3375,1
3376,6.909,56.35,262,400,13149,19943,939.662,1.79,1.85,12.29,1.916,0.043,3376,1
3377,6.897,56.16,265,400,13144,19954,939.669,1.76,1.83,12.09,1.886,0.043,3377,1
3378,6.884,55.99,273,400,13149,19945,939.664,1.72,1.78,11.8,1.841,0.042,3378,1
3379,6.872,55.8,263,400,13146,19945,939.658,1.69,1.75,11.6,1.809,0.041,3379,1
3380,6.86,55.69,269,400,13142,19940,939.659,1.64,1.7,11.27,1.757,0.04,3380,1
3381,6.847,55.57,269,400,13137,19933,939.66,1.63,1.69,11.23,1.751,0.04,3381,1
3382,6.835,55.42,265,400,13147,19950,939.654,1.63,1.7,11.23,1.752,0.04,3382,1
3383,6.822,55.31,277,400,13145,19934,939.651,1.67,1.73,11.48,1.79,0.04,3383,1
3384,6.81,55.21,271,400,13144,19945,939.655,1.72,1.79,11.84,1.846,0.042,3384,1
3385,6.798,55.1,268,400,13149,19950,939.647,1.75,1.82,12.07,1.883,0.043,3385,1
3386,6.785,55.01,276,400,13141,19941,939.655,1.79,1.86,12.32,1.921,0.043,3386,1
3387,6.773,54.93,272,400,13152,19953,939.656,1.79,1.86,12.35,1.926,0.043,3387,1
3388,6.76,54.84,271,400,13143,19946,939.659,1.85,1.93,12.76,1.99,0.045,3388,1
3389,6.748,54.78,273,400,13147,19946,939.668,1.87,1.94,12.84,2.003,0.045,3389,1
3390,6.735,54.65,274,400,13138,19942,939.666,1.88,1.95,12.93,2.017,0.046,3390,1
3391,6.723,54.65,280,400,13139,19942,939.666,1.87,1.94,12.85,2.004,0.045,3391,1
3392,6.711,54.53,274,400,13136,19937,939.655,1.87,1.94,12.84,2.003,0.045,3392,1
3393,6.698,54.48,275,400,13143,19940,939.667,1.85,1.92,12.7,1.981,0.045,3393,1
3394,6.686,54.34,299,400,13122,19914,939.665,1.82,1.89,12.52,1.953,0.044,3394,1
3395,6.673,54.9,306,400,13124,19910,939.665,1.81,1.88,12.47,1.945,0.044,3395,1
3396,6.661,55.72,311,400,13122,19902,939.661,1.8,1.87,12.36,1.927,0.044,3396,1
3397,6.649,56.49,305,400,13120,19904,939.673,1.77,1.84,12.17,1.897,0.043,3397,1
3398,6.636,57.21,303,400,13118,19902,939.676,1.75,1.82,12.05,1.879,0.042,3398,1
3399,6.624,57.82,297,400,13125,19915,939.677,1.76,1.83,12.12,1.89,0.043,3399,1
3400,6.611,58.35,308,400,13121,19906,939.672,1.77,1.83,12.16,1.895,0.043,3400,1
3401,6.599,58.74,293,400,13124,19912,939.672,1.76,1.83,12.12,1.889,0.043,3401,1
3402,6.587,59.15,306,400,13127,19919,939.662,1.77,1.83,12.15,1.894,0.043,3402,1
3403,6.574,59.42,286,400,13130,19924,939.665,1.74,1.81,12,1.871,0.042,3403,1
3404,6.562,59.72,292,400,13130,19915,939.651,1.74,1.8,11.94,1.863,0.042,3404,1
3405,6.549,59.94,300,400,13133,19918,939.67,1.72,1.78,11.82,1.843,0.042,3405,1
3406,6.537,60.12,296,400,13131,19920,939.663,1.69,1.76,11.65,1.816,0.041,3406,1
3407,6.525,60.28,296,400,13134,19925,939.665,1.68,1.74,11.54,1.8,0.041,3407,1
3408,6.512,60.43,285,400,13137,19929,939.656,1.67,1.73,11.48,1.791,0.04,3408,1
3409,6.5,60.56,294,400,13129,19915,939.658,1.64,1.7,11.26,1.756,0.04,3409,1
3410,6.487,60.67,278,400,13131,19927,939.66,1.61,1.67,11.07,1.726,0.039,3410,1
3411,6.475,60.74,285,400,13135,19923,939.664,1.54,1.6,10.57,1.648,0.037,3411,1
3412,6.463,60.86,290,400,13127,19920,939.67,1.51,1.57,10.38,1.619,0.037,3412,1
3413,6.45,60.94,287,400,13132,19926,939.672,1.47,1.52,10.08,1.572,0.036,3413,1
3414,6.438,61.03,286,400,13134,19926,939.672,1.46,1.52,10.04,1.566,0.035,3414,1
3415,6.425,61.06,281,400,13130,19921,939.668,1.51,1.57,10.37,1.617,0.037,3415,1
3416,6.413,61.11,293,400,13131,19919,939.668,1.53,1.59,10.53,1.642,0.037,3416,1
3417,6.401,61.17,281,400,13135,19932,939.665,1.55,1.61,10.66,1.662,0.038,3417,1
3418,6.388,61.18,286,400,13131,19926,939.68,1.59,1.65,10.92,1.704,0.038,3418,1
3419,6.376,61.25,293,400,13127,19924,939.677,1.59,1.65,10.91,1.701,0.038,3419,1
3420,6.363,61.33,297,400,13126,19910,939.673,1.58,1.64,10.86,1.693,0.038,3420,1
3421,6.351,61.34,291,400,13130,19924,939.673,1.56,1.62,10.73,1.673,0.038,3421,1
3422,6.339,61.38,286,400,13130,19927,939.663,1.59,1.66,10.97,1.711,0.039,3422,1
3423,6.326,61.42,286,400,13131,19929,939.67,1.64,1.7,11.27,1.757,0.04,3423,1
3424,6.314,61.52,267,400,13148,19949,939.669,1.69,1.76,11.66,1.819,0.041,3424,1
3425,6.302,60.94,265,400,13147,19948,939.674,1.74,1.81,11.99,1.87,0.042,3425,1
3426,6.289,60.01,262,400,13148,19950,939.684,1.8,1.87,12.37,1.929,0.044,3426,1
3427,6.277,59.08,259,400,13146,19947,939.687,1.82,1.9,12.56,1.958,0.044,3427,1
3428,6.264,58.34,274,400,13150,19948,939.686,1.85,1.93,12.76,1.99,0.045,3428,1
3429,6.252,57.64,279,400,13138,19934,939.677,1.87,1.94,12.85,2.003,0.045,3429,1
3430,6.24,57.06,280,400,13136,19927,939.683,1.93,2,13.27,2.069,0.047,3430,1
3431,6.227,56.55,289,400,13131,19932,939.676,1.94,2.02,13.38,2.086,0.047,3431,1
3432,6.215,56.16,278,400,13138,19933,939.675,1.96,2.04,13.51,2.107,0.048,3432,1
3433,6.203,55.83,280,400,13128,19920,939.679,1.97,2.04,13.53,2.11,0.048,3433,1
3434,6.19,55.54,290,400,13132,19921,939.677,1.95,2.03,13.42,2.093,0.047,3434,1
3435,6.178,55.32,289,400,13132,19924,939.674,1.94,2.02,13.36,2.083,0.047,3435,1
3436,6.165,55.05,294,400,13136,19917,939.675,1.95,2.03,13.42,2.093,0.047,3436,1
3437,6.153,54.88,286,400,13131,19920,939.686,1.94,2.02,13.37,2.085,0.047,3437,1
3438,6.141,54.7,292,400,13133,19926,939.683,1.95,2.02,13.39,2.089,0.047,3438,1
3439,6.128,54.56,293,400,13136,19922,939.692,1.94,2.01,13.34,2.08,0.047,3439,1
3440,6.116,54.38,292,400,13133,19930,939.696,1.94,2.01,13.33,2.078,0.047,3440,1
3441,6.104,54.26,296,400,13134,19923,939.692,1.89,1.97,13.03,2.031,0.046,3441,1
3442,6.091,54.17,296,400,13137,19925,939.682,1.85,1.92,12.73,1.985,0.045,3442,1
3443,6.079,54.04,294,400,13129,19921,939.676,1.77,1.84,12.17,1.898,0.043,3443,1
3444,6.067,53.97,295,400,13136,19918,939.686,1.72,1.79,11.86,1.85,0.042,3444,1
3445,6.054,53.88,284,400,13133,19931,939.678,1.63,1.69,11.19,1.745,0.039,3445,1
3446,6.042,53.81,292,400,13133,19918,939.682,1.59,1.65,10.93,1.704,0.038,3446,1
3447,6.029,53.74,297,400,13129,19920,939.684,1.5,1.56,10.33,1.612,0.036,3447,1
3448,6.017,53.6,294,400,13127,19915,939.685,1.48,1.54,10.17,1.586,0.036,3448,1
3449,6.005,53.56,300,400,13125,19916,939.684,1.44,1.49,9.9,1.543,0.035,3449,1
3450,5.992,53.5,291,400,13126,19918,939.686,1.41,1.47,9.72,1.516,0.034,3450,1
3451,5.98,53.43,297,400,13124,19918,939.685,1.38,1.44,9.53,1.486,0.034,3451,1
3452,5.968,53.4,306,400,13127,19908,939.696,1.36,1.42,9.39,1.464,0.033,3452,1
3453,5.955,53.31,298,400,13126,19918,939.699,1.33,1.38,9.16,1.428,0.032,3453,1
3454,5.943,53.22,313,400,13113,19896,939.696,1.32,1.37,9.07,1.414,0.032,3454,1
3455,5.931,53.74,320,400,13108,19886,939.679,1.31,1.36,9.01,1.404,0.032,3455,1
3456,5.918,54.55,318,400,13107,19893,939.687,1.3,1.35,8.93,1.392,0.031,3456,1
3457,5.906,55.29,311,400,13109,19889,939.697,1.24,1.29,8.56,1.335,0.03,3457,1
3458,5.894,55.97,323,400,13107,19891,939.702,1.21,1.26,8.36,1.303,0.029,3458,1
3459,5.881,56.56,318,400,13117,19899,939.706,1.18,1.22,8.11,1.264,0.029,3459,1
3460,5.869,57.09,319,400,13110,19894,939.703,1.13,1.18,7.8,1.216,0.027,3460,1
3461,5.857,57.54,313,400,13122,19904,939.699,1.13,1.17,7.77,1.212,0.027,3461,1
3462,5.844,57.85,316,400,13119,19902,939.698,1.11,1.15,7.62,1.188,0.027,3462,1
3463,5.832,58.21,318,400,13113,19899,939.698,1.11,1.16,7.65,1.193,0.027,3463,1
3464,5.82,58.44,317,400,13115,19911,939.7,1.12,1.17,7.72,1.204,0.027,3464,1
3465,5.807,58.72,317,400,13117,19899,939.709,1.13,1.17,7.76,1.21,0.027,3465,1
3466,5.795,58.92,313,400,13115,19897,939.707,1.16,1.21,7.98,1.245,0.028,3466,1
3467,5.783,59.07,306,400,13121,19903,939.701,1.18,1.23,8.15,1.27,0.029,3467,1
3468,5.77,59.23,319,400,13121,19908,939.703,1.21,1.25,8.29,1.293,0.029,3468,1
3469,5.758,59.33,314,400,13116,19905,939.695,1.2,1.25,8.25,1.287,0.029,3469,1
3470,5.746,59.43,308,400,13119,19902,939.684,1.17,1.22,8.05,1.255,0.028,3470,1
3471,5.733,59.57,310,400,13117,19904,939.69,1.16,1.2,7.96,1.241,0.028,3471,1
3472,5.721,59.65,310,400,13113,19895,939.682,1.11,1.16,7.66,1.194,0.027,3472,1
3473,5.709,59.73,308,400,13121,19902,939.686,1.11,1.15,7.62,1.188,0.027,3473,1
3474,5.696,59.83,318,400,13115,19891,939.691,1.16,1.21,8.01,1.249,0.028,3474,1
3475,5.684,59.88,316,400,13120,19899,939.682,1.2,1.24,8.23,1.283,0.029,3475,1
3476,5.672,59.93,308,400,13119,19898,939.694,1.25,1.3,8.61,1.343,0.03,3476,1
3477,5.66,59.98,310,400,13119,19900,939.689,1.27,1.32,8.77,1.367,0.031,3477,1
3478,5.647,60.06,302,400,13117,19909,939.692,1.33,1.38,9.13,1.423,0.032,3478,1
3479,5.635,60.07,311,400,13119,19908,939.692,1.35,1.4,9.28,1.446,0.033,3479,1
3480,5.623,60.11,314,400,13115,19894,939.694,1.35,1.4,9.3,1.45,0.033,3480,1
3481,5.61,60.18,309,400,13116,19905,939.685,1.35,1.4,9.27,1.446,0.033,3481,1
3482,5.598,60.2,316,400,13115,19903,939.678,1.35,1.4,9.28,1.447,0.033,3482,1
3483,5.586,60.23,316,400,13115,19898,939.673,1.35,1.4,9.27,1.445,0.033,3483,1
3484,5.573,60.36,293,400,13136,19922,939.669,1.37,1.42,9.4,1.466,0.033,3484,1
3485,5.561,59.72,283,400,13138,19923,939.672,1.38,1.43,9.48,1.478,0.033,3485,1
3486,5.549,58.81,288,400,13135,19923,939.67,1.37,1.43,9.44,1.473,0.033,3486,1
3487,5.536,57.96,294,400,13136,19923,939.672,1.33,1.39,9.18,1.431,0.032,3487,1
3488,5.524,57.2,292,400,13125,19920,939.676,1.31,1.36,9.02,1.407,0.032,3488,1
3489,5.512,56.49,300,400,13127,19914,939.68,1.28,1.32,8.78,1.369,0.031,3489,1
3490,5.5,55.95,293,400,13127,19914,939.679,1.25,1.3,8.63,1.346,0.03,3490,1
3491,5.487,55.5,303,400,13128,19914,939.67,1.25,1.29,8.57,1.337,0.03,3491,1
3492,5.475,55.15,288,400,13131,19919,939.685,1.25,1.29,8.57,1.336,0.03,3492,1
3493,5.463,54.8,296,400,13129,19911,939.685,1.25,1.3,8.61,1.342,0.03,3493,1
3494,5.45,54.47,306,400,13125,19908,939.673,1.26,1.31,8.7,1.356,0.031,3494,1
3495,5.438,54.25,302,400,13127,19912,939.671,1.32,1.37,9.05,1.412,0.032,3495,1
3496,5.426,54.04,302,400,13125,19913,939.675,1.32,1.37,9.1,1.419,0.032,3496,1
3497,5.414,53.89,299,400,13125,19917,939.673,1.33,1.38,9.14,1.426,0.032,3497,1
3498,5.401,53.72,299,400,13131,19913,939.672,1.32,1.37,9.1,1.419,0.032,3498,1
3499,5.389,53.55,296,400,13118,19911,939.677,1.31,1.36,9.03,1.407,0.032,3499,1
3500,5.377,53.45,299,400,13121,19912,939.674,1.31,1.36,8.99,1.402,0.032,3500,1
3501,5.364,53.32,296,400,13126,19912,939.658,1.3,1.35,8.92,1.391,0.031,3501,1
3502,5.352,53.19,301,400,13124,19908,939.656,1.28,1.33,8.82,1.375,0.031,3502,1
3503,5.34,53.12,304,400,13123,19908,939.652,1.3,1.35,8.92,1.391,0.031,3503,1
3504,5.328,53.03,307,400,13122,19906,939.66,1.29,1.34,8.88,1.385,0.031,3504,1
3505,5.315,52.94,302,400,13123,19913,939.672,1.28,1.33,8.81,1.374,0.031,3505,1
3506,5.303,52.83,306,400,13119,19917,939.671,1.28,1.33,8.79,1.37,0.031,3506,1
3507,5.291,52.75,303,400,13115,19903,939.676,1.27,1.32,8.73,1.361,0.031,3507,1
3508,5.279,52.71,303,400,13122,19909,939.668,1.24,1.29,8.54,1.332,0.03,3508,1
3509,5.266,52.65,313,400,13120,19909,939.674,1.24,1.29,8.52,1.329,0.03,3509,1
3510,5.254,52.54,302,400,13123,19908,939.668,1.23,1.28,8.49,1.324,0.03,3510,1
3511,5.242,52.56,311,400,13123,19903,939.668,1.23,1.27,8.43,1.315,0.03,3511,1
3512,5.23,52.46,308,400,13119,19903,939.662,1.21,1.25,8.31,1.296,0.029,3512,1
3513,5.217,52.4,310,400,13123,19903,939.664,1.2,1.25,8.29,1.293,0.029,3513,1
3514,5.205,52.32,332,400,13101,19883,939.671,1.19,1.24,8.22,1.282,0.029,3514,1
3515,5.193,52.84,324,400,13102,19875,939.669,1.19,1.23,8.17,1.275,0.029,3515,1
3516,5.181,53.63,336,400,13104,19883,939.659,1.15,1.2,7.93,1.236,0.028,3516,1
3517,5.168,54.35,335,400,13098,19875,939.653,1.15,1.19,7.9,1.231,0.028,3517,1
3518,5.156,55.02,335,400,13101,19881,939.663,1.12,1.16,7.68,1.198,0.027,3518,1
3519,5.144,55.61,333,400,13103,19881,939.675,1.11,1.16,7.67,1.196,0.027,3519,1
3520,5.132,56.11,321,400,13106,19892,939.671,1.13,1.18,7.79,1.215,0.027,3520,1
3521,5.119,56.5,326,400,13107,19885,939.674,1.16,1.21,8.02,1.25,0.028,3521,1
3522,5.107,56.9,328,400,13112,19881,939.677,1.17,1.21,8.03,1.253,0.028,3522,1
3523,5.095,57.17,332,400,13108,19879,939.685,1.17,1.21,8.03,1.252,0.028,3523,1
3524,5.083,57.44,321,400,13109,19889,939.684,1.2,1.25,8.26,1.289,0.029,3524,1
3525,5.07,57.67,321,400,13113,19892,939.703,1.26,1.31,8.7,1.357,0.031,3525,1
3526,5.058,57.89,330,400,13103,19884,939.696,1.31,1.36,9.01,1.405,0.032,3526,1
3527,5.046,58.03,327,400,13109,19888,939.686,1.34,1.39,9.21,1.437,0.032,3527,1
3528,5.034,58.2,330,400,13110,19891,939.69,1.33,1.38,9.15,1.427,0.032,3528,1
3529,5.021,58.35,326,400,13106,19886,939.681,1.32,1.37,9.08,1.416,0.032,3529,1
3530,5.009,58.45,325,400,13114,19895,939.673,1.33,1.39,9.18,1.432,0.032,3530,1
3531,4.997,58.54,324,400,13106,19887,939.67,1.35,1.41,9.31,1.452,0.033,3531,1
3532,4.985,58.64,318,400,13112,19895,939.672,1.37,1.43,9.45,1.473,0.033,3532,1
3533,4.972,58.74,332,400,13116,19894,939.673,1.42,1.47,9.76,1.522,0.034,3533,1
3534,4.96,58.82,317,400,13113,19898,939.676,1.43,1.48,9.83,1.532,0.035,3534,1
3535,4.948,58.88,323,400,13105,19888,939.68,1.42,1.48,9.79,1.527,0.034,3535,1
3536,4.936,58.94,321,400,13113,19886,939.698,1.43,1.48,9.82,1.531,0.035,3536,1
3537,4.924,58.98,319,400,13109,19889,939.705,1.45,1.5,9.95,1.552,0.035,3537,1
3538,4.911,59.08,320,400,13109,19891,939.697,1.45,1.51,10,1.56,0.035,3538,1
3539,4.899,59.1,327,400,13112,19886,939.693,1.44,1.5,9.94,1.551,0.035,3539,1
3540,4.887,59.13,320,400,13107,19884,939.677,1.45,1.51,10,1.56,0.035,3540,1
3541,4.875,59.22,324,400,13105,19890,939.681,1.46,1.52,10.06,1.568,0.035,3541,1
3542,4.863,59.23,315,400,13117,19894,939.689,1.49,1.55,10.28,1.603,0.036,3542,1
3543,4.85,59.24,329,400,13105,19887,939.701,1.51,1.57,10.38,1.619,0.037,3543,1
3544,4.838,59.37,305,400,13127,19911,939.708,1.53,1.59,10.54,1.643,0.037,3544,1
3545,4.826,58.73,298,400,13133,19923,939.709,1.54,1.6,10.58,1.65,0.037,3545,1
3546,4.814,57.83,301,400,13128,19917,939.709,1.55,1.61,10.64,1.659,0.037,3546,1
3547,4.802,56.99,303,400,13127,19911,939.722,1.55,1.61,10.66,1.662,0.038,3547,1
3548,4.789,56.19,308,400,13122,19903,939.708,1.55,1.61,10.65,1.661,0.038,3548,1
3549,4.777,55.57,314,400,13116,19902,939.703,1.53,1.59,10.55,1.645,0.037,3549,1
3550,4.765,55.04,320,400,13121,19899,939.699,1.51,1.57,10.39,1.62,0.037,3550,1
3551,4.753,54.58,311,400,13122,19905,939.695,1.5,1.56,10.33,1.61,0.036,3551,1
3552,4.741,54.19,326,400,13114,19901,939.686,1.49,1.54,10.23,1.596,0.036,3552,1
3553,4.728,53.89,317,400,13117,19892,939.672,1.47,1.53,10.15,1.583,0.036,3553,1
3554,4.716,53.59,313,400,13116,19902,939.687,1.46,1.51,10.03,1.563,0.035,3554,1
3555,4.704,53.38,327,400,13113,19883,939.69,1.46,1.51,10.04,1.565,0.035,3555,1
3556,4.692,53.17,321,400,13113,19894,939.685,1.45,1.51,10,1.56,0.035,3556,1
3557,4.68,53.01,317,400,13113,19895,939.685,1.45,1.5,9.97,1.555,0.035,3557,1
3558,4.667,52.88,318,400,13110,19887,939.675,1.4,1.46,9.64,1.504,0.034,3558,1
3559,4.655,52.73,323,400,13113,19886,939.684,1.37,1.42,9.44,1.471,0.033,3559,1
3560,4.643,52.62,314,400,13117,19897,939.682,1.33,1.38,9.15,1.428,0.032,3560,1
3561,4.631,52.54,322,400,13117,19892,939.685,1.3,1.35,8.97,1.398,0.032,3561,1
3562,4.619,52.41,320,400,13118,19892,939.678,1.29,1.34,8.88,1.384,0.031,3562,1
3563,4.607,52.28,314,400,13112,19899,939.681,1.28,1.33,8.78,1.369,0.031,3563,1
3564,4.594,52.19,309,400,13112,19891,939.682,1.27,1.32,8.72,1.359,0.031,3564,1
3565,4.582,52.16,321,400,13114,19895,939.674,1.27,1.32,8.72,1.359,0.031,3565,1
3566,4.57,52.07,312,400,13119,19896,939.683,1.29,1.34,8.86,1.382,0.031,3566,1
3567,4.558,52,320,400,13110,19894,939.684,1.34,1.39,9.2,1.435,0.032,3567,1
3568,4.546,51.94,320,400,13109,19893,939.686,1.36,1.41,9.34,1.457,0.033,3568,1
3569,4.534,51.89,320,400,13113,19883,939.679,1.38,1.44,9.53,1.486,0.034,3569,1
3570,4.521,51.8,312,400,13111,19899,939.694,1.38,1.44,9.53,1.486,0.034,3570,1
3571,4.509,51.69,328,400,13116,19894,939.703,1.35,1.41,9.31,1.452,0.033,3571,1
3572,4.497,51.68,323,400,13112,19901,939.712,1.33,1.38,9.17,1.43,0.032,3572,1
3573,4.485,51.6,321,400,13112,19886,939.718,1.33,1.38,9.14,1.425,0.032,3573,1
3574,4.473,51.48,350,400,13092,19864,939.715,1.33,1.38,9.16,1.429,0.032,3574,1
3575,4.461,52.05,350,400,13091,19864,939.716,1.34,1.39,9.19,1.433,0.032,3575,1
3576,4.449,52.81,340,400,13096,19871,939.71,1.35,1.4,9.29,1.449,0.033,3576,1
3577,4.436,53.55,353,400,13097,19856,939.692,1.35,1.4,9.28,1.446,0.033,3577,1
3578,4.424,54.22,341,400,13098,19875,939.681,1.34,1.39,9.23,1.44,0.033,3578,1
3579,4.412,54.76,335,400,13098,19876,939.663,1.32,1.37,9.1,1.418,0.032,3579,1
3580,4.4,55.26,346,400,13095,19858,939.657,1.32,1.37,9.07,1.414,0.032,3580,1
3581,4.388,55.65,337,400,13098,19873,939.673,1.28,1.33,8.82,1.376,0.031,3581,1
3582,4.376,56.02,345,400,13095,19866,939.67,1.27,1.32,8.73,1.361,0.031,3582,1
3583,4.364,56.32,342,400,13096,19877,939.689,1.25,1.3,8.62,1.344,0.03,3583,1
3584,4.351,56.57,341,400,13106,19877,939.7,1.2,1.25,8.27,1.289,0.029,3584,1
3585,4.339,56.81,335,400,13102,19885,939.701,1.18,1.23,8.14,1.27,0.029,3585,1
3586,4.327,57.04,333,400,13106,19879,939.689,1.2,1.24,8.25,1.286,0.029,3586,1
3587,4.315,57.16,334,400,13102,19875,939.687,1.2,1.25,8.29,1.293,0.029,3587,1
3588,4.303,57.32,339,400,13104,19880,939.681,1.25,1.3,8.6,1.341,0.03,3588,1
3589,4.291,57.45,336,400,13104,19875,939.682,1.28,1.33,8.83,1.377,0.031,3589,1
3590,4.279,57.56,332,400,13100,19874,939.679,1.34,1.39,9.22,1.438,0.032,3590,1
3591,4.267,57.66,328,400,13105,19879,939.669,1.36,1.41,9.37,1.462,0.033,3591,1
3592,4.254,57.73,340,400,13100,19870,939.661,1.39,1.44,9.56,1.492,0.034,3592,1
3593,4.242,57.83,331,400,13100,19879,939.659,1.41,1.47,9.72,1.516,0.034,3593,1
3594,4.23,57.9,335,400,13099,19874,939.67,1.44,1.5,9.93,1.548,0.035,3594,1
3595,4.218,57.96,342,400,13100,19865,939.662,1.46,1.52,10.08,1.572,0.035,3595,1
3596,4.206,58.04,342,400,13100,19872,939.657,1.49,1.55,10.26,1.601,0.036,3596,1
3597,4.194,58.08,331,400,13107,19881,939.656,1.51,1.57,10.4,1.622,0.037,3597,1
3598,4.182,58.15,338,400,13094,19872,939.641,1.53,1.59,10.55,1.646,0.037,3598,1
3599,4.17,58.2,351,400,13102,19864,939.638,1.52,1.58,10.48,1.634,0.037,3599,1
3600,4.158,58.3,331,400,13100,19869,939.638,1.5,1.56,10.31,1.607,0.036,3600,1
3601,4.146,58.25,341,400,13095,19868,939.644,1.48,1.54,10.17,1.586,0.036,3601,1
3602,4.133,58.36,328,400,13104,19876,939.64,1.43,1.49,9.87,1.539,0.035,3602,1
3603,4.121,58.36,332,400,13104,19876,939.636,1.43,1.48,9.82,1.531,0.035,3603,1
3604,4.109,58.46,322,400,13109,19890,939.641,1.41,1.47,9.73,1.518,0.034,3604,1
3605,4.097,57.85,304,400,13124,19903,939.651,1.39,1.45,9.58,1.494,0.034,3605,1
3606,4.085,56.92,308,400,13117,19901,939.663,1.38,1.43,9.5,1.482,0.033,3606,1
3607,4.073,56.11,321,400,13119,19900,939.671,1.42,1.47,9.75,1.521,0.034,3607,1
3608,4.061,55.34,324,400,13120,19892,939.654,1.46,1.51,10.02,1.562,0.035,3608,1
3609,4.049,54.74,324,400,13115,19901,939.662,1.51,1.57,10.4,1.622,0.037,3609,1
3610,4.037,54.25,324,400,13114,19881,939.664,1.53,1.59,10.55,1.645,0.037,3610,1
3611,4.025,53.78,325,400,13112,19887,939.673,1.55,1.61,10.65,1.661,0.038,3611,1
3612,4.013,53.41,325,400,13110,19884,939.659,1.57,1.63,10.79,1.682,0.038,3612,1
3613,4.001,53.11,323,400,13110,19887,939.657,1.59,1.66,10.97,1.71,0.039,3613,1
3614,3.988,52.88,329,400,13108,19877,939.649,1.6,1.66,11.02,1.719,0.039,3614,1
3615,3.976,52.64,323,400,13107,19880,939.663,1.58,1.64,10.84,1.691,0.038,3615,1
3616,3.964,52.46,331,400,13113,19885,939.66,1.56,1.62,10.75,1.676,0.038,3616,1
3617,3.952,52.28,330,400,13112,19889,939.668,1.51,1.57,10.4,1.621,0.037,3617,1
3618,3.94,52.16,339,400,13105,19871,939.666,1.48,1.54,10.22,1.594,0.036,3618,1
3619,3.928,52,325,400,13111,19885,939.657,1.44,1.5,9.91,1.545,0.035,3619,1
3620,3.916,51.91,327,400,13105,19875,939.654,1.41,1.46,9.68,1.509,0.034,3620,1
3621,3.904,51.78,325,400,13107,19877,939.663,1.35,1.41,9.31,1.452,0.033,3621,1
3622,3.892,51.68,331,400,13109,19885,939.66,1.35,1.4,9.26,1.445,0.033,3622,1
3623,3.88,51.58,336,400,13109,19879,939.665,1.35,1.4,9.27,1.446,0.033,3623,1
3624,3.868,51.49,337,400,13104,19878,939.678,1.37,1.42,9.42,1.468,0.033,3624,1
3625,3.856,51.44,323,400,13107,19883,939.68,1.37,1.42,9.44,1.472,0.033,3625,1
3626,3.844,51.36,330,400,13108,19885,939.665,1.4,1.45,9.63,1.502,0.034,3626,1
3627,3.832,51.27,330,400,13108,19888,939.664,1.41,1.46,9.68,1.51,0.034,3627,1
3628,3.82,51.2,328,400,13106,19881,939.669,1.41,1.47,9.72,1.516,0.034,3628,1
3629,3.808,51.13,335,400,13108,19882,939.668,1.41,1.47,9.72,1.516,0.034,3629,1
3630,3.796,51.09,335,400,13105,19879,939.675,1.41,1.47,9.73,1.517,0.034,3630,1
3631,3.784,51.01,331,400,13109,19877,939.673,1.42,1.47,9.74,1.519,0.034,3631,1
3632,3.772,50.97,346,400,13100,19870,939.677,1.4,1.45,9.64,1.503,0.034,3632,1
3633,3.76,50.93,331,400,13110,19874,939.676,1.41,1.46,9.68,1.51,0.034,3633,1
3634,3.748,50.78,357,400,13088,19853,939.678,1.41,1.47,9.72,1.516,0.034,3634,1
3635,3.736,51.4,365,400,13088,19854,939.669,1.41,1.47,9.71,1.515,0.034,3635,1
3636,3.724,52.14,368,400,13088,19852,939.671,1.41,1.46,9.68,1.509,0.034,3636,1
3637,3.712,52.9,360,400,13091,19859,939.674,1.39,1.45,9.59,1.496,0.034,3637,1
3638,3.7,53.54,348,400,13092,19862,939.675,1.37,1.43,9.44,1.473,0.033,3638,1
3639,3.687,54.09,353,400,13095,19862,939.674,1.36,1.41,9.37,1.462,0.033,3639,1
3640,3.675,54.62,342,400,13095,19864,939.68,1.35,1.4,9.3,1.451,0.033,3640,1
3641,3.663,54.94,346,400,13096,19862,939.687,1.35,1.4,9.29,1.448,0.033,3641,1
3642,3.651,55.32,355,400,13097,19868,939.693,1.34,1.39,9.24,1.44,0.033,3642,1
3643,3.639,55.58,356,400,13090,19850,939.703,1.34,1.39,9.21,1.436,0.032,3643,1
3644,3.627,55.84,349,400,13099,19874,939.685,1.35,1.4,9.3,1.45,0.033,3644,1
3645,3.615,56.07,342,400,13098,19874,939.681,1.36,1.42,9.39,1.464,0.033,3645,1
3646,3.603,56.26,350,400,13097,19867,939.677,1.38,1.44,9.52,1.485,0.034,3646,1
3647,3.591,56.43,354,400,13095,19866,939.678,1.4,1.46,9.65,1.504,0.034,3647,1
3648,3.579,56.58,344,400,13094,19862,939.693,1.4,1.46,9.65,1.504,0.034,3648,1
3649,3.567,56.72,346,400,13103,19867,939.691,1.38,1.44,9.52,1.485,0.034,3649,1
3650,3.556,56.84,340,400,13101,19872,939.691,1.37,1.42,9.41,1.468,0.033,3650,1
3651,3.544,56.94,354,400,13102,19870,939.687,1.35,1.4,9.28,1.446,0.033,3651,1
3652,3.532,57.05,341,400,13098,19867,939.691,1.34,1.39,9.24,1.441,0.033,3652,1
3653,3.52,57.12,344,400,13103,19868,939.699,1.33,1.38,9.16,1.429,0.032,3653,1
3654,3.508,57.21,348,400,13098,19867,939.692,1.32,1.37,9.07,1.415,0.032,3654,1
3655,3.496,57.28,343,400,13102,19868,939.691,1.33,1.38,9.16,1.429,0.032,3655,1
3656,3.484,57.33,350,400,13100,19858,939.68,1.33,1.38,9.16,1.428,0.032,3656,1
3657,3.472,57.4,345,400,13101,19875,939.68,1.31,1.37,9.05,1.411,0.032,3657,1
3658,3.46,57.46,344,400,13101,19865,939.689,1.31,1.37,9.05,1.411,0.032,3658,1
3659,3.448,57.51,340,400,13105,19873,939.692,1.33,1.38,9.12,1.423,0.032,3659,1
3660,3.436,57.52,344,400,13102,19874,939.693,1.32,1.37,9.09,1.418,0.032,3660,1
3661,3.424,57.59,346,400,13104,19868,939.696,1.3,1.35,8.93,1.393,0.031,3661,1
3662,3.412,57.61,340,400,13100,19871,939.685,1.28,1.33,8.82,1.376,0.031,3662,1
3663,3.4,57.65,344,400,13102,19876,939.69,1.27,1.32,8.75,1.364,0.031,3663,1
3664,3.388,57.74,320,400,13117,19887,939.686,1.28,1.33,8.81,1.374,0.031,3664,1
3665,3.376,57.13,315,400,13121,19903,939.69,1.3,1.35,8.96,1.398,0.032,3665,1
3666,3.364,56.23,314,400,13118,19897,939.69,1.32,1.37,9.08,1.416,0.032,3666,1
3667,3.352,55.4,313,400,13124,19898,939.682,1.35,1.4,9.27,1.446,0.033,3667,1
3668,3.34,54.71,322,400,13116,19898,939.679,1.35,1.4,9.26,1.444,0.033,3668,1
3669,3.328,54.06,329,400,13119,19883,939.669,1.33,1.38,9.16,1.428,0.032,3669,1
3670,3.316,53.59,317,400,13129,19896,939.677,1.31,1.36,9,1.403,0.032,3670,1
3671,3.304,53.12,306,400,13141,19908,939.688,1.3,1.36,8.98,1.4,0.032,3671,1
3672,3.292,52.67,294,400,13141,19911,939.678,1.34,1.39,9.21,1.436,0.032,3672,1
3673,3.28,52.24,305,400,13138,19916,939.68,1.36,1.41,9.34,1.456,0.033,3673,1
3674,3.269,51.91,300,400,13142,19923,939.686,1.36,1.41,9.36,1.46,0.033,3674,1
3675,3.257,51.55,300,400,13138,19919,939.68,1.37,1.42,9.43,1.471,0.033,3675,1
3676,3.245,51.27,299,400,13133,19916,939.687,1.35,1.4,9.28,1.447,0.033,3676,1
3677,3.233,51.04,291,400,13146,19918,939.688,1.34,1.39,9.24,1.44,0.033,3677,1
3678,3.221,50.8,291,400,13147,19928,939.668,1.4,1.46,9.67,1.507,0.034,3678,1
3679,3.209,50.59,286,400,13147,19926,939.667,1.43,1.48,9.83,1.533,0.035,3679,1
3680,3.197,50.41,288,400,13137,19927,939.668,1.46,1.51,10.03,1.564,0.035,3680,1
3681,3.185,50.27,280,400,13138,19934,939.669,1.49,1.55,10.29,1.604,0.036,3681,1
3682,3.173,50.19,275,400,13141,19935,939.67,1.55,1.61,10.66,1.662,0.038,3682,1
3683,3.161,50.01,288,400,13136,19928,939.668,1.57,1.63,10.79,1.682,0.038,3683,1
3684,3.149,49.95,282,400,13133,19928,939.676,1.6,1.66,11.01,1.717,0.039,3684,1
3685,3.137,49.85,277,400,13130,19931,939.673,1.63,1.69,11.2,1.747,0.039,3685,1
3686,3.126,49.72,285,400,13131,19938,939.67,1.69,1.76,11.63,1.814,0.041,3686,1
3687,3.114,49.65,277,400,13129,19934,939.676,1.7,1.76,11.67,1.82,0.041,3687,1
3688,3.102,49.59,283,400,13127,19929,939.68,1.66,1.73,11.45,1.786,0.04,3688,1
3689,3.09,49.49,287,400,13127,19933,939.681,1.64,1.7,11.28,1.759,0.04,3689,1
3690,3.078,49.43,276,400,13138,19938,939.676,1.61,1.67,11.08,1.728,0.039,3690,1
3691,3.066,49.32,275,400,13136,19940,939.673,1.58,1.64,10.85,1.693,0.038,3691,1
3692,3.054,49.24,276,400,13133,19946,939.665,1.55,1.61,10.66,1.662,0.038,3692,1
3693,3.042,49.1,275,400,13133,19940,939.673,1.55,1.61,10.66,1.662,0.038,3693,1
3694,3.03,48.94,298,400,13116,19912,939.677,1.56,1.62,10.75,1.676,0.038,3694,1
3695,3.019,49.48,301,400,13117,19914,939.669,1.56,1.62,10.76,1.679,0.038,3695,1
3696,3.007,50.19,294,400,13119,19912,939.67,1.56,1.62,10.76,1.678,0.038,3696,1
3697,2.995,50.92,292,400,13125,19933,939.689,1.55,1.61,10.65,1.661,0.038,3697,1
3698,2.983,51.49,282,400,13131,19931,939.692,1.54,1.6,10.61,1.654,0.037,3698,1
3699,2.971,51.93,287,400,13131,19927,939.698,1.53,1.59,10.53,1.642,0.037,3699,1
3700,2.959,52.3,275,400,13130,19933,939.697,1.51,1.57,10.39,1.62,0.037,3700,1
3701,2.947,52.63,269,400,13134,19947,939.693,1.46,1.52,10.05,1.567,0.035,3701,1
3702,2.935,52.9,275,400,13140,19939,939.683,1.44,1.49,9.9,1.544,0.035,3702,1
3703,2.924,53.1,266,400,13136,19947,939.684,1.41,1.46,9.69,1.512,0.034,3703,1
3704,2.912,53.31,268,400,13142,19950,939.687,1.41,1.47,9.73,1.517,0.034,3704,1
3705,2.9,53.42,259,400,13139,19951,939.683,1.42,1.47,9.74,1.519,0.034,3705,1
3706,2.888,53.61,267,400,13133,19948,939.676,1.41,1.46,9.68,1.509,0.034,3706,1
3707,2.876,53.68,265,400,13134,19952,939.671,1.38,1.43,9.5,1.482,0.033,3707,1
3708,2.864,53.76,265,400,13146,19960,939.678,1.37,1.42,9.4,1.466,0.033,3708,1
3709,2.853,53.82,257,400,13146,19956,939.673,1.32,1.37,9.09,1.418,0.032,3709,1
3710,2.841,53.9,263,400,13133,19945,939.667,1.3,1.35,8.94,1.395,0.032,3710,1
3711,2.829,53.95,268,400,13139,19946,939.669,1.28,1.33,8.84,1.378,0.031,3711,1
3712,2.817,54.01,257,400,13140,19952,939.681,1.27,1.32,8.72,1.36,0.031,3712,1
3713,2.805,54.06,264,400,13140,19955,939.674,1.27,1.32,8.75,1.365,0.031,3713,1
3714,2.793,54.11,253,400,13140,19958,939.676,1.26,1.31,8.69,1.355,0.031,3714,1
3715,2.782,54.17,256,400,13140,19961,939.678,1.24,1.29,8.57,1.336,0.03,3715,1
3716,2.77,54.2,255,400,13143,19963,939.685,1.25,1.3,8.59,1.339,0.03,3716,1
3717,2.758,54.21,257,400,13144,19955,939.692,1.25,1.3,8.63,1.346,0.03,3717,1
3718,2.746,54.26,257,400,13140,19953,939.698,1.28,1.33,8.84,1.378,0.031,3718,1
3719,2.734,54.24,264,400,13143,19956,939.697,1.31,1.36,8.98,1.401,0.032,3719,1
3720,2.722,54.23,253,400,13148,19962,939.708,1.34,1.39,9.19,1.433,0.032,3720,1
3721,2.711,54.28,261,400,13145,19955,939.7,1.36,1.41,9.35,1.459,0.033,3721,1
3722,2.699,54.31,244,400,13146,19962,939.684,1.41,1.47,9.72,1.516,0.034,3722,1
3723,2.687,54.3,251,400,13147,19967,939.688,1.42,1.48,9.8,1.529,0.035,3723,1
3724,2.675,54.38,232,400,13162,19985,939.676,1.44,1.5,9.93,1.548,0.035,3724,1
3725,2.663,53.8,227,400,13169,19989,939.673,1.44,1.49,9.88,1.54,0.035,3725,1
3726,2.652,52.96,217,400,13175,19994,939.665,1.38,1.44,9.53,1.486,0.034,3726,1
3727,2.64,52.15,232,400,13157,19983,939.671,1.37,1.42,9.42,1.469,0.033,3727,1
3728,2.628,51.51,237,400,13151,19975,939.685,1.33,1.39,9.19,1.433,0.032,3728,1
3729,2.616,50.88,239,400,13154,19977,939.68,1.31,1.36,9.02,1.406,0.032,3729,1
3730,2.605,50.42,232,400,13161,19988,939.677,1.28,1.33,8.84,1.378,0.031,3730,1
3731,2.593,49.98,242,400,13153,19977,939.672,1.31,1.36,9.03,1.409,0.032,3731,1
3732,2.581,49.62,227,400,13158,19985,939.674,1.32,1.37,9.09,1.418,0.032,3732,1
3733,2.569,49.31,238,400,13160,19978,939.682,1.4,1.45,9.6,1.497,0.034,3733,1
3734,2.557,49.03,235,400,13157,19984,939.682,1.44,1.5,9.94,1.55,0.035,3734,1
3735,2.546,48.81,239,400,13165,19986,939.688,1.53,1.59,10.54,1.643,0.037,3735,1
3736,2.534,48.57,229,400,13161,19982,939.686,1.58,1.64,10.85,1.692,0.038,3736,1
3737,2.522,48.39,221,400,13166,19986,939.693,1.64,1.7,11.29,1.76,0.04,3737,1
3738,2.51,48.19,226,400,13164,19989,939.693,1.67,1.73,11.48,1.79,0.04,3738,1
3739,2.499,48.08,229,400,13162,19984,939.692,1.72,1.78,11.82,1.843,0.042,3739,1
3740,2.487,47.94,228,400,13166,19990,939.678,1.74,1.81,11.97,1.867,0.042,3740,1
3741,2.475,47.83,229,400,13158,19980,939.683,1.79,1.86,12.33,1.923,0.043,3741,1
3742,2.463,47.68,220,400,13161,19986,939.696,1.83,1.9,12.58,1.962,0.044,3742,1
3743,2.452,47.58,224,400,13159,19990,939.682,1.93,2,13.26,2.068,0.047,3743,1
3744,2.44,47.49,231,400,13160,19988,939.683,1.96,2.03,13.46,2.099,0.047,3744,1
3745,2.428,47.43,237,400,13152,19978,939.69,2.01,2.09,13.86,2.161,0.049,3745,1
3746,2.416,47.32,235,400,13153,19976,939.689,2.03,2.11,13.99,2.182,0.049,3746,1
3747,2.405,47.28,218,400,13168,20000,939.695,2.08,2.16,14.28,2.228,0.05,3747,1
3748,2.393,47.18,223,400,13167,19991,939.699,2.1,2.19,14.48,2.257,0.051,3748,1
3749,2.381,47.1,204,400,13173,20006,939.7,2.13,2.21,14.64,2.283,0.052,3749,1
3750,2.369,46.97,210,400,13173,19990,939.718,2.16,2.24,14.84,2.315,0.052,3750,1
3751,2.358,46.9,209,400,13180,20012,939.717,2.15,2.23,14.8,2.308,0.052,3751,1
3752,2.346,46.82,216,400,13175,20005,939.715,2.15,2.23,14.8,2.308,0.052,3752,1
3753,2.334,46.75,220,400,13177,20009,939.716,2.14,2.22,14.73,2.297,0.052,3753,1
3754,2.323,46.61,214,400,13169,19994,939.709,2.08,2.16,14.32,2.232,0.05,3754,1
3755,2.311,47.05,231,400,13165,19989,939.694,2.05,2.13,14.11,2.2,0.05,3755,1
3756,2.299,47.71,221,400,13168,19990,939.678,2.02,2.1,13.92,2.171,0.049,3756,1
3757,2.287,48.36,207,400,13167,20000,939.683,2.03,2.11,13.98,2.18,0.049,3757,1
3758,2.276,49,216,400,13163,19996,939.67,2.06,2.14,14.2,2.215,0.05,3758,1
3759,2.264,49.49,208,400,13172,20012,939.674,2.08,2.16,14.29,2.229,0.05,3759,1
3760,2.252,49.96,200,400,13174,20007,939.673,2.12,2.21,14.61,2.278,0.051,3760,1
3761,2.241,50.35,200,400,13170,20004,939.666,2.14,2.22,14.7,2.292,0.052,3761,1
3762,2.229,50.69,210,400,13172,20004,939.67,2.17,2.26,14.95,2.332,0.053,3762,1
3763,2.217,50.95,211,400,13175,20008,939.681,2.22,2.31,15.3,2.386,0.054,3763,1
3764,2.206,51.2,199,400,13174,20018,939.673,2.28,2.37,15.71,2.451,0.055,3764,1
3765,2.194,51.4,196,400,13184,20022,939.677,2.3,2.39,15.86,2.473,0.056,3765,1
3766,2.182,51.6,191,400,13183,20027,939.68,2.29,2.37,15.73,2.453,0.055,3766,1
3767,2.17,51.73,198,400,13181,20021,939.692,2.26,2.35,15.55,2.425,0.055,3767,1
3768,2.159,51.85,187,400,13190,20022,939.676,2.17,2.26,14.95,2.331,0.053,3768,1
3769,2.147,51.81,184,400,13190,20028,939.671,2.13,2.21,14.66,2.287,0.052,3769,1
3770,2.135,51.79,193,400,13189,20027,939.678,2.08,2.16,14.34,2.236,0.05,3770,1
3771,2.124,51.81,190,400,13192,20032,939.672,1.99,2.07,13.7,2.136,0.048,3771,1
3772,2.112,51.84,187,400,13187,20031,939.673,1.96,2.04,13.49,2.104,0.048,3772,1
3773,2.1,51.92,187,400,13188,20030,939.671,1.9,1.98,13.1,2.043,0.046,3773,1
3774,2.089,52.04,186,400,13192,20025,939.669,1.89,1.97,13.02,2.03,0.046,3774,1
3775,2.077,52.1,189,400,13195,20035,939.663,1.86,1.94,12.83,2.001,0.045,3775,1
3776,2.066,52.21,181,400,13192,20037,939.669,1.86,1.93,12.77,1.991,0.045,3776,1
3777,2.054,52.27,175,400,13195,20036,939.673,1.85,1.92,12.7,1.98,0.045,3777,1
3778,2.042,52.4,176,400,13198,20039,939.675,1.84,1.91,12.64,1.971,0.045,3778,1
3779,2.031,52.47,181,400,13201,20042,939.653,1.82,1.89,12.54,1.956,0.044,3779,1
3780,2.019,52.53,172,400,13205,20040,939.66,1.81,1.88,12.44,1.94,0.044,3780,1
3781,2.007,52.56,163,400,13202,20045,939.652,1.82,1.9,12.56,1.958,0.044,3781,1
3782,1.996,52.59,169,400,13205,20047,939.654,1.83,1.9,12.59,1.963,0.044,3782,1
3783,1.984,52.64,159,400,13210,20051,939.651,1.83,1.9,12.56,1.959,0.044,3783,1
3784,1.972,52.76,134,400,13230,20084,939.658,1.81,1.88,12.47,1.945,0.044,3784,1
3785,1.961,52.22,147,400,13224,20075,939.656,1.79,1.86,12.31,1.92,0.043,3785,1
3786,1.949,51.44,143,400,13230,20082,939.656,1.77,1.83,12.15,1.895,0.043,3786,1
3787,1.938,50.65,149,400,13221,20070,939.659,1.7,1.77,11.73,1.829,0.041,3787,1
3788,1.926,50.01,144,400,13225,20077,939.672,1.68,1.75,11.57,1.805,0.041,3788,1
3789,1.914,49.4,143,400,13219,20072,939.664,1.66,1.73,11.44,1.783,0.04,3789,1
3790,1.903,48.94,156,400,13214,20069,939.655,1.61,1.68,11.11,1.732,0.039,3790,1
3791,1.891,48.59,153,400,13218,20066,939.654,1.59,1.65,10.92,1.704,0.038,3791,1
3792,1.88,48.23,157,400,13220,20065,939.656,1.55,1.61,10.64,1.659,0.037,3792,1
3793,1.868,47.99,149,400,13220,20072,939.65,1.52,1.58,10.47,1.633,0.037,3793,1
3794,1.856,47.72,154,400,13213,20060,939.65,1.51,1.57,10.37,1.618,0.037,3794,1
3795,1.845,47.52,159,400,13217,20061,939.649,1.53,1.59,10.56,1.647,0.037,3795,1
3796,1.833,47.38,150,400,13216,20064,939.66,1.58,1.64,10.88,1.696,0.038,3796,1
3797,1.822,47.23,149,400,13216,20069,939.655,1.59,1.65,10.95,1.708,0.039,3797,1
3798,1.81,47.13,147,400,13219,20064,939.66,1.68,1.74,11.54,1.8,0.041,3798,1
3799,1.798,47.03,155,400,13216,20071,939.658,1.76,1.83,12.13,1.891,0.043,3799,1
3800,1.787,46.92,152,400,13214,20069,939.654,1.87,1.94,12.86,2.006,0.045,3800,1
3801,1.775,46.85,148,400,13217,20065,939.653,1.89,1.97,13.04,2.034,0.046,3801,1
3802,1.764,46.79,156,400,13216,20060,939.646,1.95,2.03,13.43,2.094,0.047,3802,1
3803,1.752,46.74,156,400,13218,20064,939.647,1.99,2.06,13.66,2.131,0.048,3803,1
3804,1.741,46.68,144,400,13221,20064,939.648,2.02,2.1,13.91,2.17,0.049,3804,1
3805,1.729,46.54,160,400,13213,20063,939.652,2.03,2.11,13.95,2.175,0.049,3805,1
3806,1.717,46.54,154,400,13216,20056,939.649,2,2.08,13.76,2.145,0.048,3806,1
3807,1.706,46.53,151,400,13218,20068,939.659,1.99,2.06,13.66,2.13,0.048,3807,1
3808,1.694,46.45,155,400,13211,20061,939.665,1.97,2.05,13.55,2.113,0.048,3808,1
3809,1.683,46.42,150,400,13212,20062,939.668,1.92,1.99,13.19,2.057,0.046,3809,1
3810,1.671,46.35,153,400,13209,20065,939.667,1.89,1.96,12.97,2.023,0.046,3810,1
3811,1.66,46.36,149,400,13216,20061,939.657,1.82,1.89,12.55,1.956,0.044,3811,1
3812,1.648,46.3,157,400,13214,20064,939.664,1.81,1.88,12.48,1.946,0.044,3812,1
3813,1.637,46.25,157,400,13211,20054,939.673,1.87,1.94,12.87,2.007,0.045,3813,1
3814,1.625,46.15,174,400,13200,20041,939.68,1.88,1.96,12.97,2.023,0.046,3814,1
3815,1.614,46.67,170,400,13194,20036,939.681,1.9,1.97,13.08,2.04,0.046,3815,1
3816,1.602,47.35,185,400,13199,20037,939.687,1.9,1.98,13.11,2.044,0.046,3816,1
3817,1.59,48.06,178,400,13205,20050,939.677,1.88,1.96,12.96,2.022,0.046,3817,1
3818,1.579,48.71,177,400,13207,20054,939.679,1.9,1.97,13.08,2.04,0.046,3818,1
3819,1.567,49.24,175,400,13204,20045,939.674,1.93,2,13.27,2.07,0.047,3819,1
3820,1.556,49.67,165,400,13203,20045,939.682,1.98,2.06,13.65,2.128,0.048,3820,1
3821,1.544,50.01,173,400,13204,20041,939.674,2.04,2.12,14.02,2.186,0.049,3821,1
3822,1.533,50.33,168,400,13207,20055,939.671,2.05,2.13,14.1,2.198,0.05,3822,1
3823,1.521,50.64,169,400,13209,20043,939.665,2.08,2.16,14.33,2.235,0.05,3823,1
3824,1.51,50.89,159,400,13209,20051,939.659,2.1,2.18,14.43,2.25,0.051,3824,1
3825,1.498,51.07,160,400,13208,20048,939.652,2.18,2.26,14.99,2.338,0.053,3825,1
3826,1.487,51.28,174,400,13207,20050,939.655,2.21,2.3,15.24,2.376,0.054,3826,1
3827,1.475,51.44,165,400,13212,20057,939.652,2.24,2.33,15.44,2.408,0.054,3827,1
3828,1.464,51.6,161,400,13213,20057,939.646,2.27,2.35,15.59,2.431,0.055,3828,1
3829,1.452,51.7,174,400,13210,20052,939.641,2.28,2.37,15.72,2.451,0.055,3829,1
3830,1.441,51.81,160,400,13212,20051,939.638,2.26,2.35,15.57,2.428,0.055,3830,1
3831,1.429,51.93,165,400,13208,20049,939.638,2.27,2.36,15.64,2.439,0.055,3831,1
3832,1.418,52,164,400,13213,20055,939.643,2.3,2.39,15.84,2.47,0.056,3832,1
3833,1.407,52.07,162,400,13210,20053,939.651,2.3,2.39,15.85,2.471,0.056,3833,1
3834,1.395,52.2,170,400,13200,20039,939.662,2.3,2.39,15.84,2.471,0.056,3834,1
3835,1.384,52.23,157,400,13213,20056,939.666,2.32,2.41,15.94,2.485,0.056,3835,1
3836,1.372,52.33,168,400,13212,20052,939.661,2.31,2.4,15.91,2.481,0.056,3836,1
3837,1.361,52.38,166,400,13211,20053,939.669,2.31,2.4,15.87,2.475,0.056,3837,1
3838,1.349,52.42,178,400,13209,20053,939.657,2.27,2.36,15.6,2.433,0.055,3838,1
3839,1.338,52.54,174,400,13205,20040,939.651,2.25,2.33,15.45,2.41,0.054,3839,1
3840,1.326,52.56,163,400,13211,20050,939.666,2.21,2.3,15.23,2.376,0.054,3840,1
3841,1.315,52.6,165,400,13207,20057,939.667,2.22,2.3,15.26,2.379,0.054,3841,1
3842,1.303,52.63,170,400,13208,20048,939.677,2.22,2.31,15.29,2.385,0.054,3842,1
3843,1.292,52.68,165,400,13213,20056,939.667,2.23,2.32,15.36,2.394,0.054,3843,1
3844,1.281,52.79,146,400,13227,20063,939.664,2.24,2.32,15.4,2.401,0.054,3844,1
3845,1.269,52.25,146,400,13227,20075,939.674,2.23,2.32,15.34,2.391,0.054,3845,1
3846,1.258,51.47,159,400,13221,20062,939.672,2.27,2.36,15.66,2.441,0.055,3846,1
3847,1.246,50.68,149,400,13221,20060,939.662,2.27,2.35,15.59,2.431,0.055,3847,1
3848,1.235,50.05,148,400,13223,20064,939.647,2.24,2.33,15.43,2.407,0.054,3848,1
3849,1.223,49.47,155,400,13221,20062,939.649,2.24,2.32,15.39,2.401,0.054,3849,1
3850,1.212,49.06,158,400,13218,20052,939.645,2.24,2.33,15.43,2.405,0.054,3850,1
3851,1.201,48.64,167,400,13213,20049,939.646,2.25,2.33,15.47,2.412,0.054,3851,1
3852,1.189,48.32,164,400,13215,20041,939.643,2.23,2.32,15.38,2.398,0.054,3852,1
3853,1.178,48.04,168,400,13218,20050,939.653,2.19,2.28,15.1,2.355,0.053,3853,1
3854,1.166,47.86,167,400,13208,20047,939.664,2.19,2.28,15.08,2.352,0.053,3854,1
3855,1.155,47.65,171,400,13210,20045,939.669,2.15,2.24,14.83,2.312,0.052,3855,1
3856,1.144,47.49,166,400,13212,20047,939.66,2.14,2.22,14.72,2.295,0.052,3856,1
3857,1.132,47.33,174,400,13210,20038,939.649,2.13,2.21,14.63,2.281,0.052,3857,1
3858,1.121,47.23,173,400,13209,20037,939.657,2.13,2.22,14.68,2.289,0.052,3858,1
3859,1.109,47.11,168,400,13213,20046,939.662,2.1,2.19,14.49,2.259,0.051,3859,1
3860,1.098,47.03,163,400,13214,20050,939.668,2.07,2.16,14.28,2.227,0.05,3860,1
3861,1.087,46.94,170,400,13214,20041,939.665,2.03,2.11,14.01,2.184,0.049,3861,1
3862,1.075,46.87,169,400,13213,20046,939.661,2.01,2.09,13.82,2.156,0.049,3862,1
3863,1.064,46.8,170,400,13212,20043,939.664,2.01,2.09,13.82,2.156,0.049,3863,1
3864,1.053,46.75,172,400,13209,20046,939.67,1.99,2.07,13.72,2.139,0.048,3864,1
3865,1.041,46.69,179,400,13208,20027,939.67,1.96,2.03,13.48,2.102,0.047,3865,1
3866,1.03,46.63,176,400,13209,20039,939.672,1.96,2.04,13.49,2.104,0.048,3866,1
3867,1.018,46.59,176,400,13206,20040,939.671,1.96,2.04,13.52,2.109,0.048,3867,1
3868,1.007,46.57,169,400,13209,20036,939.668,1.98,2.06,13.61,2.123,0.048,3868,1
3869,0.996,46.51,164,400,13216,20049,939.662,1.97,2.05,13.57,2.116,0.048,3869,1
3870,0.984,46.51,174,400,13210,20036,939.665,1.98,2.06,13.64,2.127,0.048,3870,1
3871,0.973,46.43,168,400,13214,20045,939.668,2.02,2.1,13.9,2.167,0.049,3871,1
3872,0.962,46.39,163,400,13217,20048,939.669,2.08,2.16,14.32,2.233,0.05,3872,1
3873,0.95,46.35,166,400,13216,20049,939.68,2.13,2.21,14.64,2.283,0.052,3873,1
3874,0.939,46.32,191,400,13193,20022,939.673,2.21,2.3,15.22,2.374,0.054,3874,1
3875,0.928,46.8,188,400,13191,20022,939.681,2.25,2.34,15.48,2.414,0.055,3875,1
3876,0.916,47.51,189,400,13195,20025,939.681,2.3,2.39,15.8,2.465,0.056,3876,1
3877,0.905,48.23,185,400,13200,20025,939.682,2.29,2.38,15.74,2.454,0.055,3877,1
3878,0.894,48.84,183,400,13202,20035,939.672,2.25,2.34,15.5,2.417,0.055,3878,1
22727,-20.693,53.45,1329,401,12971,19395,938.751,2.4,2.49,16.51,2.574,0.058,22727,1
22728,-20.699,53.55,1354,405,12965,19385,938.754,2.3,2.39,15.86,2.474,0.056,22728,1
22729,-20.706,53.6,1339,410,12966,19387,938.755,2.24,2.33,15.44,2.408,0.054,22729,1
22730,-20.712,53.64,1360,413,12963,19394,938.752,2.13,2.22,14.69,2.29,0.052,22730,1
22731,-20.718,53.75,1329,401,12972,19392,938.754,2.1,2.18,14.45,2.253,0.051,22731,1
22732,-20.724,53.81,1360,421,12968,19394,938.756,2.03,2.11,13.95,2.175,0.049,22732,1
22733,-20.731,53.87,1333,405,12965,19391,938.749,2,2.08,13.78,2.149,0.049,22733,1
22734,-20.737,53.92,1318,400,12973,19392,938.74,1.95,2.03,13.44,2.096,0.047,22734,1
22735,-20.743,53.95,1335,404,12965,19390,938.745,1.92,2,13.22,2.061,0.047,22735,1
22736,-20.749,54,1348,407,12965,19388,938.745,1.9,1.98,13.08,2.04,0.046,22736,1
22737,-20.756,54.05,1362,401,12967,19397,938.752,1.88,1.95,12.94,2.018,0.046,22737,1
22738,-20.762,54.12,1371,407,12967,19386,938.75,1.85,1.92,12.71,1.982,0.045,22738,1
22739,-20.768,54.14,1346,403,12971,19396,938.744,1.83,1.9,12.56,1.959,0.044,22739,1
22740,-20.774,54.21,1331,406,12969,19394,938.738,1.76,1.83,12.09,1.886,0.043,22740,1
22741,-20.78,54.21,1331,400,12978,19396,938.734,1.74,1.8,11.95,1.863,0.042,22741,1
22742,-20.786,53.48,1320,400,12981,19400,938.739,1.7,1.77,11.7,1.824,0.041,22742,1
22743,-20.793,52.52,1308,400,12979,19409,938.733,1.67,1.74,11.53,1.797,0.041,22743,1
22744,-20.799,51.72,1308,400,12973,19397,938.726,1.65,1.71,11.32,1.766,0.04,22744,1
22745,-20.805,51.01,1310,400,12974,19399,938.729,1.58,1.64,10.86,1.693,0.038,22745,1
22746,-20.811,50.44,1314,400,12972,19392,938.725,1.54,1.6,10.6,1.653,0.037,22746,1
22747,-20.817,50.03,1352,408,12970,19391,938.726,1.47,1.53,10.13,1.579,0.036,22747,1
22748,-20.823,49.72,1321,400,12975,19398,938.728,1.45,1.51,10.01,1.561,0.035,22748,1
22749,-20.829,49.37,1302,400,12972,19400,938.734,1.43,1.49,9.84,1.534,0.035,22749,1
22750,-20.835,49.12,1335,406,12966,19399,938.733,1.42,1.48,9.78,1.525,0.034,22750,1
22751,-20.841,48.98,1335,401,12969,19386,938.734,1.44,1.49,9.89,1.543,0.035,22751,1
22752,-20.847,48.79,1343,401,12973,19404,938.733,1.45,1.51,9.99,1.558,0.035,22752,1
22753,-20.853,48.65,1375,400,12970,19386,938.734,1.54,1.6,10.6,1.653,0.037,22753,1
22754,-20.859,48.55,1362,404,12966,19386,938.732,1.57,1.63,10.81,1.686,0.038,22754,1
22755,-20.865,48.43,1377,403,12962,19389,938.727,1.59,1.65,10.93,1.704,0.038,22755,1
